link_id,prcn_dt,tfvl,sped,ocpy_rate,trvl_hh,snapshot_stat_dt,snapshot_saved_at
4050175900,20260915232500,0,49,0,3,2026091523,2026-09-15 23:29:26
4050021604,20260915232500,0,43,0,36,2026091523,2026-09-15 23:29:26
4050021603,20260915232500,0,49,0,6,2026091523,2026-09-15 23:29:26
4050021602,20260915232500,0,49,0,5,2026091523,2026-09-15 23:29:26
4060013702,20260915232500,0,76,0,21,2026091523,2026-09-15 23:29:26
4050076000,20260915232500,0,39,0,11,2026091523,2026-09-15 23:29:26
4050179000,20260915232500,0,35,0,27,2026091523,2026-09-15 23:29:26
4060068100,20260915232500,0,44,0,10,2026091523,2026-09-15 23:29:26
4050020502,20260915232500,0,50,0,36,2026091523,2026-09-15 23:29:26
4050020501,20260915232500,0,27,0,28,2026091523,2026-09-15 23:29:26
4050098400,20260915232500,0,42,0,27,2026091523,2026-09-15 23:29:26
4050070700,20260915232500,0,39,0,9,2026091523,2026-09-15 23:29:26
4050019300,20260915232500,0,4,0,74,2026091523,2026-09-15 23:29:26
4060011500,20260915232500,0,59,0,1,2026091523,2026-09-15 23:29:26
4050150200,20260915232500,0,31,0,20,2026091523,2026-09-15 23:29:26
4060010413,20260915232500,0,63,0,26,2026091523,2026-09-15 23:29:26
4050144800,20260915232500,0,38,0,12,2026091523,2026-09-15 23:29:26
4060010412,20260915232500,0,63,0,39,2026091523,2026-09-15 23:29:26
4060010411,20260915232500,0,48,0,8,2026091523,2026-09-15 23:29:26
4060033900,20260915232500,0,37,0,22,2026091523,2026-09-15 23:29:26
4060010410,20260915232500,0,48,0,13,2026091523,2026-09-15 23:29:26
4050018200,20260915232500,0,20,0,21,2026091523,2026-09-15 23:29:26
4050149000,20260915232500,0,40,0,16,2026091523,2026-09-15 23:29:26
4060010409,20260915232500,0,48,0,2,2026091523,2026-09-15 23:29:26
4060010408,20260915232500,0,48,0,4,2026091523,2026-09-15 23:29:26
4060010407,20260915232500,0,48,0,1,2026091523,2026-09-15 23:29:26
4060010405,20260915232500,0,64,0,23,2026091523,2026-09-15 23:29:26
4060010404,20260915232500,0,64,0,2,2026091523,2026-09-15 23:29:26
4060010403,20260915232500,0,64,0,9,2026091523,2026-09-15 23:29:26
4050012900,20260915232500,0,47,0,23,2026091523,2026-09-15 23:29:26
4060010402,20260915232500,0,64,0,3,2026091523,2026-09-15 23:29:26
4050115900,20260915232500,0,14,0,8,2026091523,2026-09-15 23:29:26
4050040700,20260915232500,0,60,0,43,2026091523,2026-09-15 23:29:26
4050090900,20260915232500,0,42,0,8,2026091523,2026-09-15 23:29:26
4050017100,20260915232500,0,45,0,19,2026091523,2026-09-15 23:29:26
4050170400,20260915232500,0,18,0,41,2026091523,2026-09-15 23:29:26
4050016000,20260915232500,0,52,0,9,2026091523,2026-09-15 23:29:26
4060008100,20260915232500,0,59,0,5,2026091523,2026-09-15 23:29:26
4060058300,20260915232500,0,43,0,5,2026091523,2026-09-15 23:29:26
4050010702,20260915232500,0,5,0,53,2026091523,2026-09-15 23:29:26
4050010701,20260915232500,0,32,0,14,2026091523,2026-09-15 23:29:26
4060086100,20260915232500,0,40,0,9,2026091523,2026-09-15 23:29:26
4050060900,20260915232500,0,13,0,66,2026091523,2026-09-15 23:29:26
4050163900,20260915232500,0,24,0,65,2026091523,2026-09-15 23:29:26
4050191700,20260915232500,0,45,0,10,2026091523,2026-09-15 23:29:26
4060007004,20260915232500,0,50,0,27,2026091523,2026-09-15 23:29:26
4060007003,20260915232500,0,8,0,67,2026091523,2026-09-15 23:29:26
4050009500,20260915232500,0,27,0,10,2026091523,2026-09-15 23:29:26
4060007002,20260915232500,0,8,0,21,2026091523,2026-09-15 23:29:26
4050059700,20260915232500,0,40,0,5,2026091523,2026-09-15 23:29:26
4060057200,20260915232500,0,32,0,87,2026091523,2026-09-15 23:29:26
4050087500,20260915232500,0,24,0,44,2026091523,2026-09-15 23:29:26
4050008400,20260915232500,0,44,0,63,2026091523,2026-09-15 23:29:26
4050139200,20260915232500,0,46,0,9,2026091523,2026-09-15 23:29:26
4060000600,20260915232500,0,48,0,14,2026091523,2026-09-15 23:29:26
4050133900,20260915232500,0,36,0,24,2026091523,2026-09-15 23:29:26
4050161700,20260915232500,0,24,0,22,2026091523,2026-09-15 23:29:26
4050007300,20260915232500,0,11,0,87,2026091523,2026-09-15 23:29:26
4050029702,20260915232500,0,28,0,32,2026091523,2026-09-15 23:29:26
4050029701,20260915232500,0,28,0,37,2026091523,2026-09-15 23:29:26
4050138100,20260915232500,0,36,0,30,2026091523,2026-09-15 23:29:26
4050057500,20260915232500,0,27,0,11,2026091523,2026-09-15 23:29:26
4060021900,20260915232500,0,35,0,22,2026091523,2026-09-15 23:29:26
4050006202,20260915232500,0,46,0,31,2026091523,2026-09-15 23:29:26
4050006201,20260915232500,0,46,0,11,2026091523,2026-09-15 23:29:26
4050028600,20260915232500,0,16,0,102,2026091523,2026-09-15 23:29:26
4050137000,20260915232500,0,32,0,1,2026091523,2026-09-15 23:29:26
4050084200,20260915232500,0,43,0,9,2026091523,2026-09-15 23:29:26
4060020800,20260915232500,0,54,0,6,2026091523,2026-09-15 23:29:26
4050181900,20260915232500,0,25,0,79,2026091523,2026-09-15 23:29:26
4050005102,20260915232500,0,49,0,20,2026091523,2026-09-15 23:29:26
4050005101,20260915232500,0,49,0,13,2026091523,2026-09-15 23:29:26
4050027501,20260915232500,0,44,0,30,2026091523,2026-09-15 23:29:26
4060019602,20260915232500,0,63,0,50,2026091523,2026-09-15 23:29:26
4060025000,20260915232500,0,45,0,297,2026091523,2026-09-15 23:29:26
4060047400,20260915232500,0,48,0,2,2026091523,2026-09-15 23:29:26
4050130600,20260915232500,0,38,0,14,2026091523,2026-09-15 23:29:26
4050004000,20260915232500,0,57,0,31,2026091523,2026-09-15 23:29:26
4050107000,20260915232500,0,33,0,21,2026091523,2026-09-15 23:29:26
4050026400,20260915232500,0,39,0,48,2026091523,2026-09-15 23:29:26
4050129400,20260915232500,0,43,0,22,2026091523,2026-09-15 23:29:26
4060018500,20260915232500,0,80,0,20,2026091523,2026-09-15 23:29:26
4050157200,20260915232500,0,42,0,10,2026091523,2026-09-15 23:29:26
4050151900,20260915232500,0,29,0,10,2026091523,2026-09-15 23:29:26
4050018601,20260915232500,0,38,0,13,2026091523,2026-09-15 23:29:26
4050149400,20260915232500,0,31,0,30,2026091523,2026-09-15 23:29:26
4050177200,20260915232500,0,27,0,11,2026091523,2026-09-15 23:29:26
4060010800,20260915232500,0,39,0,110,2026091523,2026-09-15 23:29:26
4050017500,20260915232500,0,38,0,17,2026091523,2026-09-15 23:29:26
4060009602,20260915232500,0,38,0,34,2026091523,2026-09-15 23:29:26
4060009601,20260915232500,0,37,0,10,2026091523,2026-09-15 23:29:26
4060015000,20260915232500,0,52,0,19,2026091523,2026-09-15 23:29:26
4050039900,20260915232500,0,46,0,59,2026091523,2026-09-15 23:29:26
4060112700,20260915232500,0,55,0,60,2026091523,2026-09-15 23:29:26
4050170800,20260915232500,0,25,0,33,2026091523,2026-09-15 23:29:26
4050016400,20260915232500,0,12,0,36,2026091523,2026-09-15 23:29:26
4060008500,20260915232500,0,48,0,79,2026091523,2026-09-15 23:29:26
4050072000,20260915232500,0,19,0,75,2026091523,2026-09-15 23:29:26
4050175000,20260915232500,0,26,0,31,2026091523,2026-09-15 23:29:26
4060058700,20260915232500,0,28,0,28,2026091523,2026-09-15 23:29:26
4050094400,20260915232500,0,30,0,13,2026091523,2026-09-15 23:29:26
4050015300,20260915232500,0,38,0,11,2026091523,2026-09-15 23:29:26
4050009900,20260915232500,0,27,0,15,2026091523,2026-09-15 23:29:26
4060007400,20260915232500,0,62,0,42,2026091523,2026-09-15 23:29:26
4050043100,20260915232500,0,37,0,12,2026091523,2026-09-15 23:29:26
4050014201,20260915232500,0,34,0,24,2026091523,2026-09-15 23:29:26
4050008800,20260915232500,0,57,0,19,2026091523,2026-09-15 23:29:26
4060006300,20260915232500,0,60,0,7,2026091523,2026-09-15 23:29:26
4050013100,20260915232500,0,49,0,4,2026091523,2026-09-15 23:29:26
4060005200,20260915232500,0,46,0,8,2026091523,2026-09-15 23:29:26
4060033000,20260915232500,0,30,0,10,2026091523,2026-09-15 23:29:26
4050166300,20260915232500,0,28,0,92,2026091523,2026-09-15 23:29:26
4050091100,20260915232500,0,46,0,9,2026091523,2026-09-15 23:29:26
4050012000,20260915232500,0,8,0,35,2026091523,2026-09-15 23:29:26
4060004100,20260915232500,0,19,0,23,2026091523,2026-09-15 23:29:26
4050159800,20260915232500,0,38,0,13,2026091523,2026-09-15 23:29:26
4050084600,20260915232500,0,27,0,13,2026091523,2026-09-15 23:29:26
4050187600,20260915232500,0,3,0,105,2026091523,2026-09-15 23:29:26
4050005502,20260915232500,0,50,0,45,2026091523,2026-09-15 23:29:26
4060003000,20260915232500,0,49,0,78,2026091523,2026-09-15 23:29:26
4050033300,20260915232500,0,59,0,26,2026091523,2026-09-15 23:29:26
4050027900,20260915232500,0,35,0,95,2026091523,2026-09-15 23:29:26
4050136300,20260915232500,0,52,0,9,2026091523,2026-09-15 23:29:26
4060025400,20260915232500,0,48,0,9,2026091523,2026-09-15 23:29:26
4060128400,20260915232500,0,34,0,22,2026091523,2026-09-15 23:29:26
4050061100,20260915232500,0,33,0,6,2026091523,2026-09-15 23:29:26
4050055700,20260915232500,0,10,0,34,2026091523,2026-09-15 23:29:26
4050026800,20260915232500,0,47,0,9,2026091523,2026-09-15 23:29:26
4060024302,20260915232500,0,36,0,464,2026091523,2026-09-15 23:29:26
4060024301,20260915232500,0,36,0,197,2026091523,2026-09-15 23:29:26
4050060000,20260915232500,0,46,0,23,2026091523,2026-09-15 23:29:26
4050054600,20260915232500,0,43,0,8,2026091523,2026-09-15 23:29:26
4050003304,20260915232500,0,50,0,137,2026091523,2026-09-15 23:29:26
4050003303,20260915232500,0,50,0,17,2026091523,2026-09-15 23:29:26
4050003301,20260915232500,0,50,0,209,2026091523,2026-09-15 23:29:26
4050031100,20260915232500,0,44,0,42,2026091523,2026-09-15 23:29:26
4050025700,20260915232500,0,28,0,29,2026091523,2026-09-15 23:29:26
4050128700,20260915232500,0,54,0,10,2026091523,2026-09-15 23:29:26
4050053500,20260915232500,0,36,0,58,2026091523,2026-09-15 23:29:26
4050156500,20260915232500,0,49,0,29,2026091523,2026-09-15 23:29:26
4050178900,20260915232500,0,25,0,38,2026091523,2026-09-15 23:29:26
4050002200,20260915232500,0,55,0,217,2026091523,2026-09-15 23:29:26
4050030000,20260915232500,0,26,0,12,2026091523,2026-09-15 23:29:26
4050024600,20260915232500,0,7,0,80,2026091523,2026-09-15 23:29:26
4060022102,20260915232500,0,54,0,151,2026091523,2026-09-15 23:29:26
4060022101,20260915232500,0,54,0,95,2026091523,2026-09-15 23:29:26
4050080200,20260915232500,0,39,0,10,2026091523,2026-09-15 23:29:26
4050183200,20260915232500,0,23,0,28,2026091523,2026-09-15 23:29:26
4050177800,20260915232500,0,22,0,53,2026091523,2026-09-15 23:29:26
4050023500,20260915232500,0,13,0,62,2026091523,2026-09-15 23:29:26
4060021000,20260915232500,0,54,0,12,2026091523,2026-09-15 23:29:26
4050148900,20260915232500,0,36,0,18,2026091523,2026-09-15 23:29:26
4050176700,20260915232500,0,49,0,5,2026091523,2026-09-15 23:29:26
4060014505,20260915232500,0,38,0,27,2026091523,2026-09-15 23:29:26
4060014504,20260915232500,0,38,0,1,2026091523,2026-09-15 23:29:26
4050022400,20260915232500,0,53,0,23,2026091523,2026-09-15 23:29:26
4060014503,20260915232500,0,38,0,12,2026091523,2026-09-15 23:29:26
4060014502,20260915232500,0,40,0,15,2026091523,2026-09-15 23:29:26
4050153200,20260915232500,0,43,0,67,2026091523,2026-09-15 23:29:26
4050044800,20260915232500,0,36,0,29,2026091523,2026-09-15 23:29:26
4050147800,20260915232500,0,46,0,14,2026091523,2026-09-15 23:29:26
4060042300,20260915232500,0,32,0,12,2026091523,2026-09-15 23:29:26
4050175600,20260915232500,0,40,0,37,2026091523,2026-09-15 23:29:26
4050021300,20260915232500,0,54,0,35,2026091523,2026-09-15 23:29:26
4050015900,20260915232500,0,51,0,9,2026091523,2026-09-15 23:29:26
4050043700,20260915232500,0,30,0,11,2026091523,2026-09-15 23:29:26
4050152100,20260915232500,0,18,0,35,2026091523,2026-09-15 23:29:26
4050146700,20260915232500,0,40,0,22,2026091523,2026-09-15 23:29:26
4050020200,20260915232500,0,45,0,4,2026091523,2026-09-15 23:29:26
4060006904,20260915232500,0,55,0,25,2026091523,2026-09-15 23:29:26
4060006903,20260915232500,0,15,0,35,2026091523,2026-09-15 23:29:26
4060006902,20260915232500,0,15,0,11,2026091523,2026-09-15 23:29:26
4050042600,20260915232500,0,42,0,12,2026091523,2026-09-15 23:29:26
4050019000,20260915232500,0,52,0,8,2026091523,2026-09-15 23:29:26
4050069200,20260915232500,0,19,0,26,2026091523,2026-09-15 23:29:26
4050013700,20260915232500,0,47,0,9,2026091523,2026-09-15 23:29:26
4060005800,20260915232500,0,44,0,72,2026091523,2026-09-15 23:29:26
4060033600,20260915232500,0,32,0,6,2026091523,2026-09-15 23:29:26
4050166900,20260915232500,0,38,0,51,2026091523,2026-09-15 23:29:26
4060010105,20260915232500,0,48,0,15,2026091523,2026-09-15 23:29:26
4060010104,20260915232500,0,48,0,1,2026091523,2026-09-15 23:29:26
4060010103,20260915232500,0,48,0,1,2026091523,2026-09-15 23:29:26
4050012600,20260915232500,0,11,0,27,2026091523,2026-09-15 23:29:26
4060004701,20260915232500,0,36,0,16,2026091523,2026-09-15 23:29:26
4050040400,20260915232500,0,29,0,12,2026091523,2026-09-15 23:29:26
4050165800,20260915232500,0,34,0,18,2026091523,2026-09-15 23:29:26
4050193600,20260915232500,0,24,0,30,2026091523,2026-09-15 23:29:26
4050011500,20260915232500,0,6,0,140,2026091523,2026-09-15 23:29:26
4060003600,20260915232500,0,36,0,9,2026091523,2026-09-15 23:29:26
4050142300,20260915232500,0,50,0,9,2026091523,2026-09-15 23:29:26
4050136900,20260915232500,0,8,0,7,2026091523,2026-09-15 23:29:26
4050061700,20260915232500,0,50,0,11,2026091523,2026-09-15 23:29:26
4060053800,20260915232500,0,37,0,9,2026091523,2026-09-15 23:29:26
4050088300,20260915232500,0,27,0,39,2026091523,2026-09-15 23:29:26
4050010400,20260915232500,0,35,0,21,2026091523,2026-09-15 23:29:26
4050113400,20260915232500,0,35,0,12,2026091523,2026-09-15 23:29:26
4050141200,20260915232500,0,45,0,28,2026091523,2026-09-15 23:29:26
4060024900,20260915232500,0,45,0,297,2026091523,2026-09-15 23:29:26
4050191400,20260915232500,0,26,0,25,2026091523,2026-09-15 23:29:26
4050009200,20260915232500,0,60,0,15,2026091523,2026-09-15 23:29:26
4050059400,20260915232500,0,43,0,13,2026091523,2026-09-15 23:29:26
4060001404,20260915232500,0,53,0,2,2026091523,2026-09-15 23:29:26
4060001402,20260915232500,0,58,0,4,2026091523,2026-09-15 23:29:26
4050106900,20260915232500,0,37,0,18,2026091523,2026-09-15 23:29:26
4060001401,20260915232500,0,58,0,6,2026091523,2026-09-15 23:29:26
4050031702,20260915232500,0,58,0,58,2026091523,2026-09-15 23:29:26
4050031701,20260915232500,0,36,0,5,2026091523,2026-09-15 23:29:26
4060126800,20260915232500,0,34,0,27,2026091523,2026-09-15 23:29:26
4050008108,20260915232500,0,28,0,12,2026091523,2026-09-15 23:29:26
4050008107,20260915232500,0,42,0,24,2026091523,2026-09-15 23:29:26
4050008106,20260915232500,0,42,0,16,2026091523,2026-09-15 23:29:26
4050008105,20260915232500,0,42,0,57,2026091523,2026-09-15 23:29:26
4050008104,20260915232500,0,33,0,9,2026091523,2026-09-15 23:29:26
4050008103,20260915232500,0,37,0,42,2026091523,2026-09-15 23:29:26
4050008102,20260915232500,0,37,0,139,2026091523,2026-09-15 23:29:26
4050008101,20260915232500,0,37,0,5,2026091523,2026-09-15 23:29:26
4060000303,20260915232500,0,38,0,177,2026091523,2026-09-15 23:29:26
4060000301,20260915232500,0,52,0,5,2026091523,2026-09-15 23:29:26
4050030600,20260915232500,0,28,0,36,2026091523,2026-09-15 23:29:26
4050161400,20260915232500,0,41,0,21,2026091523,2026-09-15 23:29:26
4050007000,20260915232500,0,43,0,23,2026091523,2026-09-15 23:29:26
4050029402,20260915232500,0,41,0,13,2026091523,2026-09-15 23:29:26
4050029401,20260915232500,0,41,0,8,2026091523,2026-09-15 23:29:26
4050001702,20260915232500,0,50,0,9,2026091523,2026-09-15 23:29:26
4050001701,20260915232500,0,50,0,44,2026091523,2026-09-15 23:29:26
4060021600,20260915232500,0,54,0,53,2026091523,2026-09-15 23:29:26
4050051900,20260915232500,0,39,0,30,2026091523,2026-09-15 23:29:26
4050160300,20260915232500,0,29,0,23,2026091523,2026-09-15 23:29:26
4050154900,20260915232500,0,46,0,17,2026091523,2026-09-15 23:29:26
4050028300,20260915232500,0,30,0,26,2026091523,2026-09-15 23:29:26
4060020507,20260915232500,0,54,0,260,2026091523,2026-09-15 23:29:26
4060020506,20260915232500,0,54,0,5,2026091523,2026-09-15 23:29:26
4060020505,20260915232500,0,54,0,53,2026091523,2026-09-15 23:29:26
4060020504,20260915232500,0,54,0,3,2026091523,2026-09-15 23:29:26
4060020503,20260915232500,0,54,0,97,2026091523,2026-09-15 23:29:26
4050131400,20260915232500,0,38,0,35,2026091523,2026-09-15 23:29:26
4060020502,20260915232500,0,54,0,10,2026091523,2026-09-15 23:29:26
4060020501,20260915232500,0,54,0,62,2026091523,2026-09-15 23:29:26
4060042900,20260915232500,0,24,0,29,2026091523,2026-09-15 23:29:26
4050027201,20260915232500,0,40,0,22,2026091523,2026-09-15 23:29:26
4060019302,20260915232500,2,34,0,77,2026091523,2026-09-15 23:29:26
4050102500,20260915232500,0,16,0,50,2026091523,2026-09-15 23:29:26
4050021900,20260915232500,0,13,0,41,2026091523,2026-09-15 23:29:26
4050124900,20260915232500,0,44,0,27,2026091523,2026-09-15 23:29:26
4050180500,20260915232500,0,26,0,11,2026091523,2026-09-15 23:29:26
4050026100,20260915232500,0,41,0,12,2026091523,2026-09-15 23:29:26
4060018200,20260915232500,10,60,0,60,2026091523,2026-09-15 23:29:26
4050048500,20260915232500,0,55,0,9,2026091523,2026-09-15 23:29:26
4050020802,20260915232500,0,32,0,29,2026091523,2026-09-15 23:29:26
4050025000,20260915232500,0,43,0,6,2026091523,2026-09-15 23:29:26
4050019600,20260915232500,0,48,0,18,2026091523,2026-09-15 23:29:26
4060017100,20260915232500,0,71,0,72,2026091523,2026-09-15 23:29:26
4060011803,20260915232500,0,40,0,3,2026091523,2026-09-15 23:29:26
4060011802,20260915232500,0,40,0,35,2026091523,2026-09-15 23:29:26
4050150500,20260915232500,0,12,0,55,2026091523,2026-09-15 23:29:26
4050018503,20260915232500,0,46,0,5,2026091523,2026-09-15 23:29:26
4050018501,20260915232500,0,42,0,12,2026091523,2026-09-15 23:29:26
4050046300,20260915232500,0,30,0,13,2026091523,2026-09-15 23:29:26
4050149300,20260915232500,0,27,0,34,2026091523,2026-09-15 23:29:26
4050177100,20260915232500,0,14,0,21,2026091523,2026-09-15 23:29:26
4060010700,20260915232500,0,48,0,89,2026091523,2026-09-15 23:29:26
4050017400,20260915232500,0,12,0,87,2026091523,2026-09-15 23:29:26
4050176000,20260915232500,0,26,0,7,2026091523,2026-09-15 23:29:26
4050170700,20260915232500,0,37,0,22,2026091523,2026-09-15 23:29:26
4050016300,20260915232500,0,31,0,14,2026091523,2026-09-15 23:29:26
4060008401,20260915232500,0,42,0,13,2026091523,2026-09-15 23:29:26
4060058600,20260915232500,0,41,0,19,2026091523,2026-09-15 23:29:26
4050094300,20260915232500,0,44,0,9,2026091523,2026-09-15 23:29:26
4050088900,20260915232500,0,39,0,20,2026091523,2026-09-15 23:29:26
4060133900,20260915232500,0,39,0,23,2026091523,2026-09-15 23:29:26
4050025302,20260915232500,0,19,0,23,2026091523,2026-09-15 23:29:26
4050025301,20260915232500,0,10,0,46,2026091523,2026-09-15 23:29:26
4050019900,20260915232500,0,48,0,4,2026091523,2026-09-15 23:29:26
4050047700,20260915232500,0,42,0,23,2026091523,2026-09-15 23:29:26
4050178500,20260915232500,0,12,0,85,2026091523,2026-09-15 23:29:26
4050097900,20260915232500,0,23,0,16,2026091523,2026-09-15 23:29:26
4050150800,20260915232500,0,14,0,45,2026091523,2026-09-15 23:29:26
4050018800,20260915232500,0,42,0,16,2026091523,2026-09-15 23:29:26
4050052000,20260915232500,0,18,0,65,2026091523,2026-09-15 23:29:26
4050046600,20260915232500,0,14,0,34,2026091523,2026-09-15 23:29:26
4050155000,20260915232500,0,22,0,36,2026091523,2026-09-15 23:29:26
4060044100,20260915232500,0,35,0,16,2026091523,2026-09-15 23:29:26
4050199800,20260915232500,0,39,0,12,2026091523,2026-09-15 23:29:26
4060141800,20260915232500,0,13,0,92,2026091523,2026-09-15 23:29:26
4050023100,20260915232500,0,13,0,21,2026091523,2026-09-15 23:29:26
4050017700,20260915232500,0,49,0,5,2026091523,2026-09-15 23:29:26
4060009802,20260915232500,0,33,0,36,2026091523,2026-09-15 23:29:26
4060009801,20260915232500,0,48,0,6,2026091523,2026-09-15 23:29:26
4060015200,20260915232500,0,63,0,22,2026091523,2026-09-15 23:29:26
4050022000,20260915232500,0,40,0,13,2026091523,2026-09-15 23:29:26
4050016600,20260915232500,0,32,0,15,2026091523,2026-09-15 23:29:26
4050125000,20260915232500,0,18,0,67,2026091523,2026-09-15 23:29:26
4050175200,20260915232500,0,37,0,55,2026091523,2026-09-15 23:29:26
4050015500,20260915232500,0,21,0,23,2026091523,2026-09-15 23:29:26
4060013002,20260915232500,0,60,0,17,2026091523,2026-09-15 23:29:26
4060013001,20260915232500,0,36,0,15,2026091523,2026-09-15 23:29:26
4050043300,20260915232500,0,38,0,21,2026091523,2026-09-15 23:29:26
4060057800,20260915232500,0,36,0,16,2026091523,2026-09-15 23:29:26
4050014400,20260915232500,0,9,0,46,2026091523,2026-09-15 23:29:26
4060006500,20260915232500,0,57,0,44,2026091523,2026-09-15 23:29:26
4050013300,20260915232500,0,34,0,23,2026091523,2026-09-15 23:29:26
4050007901,20260915232500,0,31,0,21,2026091523,2026-09-15 23:29:26
4060005400,20260915232500,0,49,0,66,2026091523,2026-09-15 23:29:26
4050041100,20260915232500,0,41,0,138,2026091523,2026-09-15 23:29:26
4050194300,20260915232500,0,27,0,50,2026091523,2026-09-15 23:29:26
4050006808,20260915232500,0,45,0,22,2026091523,2026-09-15 23:29:26
4050012200,20260915232500,0,8,0,20,2026091523,2026-09-15 23:29:26
4050115200,20260915232500,0,18,0,13,2026091523,2026-09-15 23:29:26
4060004300,20260915232500,0,29,0,14,2026091523,2026-09-15 23:29:26
4050040000,20260915232500,0,72,0,37,2026091523,2026-09-15 23:29:26
4050062400,20260915232500,0,46,0,17,2026091523,2026-09-15 23:29:26
4050084800,20260915232500,0,37,0,12,2026091523,2026-09-15 23:29:26
4050187800,20260915232500,0,39,0,23,2026091523,2026-09-15 23:29:26
4050089000,20260915232500,0,6,0,136,2026091523,2026-09-15 23:29:26
4050011100,20260915232500,0,19,0,16,2026091523,2026-09-15 23:29:26
4060003200,20260915232500,0,27,0,16,2026091523,2026-09-15 23:29:26
4060134000,20260915232500,0,45,0,20,2026091523,2026-09-15 23:29:26
4060053400,20260915232500,0,39,0,9,2026091523,2026-09-15 23:29:26
4050010000,20260915232500,0,46,0,9,2026091523,2026-09-15 23:29:26
4050004600,20260915232500,0,42,0,36,2026091523,2026-09-15 23:29:26
4050107600,20260915232500,0,38,0,3,2026091523,2026-09-15 23:29:26
4060002100,20260915232500,0,28,0,82,2026091523,2026-09-15 23:29:26
4050135400,20260915232500,0,38,0,10,2026091523,2026-09-15 23:29:26
4050163200,20260915232500,0,38,0,4,2026091523,2026-09-15 23:29:26
4060046900,20260915232500,0,44,0,8,2026091523,2026-09-15 23:29:26
4050185600,20260915232500,0,42,0,18,2026091523,2026-09-15 23:29:26
4060001001,20260915232500,0,47,0,16,2026091523,2026-09-15 23:29:26
4050031300,20260915232500,0,16,0,40,2026091523,2026-09-15 23:29:26
4050025900,20260915232500,0,43,0,9,2026091523,2026-09-15 23:29:26
4050134300,20260915232500,0,38,0,6,2026091523,2026-09-15 23:29:26
4050128900,20260915232500,0,31,0,24,2026091523,2026-09-15 23:29:26
4050053700,20260915232500,0,36,0,45,2026091523,2026-09-15 23:29:26
4060045800,20260915232500,0,41,0,7,2026091523,2026-09-15 23:29:26
4050105400,20260915232500,0,38,0,5,2026091523,2026-09-15 23:29:26
4050030200,20260915232500,0,31,0,35,2026091523,2026-09-15 23:29:26
4060022303,20260915232500,0,45,0,13,2026091523,2026-09-15 23:29:26
4050024800,20260915232500,0,39,0,29,2026091523,2026-09-15 23:29:26
4050127800,20260915232500,0,18,0,58,2026091523,2026-09-15 23:29:26
4050155600,20260915232500,0,41,0,49,2026091523,2026-09-15 23:29:26
4050183400,20260915232500,0,23,0,55,2026091523,2026-09-15 23:29:26
4050207300,20260915232500,0,10,0,36,2026091523,2026-09-15 23:29:26
4050023702,20260915232500,0,35,0,45,2026091523,2026-09-15 23:29:26
4050023701,20260915232500,0,35,0,13,2026091523,2026-09-15 23:29:26
4050132100,20260915232500,0,38,0,27,2026091523,2026-09-15 23:29:26
4060021200,20260915232500,0,54,0,26,2026091523,2026-09-15 23:29:26
4060020102,20260915232500,0,43,0,14,2026091523,2026-09-15 23:29:26
4050022600,20260915232500,0,43,0,43,2026091523,2026-09-15 23:29:26
4050049200,20260915232500,0,32,0,27,2026091523,2026-09-15 23:29:26
4050021504,20260915232500,0,59,0,26,2026091523,2026-09-15 23:29:26
4050021503,20260915232500,0,52,0,5,2026091523,2026-09-15 23:29:26
4050021502,20260915232500,0,52,0,5,2026091523,2026-09-15 23:29:26
4050146900,20260915232500,0,25,0,14,2026091523,2026-09-15 23:29:26
4050174700,20260915232500,0,34,0,42,2026091523,2026-09-15 23:29:26
4060068000,20260915232500,0,27,0,17,2026091523,2026-09-15 23:29:26
4050098300,20260915232500,0,41,0,28,2026091523,2026-09-15 23:29:26
4050020400,20260915232500,0,50,0,21,2026091523,2026-09-15 23:29:26
4050019200,20260915232500,0,49,0,8,2026091523,2026-09-15 23:29:26
4060011403,20260915232500,0,41,0,7,2026091523,2026-09-15 23:29:26
4060011402,20260915232500,0,43,0,5,2026091523,2026-09-15 23:29:26
4050116900,20260915232500,0,14,0,108,2026091523,2026-09-15 23:29:26
4060011401,20260915232500,0,43,0,6,2026091523,2026-09-15 23:29:26
4050150100,20260915232500,0,39,0,16,2026091523,2026-09-15 23:29:26
4050144700,20260915232500,0,23,0,19,2026091523,2026-09-15 23:29:26
4060033800,20260915232500,0,31,0,26,2026091523,2026-09-15 23:29:26
4050018100,20260915232500,0,49,0,8,2026091523,2026-09-15 23:29:26
4050012800,20260915232500,0,8,0,66,2026091523,2026-09-15 23:29:26
4060004901,20260915232500,0,36,0,11,2026091523,2026-09-15 23:29:26
4050040600,20260915232500,0,54,0,3,2026091523,2026-09-15 23:29:26
4050017000,20260915232500,0,45,0,15,2026091523,2026-09-15 23:29:26
4060003800,20260915232500,0,54,0,8,2026091523,2026-09-15 23:29:26
4050170300,20260915232500,0,16,0,47,2026091523,2026-09-15 23:29:26
4060058200,20260915232500,0,13,0,104,2026091523,2026-09-15 23:29:26
4060086000,20260915232500,0,32,0,12,2026091523,2026-09-15 23:29:26
4060052900,20260915232500,0,38,0,9,2026091523,2026-09-15 23:29:26
4050009402,20260915232500,0,41,0,58,2026091523,2026-09-15 23:29:26
4050009401,20260915232500,0,8,0,106,2026091523,2026-09-15 23:29:26
4050059600,20260915232500,0,48,0,12,2026091523,2026-09-15 23:29:26
4050031901,20260915232500,0,44,0,2,2026091523,2026-09-15 23:29:26
4050008300,20260915232500,0,54,0,51,2026091523,2026-09-15 23:29:26
4050139100,20260915232500,0,32,0,13,2026091523,2026-09-15 23:29:26
4060000500,20260915232500,0,13,0,53,2026091523,2026-09-15 23:29:26
4050030800,20260915232500,0,30,0,13,2026091523,2026-09-15 23:29:26
4060022901,20260915232500,1,73,0,38,2026091523,2026-09-15 23:29:26
4050007203,20260915232500,0,44,0,27,2026091523,2026-09-15 23:29:26
4050007202,20260915232500,0,44,0,11,2026091523,2026-09-15 23:29:26
4050007201,20260915232500,0,44,0,42,2026091523,2026-09-15 23:29:26
4050138000,20260915232500,0,36,0,44,2026091523,2026-09-15 23:29:26
4050029600,20260915232500,0,41,0,19,2026091523,2026-09-15 23:29:26
4060021800,20260915232500,0,54,0,5,2026091523,2026-09-15 23:29:26
4050182900,20260915232500,0,16,0,44,2026091523,2026-09-15 23:29:26
4050006102,20260915232500,0,41,0,33,2026091523,2026-09-15 23:29:26
4050006101,20260915232500,0,41,0,13,2026091523,2026-09-15 23:29:26
4050028500,20260915232500,0,25,0,66,2026091523,2026-09-15 23:29:26
4060129000,20260915232500,0,42,0,11,2026091523,2026-09-15 23:29:26
4050084100,20260915232500,0,31,0,13,2026091523,2026-09-15 23:29:26
4050000802,20260915232500,0,55,0,11,2026091523,2026-09-15 23:29:26
4050000801,20260915232500,0,55,0,181,2026091523,2026-09-15 23:29:26
4050103800,20260915232500,0,37,0,11,2026091523,2026-09-15 23:29:26
4060020700,20260915232500,0,53,0,6,2026091523,2026-09-15 23:29:26
4050005002,20260915232500,0,42,0,28,2026091523,2026-09-15 23:29:26
4050005001,20260915232500,0,42,0,29,2026091523,2026-09-15 23:29:26
4060019502,20260915232500,0,80,0,39,2026091523,2026-09-15 23:29:26
4050055200,20260915232500,0,60,0,38,2026091523,2026-09-15 23:29:26
4060047300,20260915232500,0,33,0,3,2026091523,2026-09-15 23:29:26
4050130500,20260915232500,0,47,0,11,2026091523,2026-09-15 23:29:26
4050026300,20260915232500,0,23,0,82,2026091523,2026-09-15 23:29:26
4050129300,20260915232500,0,54,0,17,2026091523,2026-09-15 23:29:26
4050157100,20260915232500,0,42,0,10,2026091523,2026-09-15 23:29:26
4050098900,20260915232500,0,24,0,58,2026091523,2026-09-15 23:29:26
4050025200,20260915232500,0,47,0,13,2026091523,2026-09-15 23:29:26
4050019800,20260915232500,0,14,0,52,2026091523,2026-09-15 23:29:26
4050178400,20260915232500,0,27,0,2,2026091523,2026-09-15 23:29:26
4050150700,20260915232500,0,51,0,12,2026091523,2026-09-15 23:29:26
4060142800,20260915232500,0,24,0,116,2026091523,2026-09-15 23:29:26
4050018700,20260915232500,0,7,0,99,2026091523,2026-09-15 23:29:26
4050046500,20260915232500,0,39,0,12,2026091523,2026-09-15 23:29:26
4060044000,20260915232500,0,37,0,15,2026091523,2026-09-15 23:29:26
4050096700,20260915232500,0,42,0,9,2026091523,2026-09-15 23:29:26
4050199700,20260915232500,0,15,0,33,2026091523,2026-09-15 23:29:26
4060141700,20260915232500,0,33,0,36,2026091523,2026-09-15 23:29:26
4050023002,20260915232500,0,49,0,16,2026091523,2026-09-15 23:29:26
4050023001,20260915232500,0,49,0,30,2026091523,2026-09-15 23:29:26
4050017600,20260915232500,0,45,0,15,2026091523,2026-09-15 23:29:26
4060009702,20260915232500,0,32,0,38,2026091523,2026-09-15 23:29:26
4060015100,20260915232500,0,76,0,18,2026091523,2026-09-15 23:29:26
4060009701,20260915232500,0,51,0,6,2026091523,2026-09-15 23:29:26
4060112800,20260915232500,0,54,0,61,2026091523,2026-09-15 23:29:26
4050016500,20260915232500,0,55,0,9,2026091523,2026-09-15 23:29:26
4060014000,20260915232500,0,47,0,96,2026091523,2026-09-15 23:29:26
4060008600,20260915232500,0,63,0,60,2026091523,2026-09-15 23:29:26
4050044300,20260915232500,0,27,0,18,2026091523,2026-09-15 23:29:26
4050175100,20260915232500,0,14,0,148,2026091523,2026-09-15 23:29:26
4060058800,20260915232500,0,40,0,19,2026091523,2026-09-15 23:29:26
4050015400,20260915232500,0,38,0,11,2026091523,2026-09-15 23:29:26
4050043200,20260915232500,0,43,0,10,2026091523,2026-09-15 23:29:26
4050071000,20260915232500,0,19,0,67,2026091523,2026-09-15 23:29:26
4060057700,20260915232500,0,36,0,16,2026091523,2026-09-15 23:29:26
4050014300,20260915232500,0,46,0,9,2026091523,2026-09-15 23:29:26
4050008900,20260915232500,0,45,0,37,2026091523,2026-09-15 23:29:26
4060006400,20260915232500,0,53,0,8,2026091523,2026-09-15 23:29:26
4050189900,20260915232500,0,24,0,65,2026091523,2026-09-15 23:29:26
4050007802,20260915232500,0,51,0,28,2026091523,2026-09-15 23:29:26
4050007801,20260915232500,0,59,0,22,2026091523,2026-09-15 23:29:26
4050013200,20260915232500,0,24,0,10,2026091523,2026-09-15 23:29:26
4060005300,20260915232500,0,48,0,68,2026091523,2026-09-15 23:29:26
4050166400,20260915232500,0,27,0,95,2026091523,2026-09-15 23:29:26
4050091200,20260915232500,0,7,0,61,2026091523,2026-09-15 23:29:26
4050006708,20260915232500,0,28,0,36,2026091523,2026-09-15 23:29:26
4050012100,20260915232500,0,25,0,6,2026091523,2026-09-15 23:29:26
4060004200,20260915232500,0,36,0,12,2026091523,2026-09-15 23:29:26
4050034500,20260915232500,0,45,0,15,2026091523,2026-09-15 23:29:26
4050062300,20260915232500,0,17,0,46,2026091523,2026-09-15 23:29:26
4050187700,20260915232500,0,28,0,31,2026091523,2026-09-15 23:29:26
4050005602,20260915232500,0,51,0,43,2026091523,2026-09-15 23:29:26
4050011000,20260915232500,0,9,0,38,2026091523,2026-09-15 23:29:26
4060003100,20260915232500,0,36,0,12,2026091523,2026-09-15 23:29:26
4050136400,20260915232500,0,7,0,73,2026091523,2026-09-15 23:29:26
4050055800,20260915232500,0,32,0,10,2026091523,2026-09-15 23:29:26
4060053300,20260915232500,0,38,0,9,2026091523,2026-09-15 23:29:26
4050192000,20260915232500,0,6,0,128,2026091523,2026-09-15 23:29:26
4050107500,20260915232500,0,52,0,2,2026091523,2026-09-15 23:29:26
4060024402,20260915232500,0,37,0,452,2026091523,2026-09-15 23:29:26
4050135300,20260915232500,0,14,0,29,2026091523,2026-09-15 23:29:26
4050026900,20260915232500,0,44,0,42,2026091523,2026-09-15 23:29:26
4060024401,20260915232500,0,36,0,199,2026091523,2026-09-15 23:29:26
4050163100,20260915232500,0,44,0,4,2026091523,2026-09-15 23:29:26
4060046800,20260915232500,0,42,0,8,2026091523,2026-09-15 23:29:26
4050185500,20260915232500,0,24,0,32,2026091523,2026-09-15 23:29:26
4050003404,20260915232500,0,56,0,121,2026091523,2026-09-15 23:29:26
4050003403,20260915232500,0,56,0,16,2026091523,2026-09-15 23:29:26
4050003401,20260915232500,0,54,0,193,2026091523,2026-09-15 23:29:26
4050031200,20260915232500,0,48,0,38,2026091523,2026-09-15 23:29:26
4050025800,20260915232500,0,9,0,91,2026091523,2026-09-15 23:29:26
4050128800,20260915232500,0,17,0,33,2026091523,2026-09-15 23:29:26
4050053600,20260915232500,0,43,0,49,2026091523,2026-09-15 23:29:26
4050156600,20260915232500,0,47,0,30,2026091523,2026-09-15 23:29:26
4050105300,20260915232500,0,52,0,4,2026091523,2026-09-15 23:29:26
4050030100,20260915232500,0,10,0,108,2026091523,2026-09-15 23:29:26
4060022202,20260915232500,0,53,0,154,2026091523,2026-09-15 23:29:26
4050024700,20260915232500,0,35,0,33,2026091523,2026-09-15 23:29:26
4050127700,20260915232500,0,46,0,23,2026091523,2026-09-15 23:29:26
4060022201,20260915232500,0,53,0,97,2026091523,2026-09-15 23:29:26
4050155500,20260915232500,0,21,0,97,2026091523,2026-09-15 23:29:26
4050183300,20260915232500,0,38,0,33,2026091523,2026-09-15 23:29:26
4050177900,20260915232500,0,31,0,14,2026091523,2026-09-15 23:29:26
4050023600,20260915232500,0,35,0,23,2026091523,2026-09-15 23:29:26
4060099000,20260915232500,0,48,0,61,2026091523,2026-09-15 23:29:26
4060021100,20260915232500,0,53,0,26,2026091523,2026-09-15 23:29:26
4050176800,20260915232500,0,26,0,10,2026091523,2026-09-15 23:29:26
4060014605,20260915232500,0,46,0,23,2026091523,2026-09-15 23:29:26
4060014604,20260915232500,0,46,0,1,2026091523,2026-09-15 23:29:26
4060014603,20260915232500,0,46,0,10,2026091523,2026-09-15 23:29:26
4050022500,20260915232500,0,49,0,38,2026091523,2026-09-15 23:29:26
4060014602,20260915232500,0,46,0,12,2026091523,2026-09-15 23:29:26
4060020000,20260915232500,0,58,0,11,2026091523,2026-09-15 23:29:26
4050049100,20260915232500,0,35,0,25,2026091523,2026-09-15 23:29:26
4050205000,20260915232500,0,20,0,25,2026091523,2026-09-15 23:29:26
4050021400,20260915232500,0,53,0,36,2026091523,2026-09-15 23:29:26
4050152200,20260915232500,0,42,0,15,2026091523,2026-09-15 23:29:26
4050043800,20260915232500,0,38,0,8,2026091523,2026-09-15 23:29:26
4050146800,20260915232500,0,33,0,26,2026091523,2026-09-15 23:29:26
4050020300,20260915232500,0,52,0,20,2026091523,2026-09-15 23:29:26
4050019100,20260915232500,0,46,0,8,2026091523,2026-09-15 23:29:26
4060011303,20260915232500,0,59,0,5,2026091523,2026-09-15 23:29:26
4060011302,20260915232500,0,58,0,4,2026091523,2026-09-15 23:29:26
4050013800,20260915232500,0,49,0,8,2026091523,2026-09-15 23:29:26
4060011301,20260915232500,0,55,0,5,2026091523,2026-09-15 23:29:26
4060005900,20260915232500,0,55,0,6,2026091523,2026-09-15 23:29:26
4050018000,20260915232500,0,45,0,20,2026091523,2026-09-15 23:29:26
4060010205,20260915232500,0,47,0,15,2026091523,2026-09-15 23:29:26
4060010204,20260915232500,0,47,0,1,2026091523,2026-09-15 23:29:26
4060010203,20260915232500,0,47,0,1,2026091523,2026-09-15 23:29:26
4050012700,20260915232500,0,25,0,21,2026091523,2026-09-15 23:29:26
4060004801,20260915232500,0,30,0,19,2026091523,2026-09-15 23:29:26
4050040500,20260915232500,0,75,0,2,2026091523,2026-09-15 23:29:26
4050062900,20260915232500,0,50,0,6,2026091523,2026-09-15 23:29:26
4050165900,20260915232500,0,51,0,7,2026091523,2026-09-15 23:29:26
4060009000,20260915232500,0,34,0,127,2026091523,2026-09-15 23:29:26
4050011600,20260915232500,0,18,0,47,2026091523,2026-09-15 23:29:26
4050114600,20260915232500,0,18,0,22,2026091523,2026-09-15 23:29:26
4060003700,20260915232500,0,33,0,13,2026091523,2026-09-15 23:29:26
4050142400,20260915232500,0,53,0,8,2026091523,2026-09-15 23:29:26
4050061800,20260915232500,0,52,0,11,2026091523,2026-09-15 23:29:26
4060058100,20260915232500,0,36,0,37,2026091523,2026-09-15 23:29:26
4050088400,20260915232500,0,11,0,97,2026091523,2026-09-15 23:29:26
4050135900,20260915232500,0,8,0,22,2026091523,2026-09-15 23:29:26
4050009302,20260915232500,0,28,0,85,2026091523,2026-09-15 23:29:26
4050009301,20260915232500,0,28,0,29,2026091523,2026-09-15 23:29:26
4050059500,20260915232500,0,16,0,38,2026091523,2026-09-15 23:29:26
4050031802,20260915232500,0,34,0,99,2026091523,2026-09-15 23:29:26
4050031801,20260915232500,0,27,0,7,2026091523,2026-09-15 23:29:26
4060023903,20260915232500,0,57,0,18,2026091523,2026-09-15 23:29:26
4060023902,20260915232500,0,57,0,3,2026091523,2026-09-15 23:29:26
4060023901,20260915232500,0,57,0,36,2026091523,2026-09-15 23:29:26
4050008208,20260915232500,0,12,0,28,2026091523,2026-09-15 23:29:26
4050008207,20260915232500,0,40,0,26,2026091523,2026-09-15 23:29:26
4050008206,20260915232500,0,40,0,17,2026091523,2026-09-15 23:29:26
4050008205,20260915232500,0,38,0,61,2026091523,2026-09-15 23:29:26
4050008204,20260915232500,0,42,0,8,2026091523,2026-09-15 23:29:26
4050008203,20260915232500,0,37,0,43,2026091523,2026-09-15 23:29:26
4050008202,20260915232500,0,37,0,139,2026091523,2026-09-15 23:29:26
4050008201,20260915232500,0,37,0,5,2026091523,2026-09-15 23:29:26
4060000403,20260915232500,0,37,0,181,2026091523,2026-09-15 23:29:26
4060000401,20260915232500,0,45,0,6,2026091523,2026-09-15 23:29:26
4050030700,20260915232500,0,39,0,10,2026091523,2026-09-15 23:29:26
4050007103,20260915232500,0,54,0,22,2026091523,2026-09-15 23:29:26
4050007102,20260915232500,0,54,0,9,2026091523,2026-09-15 23:29:26
4050007101,20260915232500,0,54,0,34,2026091523,2026-09-15 23:29:26
4050029500,20260915232500,0,39,0,20,2026091523,2026-09-15 23:29:26
4060027000,20260915232500,0,36,0,5,2026091523,2026-09-15 23:29:26
4050001802,20260915232500,0,51,0,9,2026091523,2026-09-15 23:29:26
4050001801,20260915232500,0,51,0,44,2026091523,2026-09-15 23:29:26
4060021700,20260915232500,0,53,0,5,2026091523,2026-09-15 23:29:26
4050160400,20260915232500,0,40,0,16,2026091523,2026-09-15 23:29:26
4050028400,20260915232500,0,11,0,72,2026091523,2026-09-15 23:29:26
4060020607,20260915232500,0,53,0,265,2026091523,2026-09-15 23:29:26
4060020606,20260915232500,0,53,0,5,2026091523,2026-09-15 23:29:26
4050103700,20260915232500,0,23,0,19,2026091523,2026-09-15 23:29:26
4060020605,20260915232500,0,53,0,54,2026091523,2026-09-15 23:29:26
4060020604,20260915232500,0,53,0,3,2026091523,2026-09-15 23:29:26
4060020603,20260915232500,0,53,0,99,2026091523,2026-09-15 23:29:26
4060020602,20260915232500,0,53,0,10,2026091523,2026-09-15 23:29:26
4060020601,20260915232500,0,53,0,63,2026091523,2026-09-15 23:29:26
4060019402,20260915232500,0,46,0,57,2026091523,2026-09-15 23:29:26
4050055100,20260915232500,0,65,0,35,2026091523,2026-09-15 23:29:26
4050102600,20260915232500,0,21,0,38,2026091523,2026-09-15 23:29:26
4050180600,20260915232500,0,28,0,10,2026091523,2026-09-15 23:29:26
4050026200,20260915232500,0,13,0,38,2026091523,2026-09-15 23:29:26
4050054000,20260915232500,0,43,0,5,2026091523,2026-09-15 23:29:26
4050048600,20260915232500,0,37,0,14,2026091523,2026-09-15 23:29:26
4050020900,20260915232500,0,42,0,17,2026091523,2026-09-15 23:29:26
4050025100,20260915232500,0,49,0,12,2026091523,2026-09-15 23:29:26
4050019700,20260915232500,0,49,0,15,2026091523,2026-09-15 23:29:26
4060017200,20260915232500,0,66,0,77,2026091523,2026-09-15 23:29:26
4050178300,20260915232500,0,14,0,5,2026091523,2026-09-15 23:29:26
4050150600,20260915232500,0,45,0,14,2026091523,2026-09-15 23:29:26
4060142700,20260915232500,0,27,0,102,2026091523,2026-09-15 23:29:26
4050024009,20260915232500,0,56,0,1,2026091523,2026-09-15 23:29:26
4050024008,20260915232500,0,58,0,76,2026091523,2026-09-15 23:29:26
4050024007,20260915232500,0,59,0,1,2026091523,2026-09-15 23:29:26
4050024005,20260915232500,14,30,0,51,2026091523,2026-09-15 23:29:26
4050024003,20260915232500,0,30,0,25,2026091523,2026-09-15 23:29:26
4050018603,20260915232500,0,49,0,4,2026091523,2026-09-15 23:29:26
4060028900,20260915232500,0,28,0,11,2026091523,2026-09-15 23:29:26
4050034600,20260915232500,0,37,0,18,2026091523,2026-09-15 23:29:26
4050114100,20260915232500,0,24,0,17,2026091523,2026-09-15 23:29:26
4050003500,20260915232500,0,54,0,25,2026091523,2026-09-15 23:29:26
4060073600,20260915232500,0,39,0,9,2026091523,2026-09-15 23:29:26
4050001300,20260915232500,0,54,0,66,2026091523,2026-09-15 23:29:26
4050053000,20260915232500,0,33,0,11,2026091523,2026-09-15 23:29:26
4050115100,20260915232500,0,35,0,6,2026091523,2026-09-15 23:29:26
4050033400,20260915232500,0,54,0,28,2026091523,2026-09-15 23:29:26
4050061200,20260915232500,0,15,0,13,2026091523,2026-09-15 23:29:26
4050004500,20260915232500,0,54,0,28,2026091523,2026-09-15 23:29:26
4060030400,20260915232500,0,45,0,6,2026091523,2026-09-15 23:29:26
4050112400,20260915232500,0,32,0,27,2026091523,2026-09-15 23:29:26
4050000702,20260915232500,0,54,0,12,2026091523,2026-09-15 23:29:26
4050000701,20260915232500,0,54,0,185,2026091523,2026-09-15 23:29:26
4060028700,20260915232500,0,28,0,4,2026091523,2026-09-15 23:29:26
4050007702,20260915232500,0,28,0,51,2026091523,2026-09-15 23:29:26
4050007701,20260915232500,0,49,0,26,2026091523,2026-09-15 23:29:26
4050074800,20260915232500,0,47,0,18,2026091523,2026-09-15 23:29:26
4050114500,20260915232500,0,24,0,17,2026091523,2026-09-15 23:29:26
4050003900,20260915232500,0,54,0,34,2026091523,2026-09-15 23:29:26
4050055000,20260915232500,0,30,0,11,2026091523,2026-09-15 23:29:26
4060122400,20260915232500,0,38,0,13,2026091523,2026-09-15 23:29:26
4050098700,20260915232500,0,27,0,30,2026091523,2026-09-15 23:29:26
4060009502,20260915232500,0,31,0,42,2026091523,2026-09-15 23:29:26
4060009501,20260915232500,0,28,0,13,2026091523,2026-09-15 23:29:26
4050086700,20260915232500,0,27,0,29,2026091523,2026-09-15 23:29:26
4050035400,20260915232500,0,42,0,76,2026091523,2026-09-15 23:29:26
4060075500,20260915232500,0,13,0,39,2026091523,2026-09-15 23:29:26
4050002100,20260915232500,0,54,0,221,2026091523,2026-09-15 23:29:26
4060042200,20260915232500,0,43,0,9,2026091523,2026-09-15 23:29:26
4060033500,20260915232500,0,37,0,5,2026091523,2026-09-15 23:29:26
4050004902,20260915232500,0,54,0,22,2026091523,2026-09-15 23:29:26
4050004901,20260915232500,0,54,0,23,2026091523,2026-09-15 23:29:26
4050113300,20260915232500,0,53,0,8,2026091523,2026-09-15 23:29:26
4050124800,20260915232500,0,15,0,92,2026091523,2026-09-15 23:29:26
4050066400,20260915232500,0,24,0,22,2026091523,2026-09-15 23:29:26
4050087700,20260915232500,0,39,0,6,2026091523,2026-09-15 23:29:26
4050112800,20260915232500,0,32,0,7,2026091523,2026-09-15 23:29:26
4050136100,20260915232500,0,39,0,37,2026091523,2026-09-15 23:29:26
4060127700,20260915232500,0,27,0,17,2026091523,2026-09-15 23:29:26
4060073800,20260915232500,0,30,0,12,2026091523,2026-09-15 23:29:26
4060014900,20260915232500,0,57,0,17,2026091523,2026-09-15 23:29:26
4050049400,20260915232500,0,32,0,14,2026091523,2026-09-15 23:29:26
4060032900,20260915232500,0,35,0,8,2026091523,2026-09-15 23:29:26
4050086500,20260915232500,0,43,0,20,2026091523,2026-09-15 23:29:26
4060049700,20260915232500,0,20,0,41,2026091523,2026-09-15 23:29:26
4060076400,20260915232500,0,27,0,13,2026091523,2026-09-15 23:29:26
4060074200,20260915232500,0,40,0,8,2026091523,2026-09-15 23:29:26
4050113100,20260915232500,0,44,0,5,2026091523,2026-09-15 23:29:26
4060042600,20260915232500,0,30,0,15,2026091523,2026-09-15 23:29:26
4050109000,20260915232500,0,38,0,10,2026091523,2026-09-15 23:29:26
4050084500,20260915232500,0,43,0,7,2026091523,2026-09-15 23:29:26
4050070900,20260915232500,0,33,0,38,2026091523,2026-09-15 23:29:26
4050148500,20260915232500,0,28,0,26,2026091523,2026-09-15 23:29:26
4050042700,20260915232500,0,27,0,16,2026091523,2026-09-15 23:29:26
4050049000,20260915232500,0,27,0,31,2026091523,2026-09-15 23:29:26
4050049600,20260915232500,0,34,0,23,2026091523,2026-09-15 23:29:26
4050137900,20260915232500,0,27,0,58,2026091523,2026-09-15 23:29:26
4050045100,20260915232500,0,23,0,25,2026091523,2026-09-15 23:29:26
4050060400,20260915232500,0,16,0,117,2026091523,2026-09-15 23:29:26
4050149700,20260915232500,0,27,0,18,2026091523,2026-09-15 23:29:26
4060052200,20260915232500,0,34,0,24,2026091523,2026-09-15 23:29:26
4060073900,20260915232500,0,25,0,14,2026091523,2026-09-15 23:29:26
4060074300,20260915232500,0,32,0,11,2026091523,2026-09-15 23:29:26
4060061200,20260915232500,0,48,0,16,2026091523,2026-09-15 23:29:26
4060075300,20260915232500,0,37,0,9,2026091523,2026-09-15 23:29:26
4060073700,20260915232500,0,30,0,11,2026091523,2026-09-15 23:29:26
4050042800,20260915232500,0,27,0,16,2026091523,2026-09-15 23:29:26
4050045200,20260915232500,0,27,0,21,2026091523,2026-09-15 23:29:26
4060013701,20260915232500,0,59,0,43,2026091523,2026-09-15 23:29:26
4060028800,20260915232500,0,32,0,4,2026091523,2026-09-15 23:29:26
4060012302,20260915232500,0,48,0,47,2026091523,2026-09-15 23:29:26
4060012301,20260915232500,0,34,0,17,2026091523,2026-09-15 23:29:26
4060012901,20260915232500,0,36,0,43,2026091523,2026-09-15 23:29:26
4060127800,20260915232500,0,7,0,59,2026091523,2026-09-15 23:29:26
4060029000,20260915232500,0,32,0,9,2026091523,2026-09-15 23:29:26
4060076500,20260915232500,0,36,0,9,2026091523,2026-09-15 23:29:26
4060010503,20260915232500,0,37,0,52,2026091523,2026-09-15 23:29:26
4060010502,20260915232500,0,37,0,2,2026091523,2026-09-15 23:29:26
4060010501,20260915232500,0,37,0,6,2026091523,2026-09-15 23:29:26
4060030500,20260915232500,0,39,0,6,2026091523,2026-09-15 23:29:26
4060122500,20260915232500,0,38,0,14,2026091523,2026-09-15 23:29:26
4050098800,20260915232500,0,27,0,30,2026091523,2026-09-15 23:29:26
4050086800,20260915232500,0,27,0,29,2026091523,2026-09-15 23:29:26
4060030300,20260915232500,0,43,0,6,2026091523,2026-09-15 23:29:26
4060075400,20260915232500,0,42,0,12,2026091523,2026-09-15 23:29:26
4060030700,20260915232500,0,37,0,14,2026091523,2026-09-15 23:29:26
4050096800,20260915232500,0,6,0,69,2026091523,2026-09-15 23:29:26
4050084700,20260915232500,0,31,0,14,2026091523,2026-09-15 23:29:26
4050075900,20260915232500,0,23,0,19,2026091523,2026-09-15 23:29:26
4050105200,20260915232500,0,6,0,41,2026091523,2026-09-15 23:29:26
4050080100,20260915232500,0,23,0,18,2026091523,2026-09-15 23:29:26
4050092600,20260915232500,0,31,0,15,2026091523,2026-09-15 23:29:26
4050070800,20260915232500,0,23,0,16,2026091523,2026-09-15 23:29:26
4060061100,20260915232500,0,40,0,19,2026091523,2026-09-15 23:29:26
4060063200,20260915232500,0,27,0,9,2026091523,2026-09-15 23:29:26
4060064800,20260915232500,0,27,0,19,2026091523,2026-09-15 23:29:26
4060052300,20260915232500,0,28,0,18,2026091523,2026-09-15 23:29:26
4060010313,20260915232500,4,84,0,20,2026091523,2026-09-15 23:29:26
4060010312,20260915232500,0,56,0,44,2026091523,2026-09-15 23:29:26
4060010311,20260915232500,0,29,0,14,2026091523,2026-09-15 23:29:26
4060010310,20260915232500,0,29,0,23,2026091523,2026-09-15 23:29:26
4060010309,20260915232500,0,29,0,3,2026091523,2026-09-15 23:29:26
4060010308,20260915232500,0,29,0,7,2026091523,2026-09-15 23:29:26
4060010307,20260915232500,0,29,0,2,2026091523,2026-09-15 23:29:26
4060010305,20260915232500,0,66,0,22,2026091523,2026-09-15 23:29:26
4060010304,20260915232500,0,66,0,2,2026091523,2026-09-15 23:29:26
4060010303,20260915232500,0,66,0,9,2026091523,2026-09-15 23:29:26
4060010302,20260915232500,0,66,0,3,2026091523,2026-09-15 23:29:26
4060011703,20260915232500,0,41,0,4,2026091523,2026-09-15 23:29:26
4060011702,20260915232500,0,41,0,34,2026091523,2026-09-15 23:29:26
4060009902,20260915232500,0,20,0,20,2026091523,2026-09-15 23:29:26
4060009901,20260915232500,0,20,0,13,2026091523,2026-09-15 23:29:26
4050044400,20260915232500,0,27,0,18,2026091523,2026-09-15 23:29:26
4050050800,20260915232500,0,28,0,31,2026091523,2026-09-15 23:29:26
4050046200,20260915232500,0,27,0,20,2026091523,2026-09-15 23:29:26
4050057600,20260915232500,0,36,0,9,2026091523,2026-09-15 23:29:26
4060070900,20260915232500,0,26,0,17,2026091523,2026-09-15 23:29:26
4060071100,20260915232500,0,32,0,3,2026091523,2026-09-15 23:29:26
4060011000,20260915232500,0,41,0,42,2026091523,2026-09-15 23:29:26
4060008800,20260915232500,0,30,0,80,2026091523,2026-09-15 23:29:26
4060062200,20260915232500,0,14,0,110,2026091523,2026-09-15 23:29:26
4050112300,20260915232500,0,36,0,24,2026091523,2026-09-15 23:29:26
4050112700,20260915232500,0,36,0,7,2026091523,2026-09-15 23:29:26
4060064900,20260915232500,0,27,0,19,2026091523,2026-09-15 23:29:26
4060013600,20260915232500,0,49,0,9,2026091523,2026-09-15 23:29:26
4060012402,20260915232500,0,49,0,46,2026091523,2026-09-15 23:29:26
4060012401,20260915232500,0,34,0,17,2026091523,2026-09-15 23:29:26
4060010603,20260915232500,0,36,0,53,2026091523,2026-09-15 23:29:26
4060010602,20260915232500,0,36,0,2,2026091523,2026-09-15 23:29:26
4060010601,20260915232500,0,36,0,7,2026091523,2026-09-15 23:29:26
4060014200,20260915232500,0,50,0,34,2026091523,2026-09-15 23:29:26
4060063300,20260915232500,0,30,0,8,2026091523,2026-09-15 23:29:26
4060008700,20260915232500,0,32,0,75,2026091523,2026-09-15 23:29:26
4060062100,20260915232500,0,34,0,45,2026091523,2026-09-15 23:29:26
4060010900,20260915232500,0,34,0,51,2026091523,2026-09-15 23:29:26
4060070600,20260915232500,0,30,0,9,2026091523,2026-09-15 23:29:26
4050174800,20260915232500,0,39,0,36,2026091523,2026-09-15 23:29:26
4050167000,20260915232500,0,38,0,51,2026091523,2026-09-15 23:29:26
4060017905,20260915232500,0,45,0,1,2026091523,2026-09-15 23:29:26
4060017903,20260915232500,0,37,0,13,2026091523,2026-09-15 23:29:26
4060017902,20260915232500,0,26,0,24,2026091523,2026-09-15 23:29:26
4060017901,20260915232500,0,27,0,13,2026091523,2026-09-15 23:29:26
4060016000,20260915232500,0,45,0,8,2026091523,2026-09-15 23:29:26
4060019701,20260915232500,0,43,0,14,2026091523,2026-09-15 23:29:26
4060053900,20260915232500,0,32,0,8,2026091523,2026-09-15 23:29:26
4060016100,20260915232500,0,48,0,7,2026091523,2026-09-15 23:29:26
4060019801,20260915232500,0,47,0,13,2026091523,2026-09-15 23:29:26
4060018005,20260915232500,0,44,0,1,2026091523,2026-09-15 23:29:26
4060018003,20260915232500,0,31,0,15,2026091523,2026-09-15 23:29:26
4060018002,20260915232500,0,27,0,24,2026091523,2026-09-15 23:29:26
4060018001,20260915232500,0,27,0,13,2026091523,2026-09-15 23:29:26
4050179100,20260915232500,0,26,0,51,2026091523,2026-09-15 23:29:26
4050048000,20260915232500,0,30,0,11,2026091523,2026-09-15 23:29:26
4050046400,20260915232500,0,36,0,11,2026091523,2026-09-15 23:29:26
4060063800,20260915232500,0,27,0,12,2026091523,2026-09-15 23:29:26
4060064200,20260915232500,0,27,0,13,2026091523,2026-09-15 23:29:26
4060064600,20260915232500,0,26,0,14,2026091523,2026-09-15 23:29:26
4060063400,20260915232500,0,27,0,13,2026091523,2026-09-15 23:29:26
4060063900,20260915232500,0,27,0,12,2026091523,2026-09-15 23:29:26
4060064300,20260915232500,0,27,0,13,2026091523,2026-09-15 23:29:26
4060064700,20260915232500,0,27,0,13,2026091523,2026-09-15 23:29:26
4060063500,20260915232500,0,27,0,13,2026091523,2026-09-15 23:29:26
4060071900,20260915232500,0,32,0,5,2026091523,2026-09-15 23:29:26
4060140500,20260915232500,0,32,0,114,2026091523,2026-09-15 23:29:26
4060030600,20260915232500,0,43,0,6,2026091523,2026-09-15 23:29:26
4060030800,20260915232500,0,43,0,12,2026091523,2026-09-15 23:29:26
4060040900,20260915232500,0,10,0,73,2026091523,2026-09-15 23:29:26
4060041300,20260915232500,0,20,0,35,2026091523,2026-09-15 23:29:26
4060041100,20260915232500,0,20,0,33,2026091523,2026-09-15 23:29:26
4060140600,20260915232500,0,40,0,92,2026091523,2026-09-15 23:29:26
4060071800,20260915232500,0,40,0,4,2026091523,2026-09-15 23:29:26
4060041400,20260915232500,0,28,0,25,2026091523,2026-09-15 23:29:26
4060041200,20260915232500,0,28,0,24,2026091523,2026-09-15 23:29:26
4060041000,20260915232500,0,27,0,27,2026091523,2026-09-15 23:29:26
4050137600,20260915232500,0,8,0,63,2026091523,2026-09-15 23:29:26
4060115000,20260915232500,0,40,0,23,2026091523,2026-09-15 23:29:26
4060115100,20260915232500,0,52,0,18,2026091523,2026-09-15 23:29:26
4060054000,20260915232500,0,38,0,7,2026091523,2026-09-15 23:29:26
4060052400,20260915232500,0,28,0,18,2026091523,2026-09-15 23:29:26
4050204100,20260915232500,0,10,0,66,2026091523,2026-09-15 23:29:26
4050003703,20260915232500,0,38,0,98,2026091523,2026-09-15 23:29:26
4050000301,20260915232500,0,23,0,54,2026091523,2026-09-15 23:29:26
4050009800,20260915232500,0,49,0,7,2026091523,2026-09-15 23:29:26
4060007300,20260915232500,0,54,0,48,2026091523,2026-09-15 23:29:26
4050065400,20260915232500,0,35,0,18,2026091523,2026-09-15 23:29:26
4050014101,20260915232500,0,29,0,28,2026091523,2026-09-15 23:29:26
4050008700,20260915232500,0,34,0,32,2026091523,2026-09-15 23:29:26
4060006200,20260915232500,0,53,0,9,2026091523,2026-09-15 23:29:26
4060000901,20260915232500,0,28,0,27,2026091523,2026-09-15 23:29:26
4060078800,20260915232500,0,30,0,8,2026091523,2026-09-15 23:29:26
4050013000,20260915232500,0,27,0,40,2026091523,2026-09-15 23:29:26
4050116000,20260915232500,0,35,0,2,2026091523,2026-09-15 23:29:26
4060005100,20260915232500,0,55,0,7,2026091523,2026-09-15 23:29:26
4050063200,20260915232500,0,18,0,30,2026091523,2026-09-15 23:29:26
4050166200,20260915232500,0,14,0,139,2026091523,2026-09-15 23:29:26
4050091000,20260915232500,0,4,0,93,2026091523,2026-09-15 23:29:26
4050159700,20260915232500,0,44,0,11,2026091523,2026-09-15 23:29:26
4050187500,20260915232500,0,34,0,9,2026091523,2026-09-15 23:29:26
4050136200,20260915232500,0,26,0,56,2026091523,2026-09-15 23:29:26
4060025300,20260915232500,0,33,0,13,2026091523,2026-09-15 23:29:26
4060128300,20260915232500,0,42,0,17,2026091523,2026-09-15 23:29:26
4050061000,20260915232500,0,57,0,15,2026091523,2026-09-15 23:29:26
4060019900,20260915232500,0,60,0,10,2026091523,2026-09-15 23:29:26
4050164000,20260915232500,0,29,0,54,2026091523,2026-09-15 23:29:26
4050158600,20260915232500,0,38,0,25,2026091523,2026-09-15 23:29:26
4050026700,20260915232500,0,39,0,11,2026091523,2026-09-15 23:29:26
4050054500,20260915232500,0,36,0,9,2026091523,2026-09-15 23:29:26
4050209200,20260915232500,0,44,0,70,2026091523,2026-09-15 23:29:26
4050025602,20260915232500,0,33,0,8,2026091523,2026-09-15 23:29:26
4050025601,20260915232500,0,33,0,61,2026091523,2026-09-15 23:29:26
4060017703,20260915232500,0,66,0,6,2026091523,2026-09-15 23:29:26
4050134000,20260915232500,0,44,0,19,2026091523,2026-09-15 23:29:26
4060017702,20260915232500,0,66,0,1,2026091523,2026-09-15 23:29:26
4060017701,20260915232500,0,66,0,14,2026091523,2026-09-15 23:29:26
4050053400,20260915232500,0,4,0,76,2026091523,2026-09-15 23:29:26
4050156400,20260915232500,0,32,0,19,2026091523,2026-09-15 23:29:26
4050203900,20260915232500,0,10,0,65,2026091523,2026-09-15 23:29:26
4050105100,20260915232500,0,42,0,5,2026091523,2026-09-15 23:29:26
4050024500,20260915232500,0,13,0,43,2026091523,2026-09-15 23:29:26
4060016603,20260915232500,0,63,0,17,2026091523,2026-09-15 23:29:26
4060016602,20260915232500,0,63,0,1,2026091523,2026-09-15 23:29:26
4060016601,20260915232500,0,63,0,15,2026091523,2026-09-15 23:29:26
4060022000,20260915232500,0,46,0,16,2026091523,2026-09-15 23:29:26
4050074700,20260915232500,0,14,0,60,2026091523,2026-09-15 23:29:26
4050183100,20260915232500,0,35,0,17,2026091523,2026-09-15 23:29:26
4050177700,20260915232500,0,17,0,69,2026091523,2026-09-15 23:29:26
4050202800,20260915232500,0,42,0,6,2026091523,2026-09-15 23:29:26
4050154200,20260915232500,0,31,0,27,2026091523,2026-09-15 23:29:26
4050148800,20260915232500,0,31,0,2,2026091523,2026-09-15 23:29:26
4050182000,20260915232500,0,19,0,104,2026091523,2026-09-15 23:29:26
4050022300,20260915232500,0,54,0,23,2026091523,2026-09-15 23:29:26
4060014402,20260915232500,0,42,0,41,2026091523,2026-09-15 23:29:26
4050016900,20260915232500,0,50,0,13,2026091523,2026-09-15 23:29:26
4060014401,20260915232500,0,42,0,69,2026091523,2026-09-15 23:29:26
4050044700,20260915232500,0,34,0,31,2026091523,2026-09-15 23:29:26
4050153100,20260915232500,0,31,0,96,2026091523,2026-09-15 23:29:26
4050147700,20260915232500,0,52,0,13,2026091523,2026-09-15 23:29:26
4050175500,20260915232500,0,31,0,48,2026091523,2026-09-15 23:29:26
4050200600,20260915232500,0,27,0,2,2026091523,2026-09-15 23:29:26
4050021200,20260915232500,0,36,0,7,2026091523,2026-09-15 23:29:26
4060013303,20260915232500,0,41,0,15,2026091523,2026-09-15 23:29:26
4060013302,20260915232500,0,41,0,2,2026091523,2026-09-15 23:29:26
4050015800,20260915232500,0,51,0,10,2026091523,2026-09-15 23:29:26
4060013301,20260915232500,0,13,0,80,2026091523,2026-09-15 23:29:26
4050152000,20260915232500,0,36,0,8,2026091523,2026-09-15 23:29:26
4050146600,20260915232500,0,21,0,25,2026091523,2026-09-15 23:29:26
4050174400,20260915232500,0,26,0,46,2026091523,2026-09-15 23:29:26
4050098000,20260915232500,0,37,0,10,2026091523,2026-09-15 23:29:26
4050020100,20260915232500,0,48,0,4,2026091523,2026-09-15 23:29:26
4060006801,20260915232500,0,50,0,8,2026091523,2026-09-15 23:29:26
4050042500,20260915232500,0,18,0,28,2026091523,2026-09-15 23:29:26
4050069100,20260915232500,0,23,0,21,2026091523,2026-09-15 23:29:26
4050013600,20260915232500,0,22,0,24,2026091523,2026-09-15 23:29:26
4060005700,20260915232500,0,59,0,54,2026091523,2026-09-15 23:29:26
4060010002,20260915232500,0,31,0,13,2026091523,2026-09-15 23:29:26
4050012500,20260915232500,0,30,0,10,2026091523,2026-09-15 23:29:26
4060010001,20260915232500,0,31,0,8,2026091523,2026-09-15 23:29:26
4060004600,20260915232500,0,19,0,20,2026091523,2026-09-15 23:29:26
4050040300,20260915232500,0,53,0,6,2026091523,2026-09-15 23:29:26
4050165700,20260915232500,0,40,0,15,2026091523,2026-09-15 23:29:26
4050193500,20260915232500,0,30,0,24,2026091523,2026-09-15 23:29:26
4050011400,20260915232500,0,6,0,65,2026091523,2026-09-15 23:29:26
4060003500,20260915232500,0,19,0,18,2026091523,2026-09-15 23:29:26
4060128900,20260915232500,0,35,0,14,2026091523,2026-09-15 23:29:26
4050061600,20260915232500,0,53,0,4,2026091523,2026-09-15 23:29:26
4060053700,20260915232500,0,35,0,10,2026091523,2026-09-15 23:29:26
4050192400,20260915232500,0,6,0,40,2026091523,2026-09-15 23:29:26
4050088200,20260915232500,0,23,0,47,2026091523,2026-09-15 23:29:26
4050010300,20260915232500,0,7,0,102,2026091523,2026-09-15 23:29:26
4060002402,20260915232500,0,50,0,3,2026091523,2026-09-15 23:29:26
4050032700,20260915232500,0,46,0,29,2026091523,2026-09-15 23:29:26
4050141100,20260915232500,0,42,0,30,2026091523,2026-09-15 23:29:26
4060052600,20260915232500,0,35,0,10,2026091523,2026-09-15 23:29:26
4050191300,20260915232500,0,37,0,17,2026091523,2026-09-15 23:29:26
4050009100,20260915232500,0,31,0,30,2026091523,2026-09-15 23:29:26
4050059300,20260915232500,0,41,0,14,2026091523,2026-09-15 23:29:26
4050003804,20260915232500,0,59,0,33,2026091523,2026-09-15 23:29:26
4050003803,20260915232500,0,59,0,63,2026091523,2026-09-15 23:29:26
4060001304,20260915232500,0,50,0,3,2026091523,2026-09-15 23:29:26
4050003802,20260915232500,2,59,0,68,2026091523,2026-09-15 23:29:26
4060001302,20260915232500,0,52,0,5,2026091523,2026-09-15 23:29:26
4060001301,20260915232500,0,52,0,7,2026091523,2026-09-15 23:29:26
4050031600,20260915232500,0,19,0,70,2026091523,2026-09-15 23:29:26
4050134600,20260915232500,0,51,0,30,2026091523,2026-09-15 23:29:26
4060126700,20260915232500,0,29,0,31,2026091523,2026-09-15 23:29:26
4050008001,20260915232500,0,33,0,20,2026091523,2026-09-15 23:29:26
4060000201,20260915232500,0,24,0,16,2026091523,2026-09-15 23:29:26
4050030500,20260915232500,0,41,0,24,2026091523,2026-09-15 23:29:26
4050161300,20260915232500,0,21,0,42,2026091523,2026-09-15 23:29:26
4050029302,20260915232500,0,39,0,14,2026091523,2026-09-15 23:29:26
4050029301,20260915232500,0,39,0,8,2026091523,2026-09-15 23:29:26
4050001600,20260915232500,0,58,0,25,2026091523,2026-09-15 23:29:26
4050207600,20260915232500,0,37,0,27,2026091523,2026-09-15 23:29:26
4060021500,20260915232500,0,53,0,54,2026091523,2026-09-15 23:29:26
4050182600,20260915232500,0,38,0,20,2026091523,2026-09-15 23:29:26
4050022902,20260915232500,0,41,0,19,2026091523,2026-09-15 23:29:26
4050022901,20260915232500,0,41,0,36,2026091523,2026-09-15 23:29:26
4050131300,20260915232500,0,47,0,28,2026091523,2026-09-15 23:29:26
4050050700,20260915232500,0,27,0,32,2026091523,2026-09-15 23:29:26
4060042800,20260915232500,0,31,0,22,2026091523,2026-09-15 23:29:26
4050027101,20260915232500,0,38,0,23,2026091523,2026-09-15 23:29:26
4050021802,20260915232500,0,34,0,29,2026091523,2026-09-15 23:29:26
4050021801,20260915232500,0,48,0,12,2026091523,2026-09-15 23:29:26
4060013900,20260915232500,0,61,0,74,2026091523,2026-09-15 23:29:26
4050152600,20260915232500,0,14,0,71,2026091523,2026-09-15 23:29:26
4050026000,20260915232500,0,33,0,12,2026091523,2026-09-15 23:29:26
4050129000,20260915232500,0,18,0,42,2026091523,2026-09-15 23:29:26
4060018100,20260915232500,8,87,0,41,2026091523,2026-09-15 23:29:26
4050179200,20260915232500,0,27,0,49,2026091523,2026-09-15 23:29:26
4050020702,20260915232500,0,38,0,24,2026091523,2026-09-15 23:29:26
4050019500,20260915232500,0,47,0,18,2026091523,2026-09-15 23:29:26
4050172800,20260915232500,0,43,0,8,2026091523,2026-09-15 23:29:26
4050018400,20260915232500,0,20,0,20,2026091523,2026-09-15 23:29:26
4050149200,20260915232500,0,42,0,9,2026091523,2026-09-15 23:29:26
4060060800,20260915232500,0,43,0,6,2026091523,2026-09-15 23:29:26
4050017300,20260915232500,0,31,0,33,2026091523,2026-09-15 23:29:26
4060009400,20260915232500,0,46,0,12,2026091523,2026-09-15 23:29:26
4050016200,20260915232500,0,38,0,11,2026091523,2026-09-15 23:29:26
4060008301,20260915232500,0,42,0,13,2026091523,2026-09-15 23:29:26
4050147000,20260915232500,0,57,0,6,2026091523,2026-09-15 23:29:26
4060058500,20260915232500,0,40,0,20,2026091523,2026-09-15 23:29:26
4050088800,20260915232500,0,13,0,91,2026091523,2026-09-15 23:29:26
4050010900,20260915232500,0,36,0,9,2026091523,2026-09-15 23:29:26
4050191900,20260915232500,0,29,0,26,2026091523,2026-09-15 23:29:26
4050009700,20260915232500,0,41,0,8,2026091523,2026-09-15 23:29:26
4060007200,20260915232500,0,47,0,14,2026091523,2026-09-15 23:29:26
4050065300,20260915232500,0,12,0,52,2026091523,2026-09-15 23:29:26
4050059900,20260915232500,0,48,0,22,2026091523,2026-09-15 23:29:26
4050117000,20260915232500,0,35,0,43,2026091523,2026-09-15 23:29:26
4050008600,20260915232500,0,33,0,10,2026091523,2026-09-15 23:29:26
4060006100,20260915232500,0,60,0,8,2026091523,2026-09-15 23:29:26
4050167200,20260915232500,0,24,0,92,2026091523,2026-09-15 23:29:26
4060078700,20260915232500,0,31,0,7,2026091523,2026-09-15 23:29:26
4060005001,20260915232500,0,33,0,11,2026091523,2026-09-15 23:29:26
4050035300,20260915232500,0,48,0,65,2026091523,2026-09-15 23:29:26
4050029900,20260915232500,0,29,0,11,2026091523,2026-09-15 23:29:26
4050063100,20260915232500,0,23,0,23,2026091523,2026-09-15 23:29:26
4050166100,20260915232500,0,34,0,57,2026091523,2026-09-15 23:29:26
4050160800,20260915232500,0,41,0,30,2026091523,2026-09-15 23:29:26
4050006403,20260915232500,0,45,0,12,2026091523,2026-09-15 23:29:26
4050006402,20260915232500,0,45,0,6,2026091523,2026-09-15 23:29:26
4050006401,20260915232500,0,45,0,13,2026091523,2026-09-15 23:29:26
4050137200,20260915232500,0,32,0,20,2026091523,2026-09-15 23:29:26
4050028800,20260915232500,0,47,0,8,2026091523,2026-09-15 23:29:26
4050159600,20260915232500,0,44,0,21,2026091523,2026-09-15 23:29:26
4050187400,20260915232500,0,25,0,27,2026091523,2026-09-15 23:29:26
4060098900,20260915232500,0,33,0,88,2026091523,2026-09-15 23:29:26
4050158500,20260915232500,0,24,0,39,2026091523,2026-09-15 23:29:26
4060053000,20260915232500,0,36,0,9,2026091523,2026-09-15 23:29:26
4050026602,20260915232500,0,41,0,15,2026091523,2026-09-15 23:29:26
4050032001,20260915232500,0,48,0,2,2026091523,2026-09-15 23:29:26
4050026601,20260915232500,0,41,0,30,2026091523,2026-09-15 23:29:26
4050129600,20260915232500,0,17,0,48,2026091523,2026-09-15 23:29:26
4050054400,20260915232500,0,36,0,15,2026091523,2026-09-15 23:29:26
4050204900,20260915232500,0,34,0,14,2026091523,2026-09-15 23:29:26
4050209100,20260915232500,0,45,0,67,2026091523,2026-09-15 23:29:26
4050025502,20260915232500,0,28,0,9,2026091523,2026-09-15 23:29:26
4050025501,20260915232500,0,28,0,72,2026091523,2026-09-15 23:29:26
4060017603,20260915232500,0,87,0,4,2026091523,2026-09-15 23:29:26
4060017602,20260915232500,0,87,0,1,2026091523,2026-09-15 23:29:26
4060023001,20260915232500,2,66,0,43,2026091523,2026-09-15 23:29:26
4060017601,20260915232500,0,87,0,11,2026091523,2026-09-15 23:29:26
4050053300,20260915232500,0,37,0,8,2026091523,2026-09-15 23:29:26
4050156300,20260915232500,0,34,0,18,2026091523,2026-09-15 23:29:26
4050047900,20260915232500,0,32,0,11,2026091523,2026-09-15 23:29:26
4060016503,20260915232500,0,71,0,15,2026091523,2026-09-15 23:29:26
4050024400,20260915232500,0,42,0,27,2026091523,2026-09-15 23:29:26
4060016502,20260915232500,0,71,0,1,2026091523,2026-09-15 23:29:26
4060016501,20260915232500,0,71,0,13,2026091523,2026-09-15 23:29:26
4050052200,20260915232500,0,37,0,24,2026091523,2026-09-15 23:29:26
4050155200,20260915232500,0,42,0,12,2026091523,2026-09-15 23:29:26
4050149800,20260915232500,0,26,0,20,2026091523,2026-09-15 23:29:26
4050183000,20260915232500,0,44,0,16,2026091523,2026-09-15 23:29:26
4050202700,20260915232500,0,9,0,31,2026091523,2026-09-15 23:29:26
4060015402,20260915232500,0,51,0,3,2026091523,2026-09-15 23:29:26
4050017900,20260915232500,0,38,0,24,2026091523,2026-09-15 23:29:26
4060015401,20260915232500,0,51,0,2,2026091523,2026-09-15 23:29:26
4050154100,20260915232500,0,7,0,122,2026091523,2026-09-15 23:29:26
4050148700,20260915232500,0,39,0,2,2026091523,2026-09-15 23:29:26
4050201600,20260915232500,0,27,0,35,2026091523,2026-09-15 23:29:26
4050016802,20260915232500,0,51,0,20,2026091523,2026-09-15 23:29:26
4050016801,20260915232500,26,57,0,17,2026091523,2026-09-15 23:29:26
4060014302,20260915232500,0,38,0,45,2026091523,2026-09-15 23:29:26
4060014301,20260915232500,0,38,0,76,2026091523,2026-09-15 23:29:26
4060008900,20260915232500,0,33,0,130,2026091523,2026-09-15 23:29:26
4050147600,20260915232500,0,31,0,8,2026091523,2026-09-15 23:29:26
4050200500,20260915232500,0,26,0,3,2026091523,2026-09-15 23:29:26
4050099000,20260915232500,0,23,0,61,2026091523,2026-09-15 23:29:26
4060013203,20260915232500,0,38,0,16,2026091523,2026-09-15 23:29:26
4050021100,20260915232500,0,13,0,20,2026091523,2026-09-15 23:29:26
4060013202,20260915232500,0,38,0,2,2026091523,2026-09-15 23:29:26
4050015700,20260915232500,0,22,0,23,2026091523,2026-09-15 23:29:26
4060013201,20260915232500,0,43,0,24,2026091523,2026-09-15 23:29:26
4060007800,20260915232500,0,48,0,10,2026091523,2026-09-15 23:29:26
4050146500,20260915232500,0,40,0,13,2026091523,2026-09-15 23:29:26
4050174300,20260915232500,0,36,0,33,2026091523,2026-09-15 23:29:26
4050014602,20260915232500,0,26,0,26,2026091523,2026-09-15 23:29:26
4050014601,20260915232500,0,26,0,40,2026091523,2026-09-15 23:29:26
4050020000,20260915232500,0,45,0,5,2026091523,2026-09-15 23:29:26
4050117600,20260915232500,0,36,0,20,2026091523,2026-09-15 23:29:26
4060006701,20260915232500,0,53,0,8,2026091523,2026-09-15 23:29:26
4050042400,20260915232500,0,38,0,33,2026091523,2026-09-15 23:29:26
4050167800,20260915232500,0,33,0,56,2026091523,2026-09-15 23:29:26
4050013500,20260915232500,0,24,0,22,2026091523,2026-09-15 23:29:26
4060004500,20260915232500,0,29,0,13,2026091523,2026-09-15 23:29:26
4050040200,20260915232500,0,54,0,11,2026091523,2026-09-15 23:29:26
4060026900,20260915232500,0,25,0,8,2026091523,2026-09-15 23:29:26
4050062600,20260915232500,0,58,0,11,2026091523,2026-09-15 23:29:26
4050011300,20260915232500,0,19,0,21,2026091523,2026-09-15 23:29:26
4050108900,20260915232500,0,28,0,12,2026091523,2026-09-15 23:29:26
4060003400,20260915232500,0,36,0,7,2026091523,2026-09-15 23:29:26
4050061500,20260915232500,0,53,0,4,2026091523,2026-09-15 23:29:26
4050192300,20260915232500,0,29,0,8,2026091523,2026-09-15 23:29:26
4050010201,20260915232500,0,60,0,132,2026091523,2026-09-15 23:29:26
4050088100,20260915232500,0,33,0,33,2026091523,2026-09-15 23:29:26
4050004801,20260915232500,0,49,0,6,2026091523,2026-09-15 23:29:26
4060002302,20260915232500,0,48,0,3,2026091523,2026-09-15 23:29:26
4050113200,20260915232500,0,35,0,7,2026091523,2026-09-15 23:29:26
4060052500,20260915232500,0,30,0,12,2026091523,2026-09-15 23:29:26
4050009000,20260915232500,0,48,0,35,2026091523,2026-09-15 23:29:26
4050003704,20260915232500,0,46,0,42,2026091523,2026-09-15 23:29:26
4050003702,20260915232500,2,46,0,88,2026091523,2026-09-15 23:29:26
4050031500,20260915232500,0,33,0,40,2026091523,2026-09-15 23:29:26
4050134500,20260915232500,0,49,0,31,2026091523,2026-09-15 23:29:26
4060023600,20260915232500,0,44,0,15,2026091523,2026-09-15 23:29:26
4050053900,20260915232500,0,36,0,6,2026091523,2026-09-15 23:29:26
4060000101,20260915232500,0,46,0,8,2026091523,2026-09-15 23:29:26
4050030400,20260915232500,0,9,0,65,2026091523,2026-09-15 23:29:26
4050155800,20260915232500,0,19,0,62,2026091523,2026-09-15 23:29:26
4060050300,20260915232500,0,13,0,30,2026091523,2026-09-15 23:29:26
4060044900,20260915232500,0,37,0,7,2026091523,2026-09-15 23:29:26
4050029200,20260915232500,0,41,0,41,2026091523,2026-09-15 23:29:26
4050023909,20260915232500,0,59,0,1,2026091523,2026-09-15 23:29:26
4050023908,20260915232500,0,56,0,78,2026091523,2026-09-15 23:29:26
4050023907,20260915232500,0,54,0,2,2026091523,2026-09-15 23:29:26
4050001500,20260915232500,0,50,0,29,2026091523,2026-09-15 23:29:26
4050023905,20260915232500,0,45,0,34,2026091523,2026-09-15 23:29:26
4050207500,20260915232500,0,8,0,124,2026091523,2026-09-15 23:29:26
4050023903,20260915232500,10,45,0,16,2026091523,2026-09-15 23:29:26
4060021400,20260915232500,0,54,0,5,2026091523,2026-09-15 23:29:26
4050182500,20260915232500,0,40,0,19,2026091523,2026-09-15 23:29:26
4050000403,20260915232500,0,45,0,16,2026091523,2026-09-15 23:29:26
4050000402,20260915232500,0,47,0,238,2026091523,2026-09-15 23:29:26
4050000401,20260915232500,0,47,0,26,2026091523,2026-09-15 23:29:26
4050206400,20260915232500,0,39,0,4,2026091523,2026-09-15 23:29:26
4050022800,20260915232500,0,40,0,9,2026091523,2026-09-15 23:29:26
4060098200,20260915232500,0,42,0,30,2026091523,2026-09-15 23:29:26
4050153600,20260915232500,0,35,0,5,2026091523,2026-09-15 23:29:26
4060042700,20260915232500,0,36,0,12,2026091523,2026-09-15 23:29:26
4050027000,20260915232500,0,37,0,50,2026091523,2026-09-15 23:29:26
4050021702,20260915232500,0,42,0,24,2026091523,2026-09-15 23:29:26
4050021701,20260915232500,0,39,0,15,2026091523,2026-09-15 23:29:26
4050124700,20260915232500,0,37,0,37,2026091523,2026-09-15 23:29:26
4060013801,20260915232500,0,36,0,45,2026091523,2026-09-15 23:29:26
4050152500,20260915232500,0,51,0,19,2026091523,2026-09-15 23:29:26
4050071900,20260915232500,0,23,0,61,2026091523,2026-09-15 23:29:26
4050174900,20260915232500,0,49,0,16,2026091523,2026-09-15 23:29:26
4050204200,20260915232500,0,17,0,41,2026091523,2026-09-15 23:29:26
4050020602,20260915232500,0,23,0,80,2026091523,2026-09-15 23:29:26
4050020601,20260915232500,0,28,0,27,2026091523,2026-09-15 23:29:26
4050019400,20260915232500,0,43,0,6,2026091523,2026-09-15 23:29:26
4050178000,20260915232500,0,32,0,14,2026091523,2026-09-15 23:29:26
4060011600,20260915232500,0,41,0,2,2026091523,2026-09-15 23:29:26
4050172700,20260915232500,0,41,0,8,2026091523,2026-09-15 23:29:26
4050018300,20260915232500,0,47,0,8,2026091523,2026-09-15 23:29:26
4050046100,20260915232500,0,28,0,19,2026091523,2026-09-15 23:29:26
4050149100,20260915232500,0,39,0,10,2026091523,2026-09-15 23:29:26
4050040800,20260915232500,0,75,0,35,2026091523,2026-09-15 23:29:26
4060060700,20260915232500,0,37,0,7,2026091523,2026-09-15 23:29:26
4050017200,20260915232500,0,44,0,19,2026091523,2026-09-15 23:29:26
4060009300,20260915232500,0,52,0,10,2026091523,2026-09-15 23:29:26
4050011900,20260915232500,0,25,0,11,2026091523,2026-09-15 23:29:26
4050016100,20260915232500,0,42,0,10,2026091523,2026-09-15 23:29:26
4060008200,20260915232500,0,48,0,6,2026091523,2026-09-15 23:29:26
4050066300,20260915232500,0,25,0,21,2026091523,2026-09-15 23:29:26
4060058400,20260915232500,0,36,0,6,2026091523,2026-09-15 23:29:26
4050010802,20260915232500,0,38,0,6,2026091523,2026-09-15 23:29:26
4050010801,20260915232500,0,12,0,39,2026091523,2026-09-15 23:29:26
4050088700,20260915232500,0,42,0,28,2026091523,2026-09-15 23:29:26
4050113800,20260915232500,0,35,0,11,2026091523,2026-09-15 23:29:26
4060002900,20260915232500,0,39,0,98,2026091523,2026-09-15 23:29:26
4050191800,20260915232500,0,40,0,12,2026091523,2026-09-15 23:29:26
4050009600,20260915232500,0,38,0,7,2026091523,2026-09-15 23:29:26
4060007100,20260915232500,0,49,0,13,2026091523,2026-09-15 23:29:26
4050059800,20260915232500,0,47,0,5,2026091523,2026-09-15 23:29:26
4060057300,20260915232500,0,39,0,71,2026091523,2026-09-15 23:29:26
4050087600,20260915232500,0,44,0,24,2026091523,2026-09-15 23:29:26
4050008500,20260915232500,0,34,0,9,2026091523,2026-09-15 23:29:26
4060006000,20260915232500,0,46,0,7,2026091523,2026-09-15 23:29:26
4050167100,20260915232500,0,46,0,47,2026091523,2026-09-15 23:29:26
4060078600,20260915232500,0,33,0,4,2026091523,2026-09-15 23:29:26
4050161800,20260915232500,0,39,0,13,2026091523,2026-09-15 23:29:26
4050007400,20260915232500,0,50,0,19,2026091523,2026-09-15 23:29:26
4050029802,20260915232500,0,38,0,23,2026091523,2026-09-15 23:29:26
4050029801,20260915232500,0,38,0,28,2026091523,2026-09-15 23:29:26
4050138200,20260915232500,0,40,0,27,2026091523,2026-09-15 23:29:26
4050063000,20260915232500,0,25,0,13,2026091523,2026-09-15 23:29:26
4050166000,20260915232500,0,34,0,12,2026091523,2026-09-15 23:29:26
4050160700,20260915232500,0,30,0,41,2026091523,2026-09-15 23:29:26
4050006303,20260915232500,0,33,0,17,2026091523,2026-09-15 23:29:26
4050006302,20260915232500,0,33,0,8,2026091523,2026-09-15 23:29:26
4050006301,20260915232500,0,33,0,17,2026091523,2026-09-15 23:29:26
4050028700,20260915232500,0,49,0,8,2026091523,2026-09-15 23:29:26
4050137100,20260915232500,0,8,0,82,2026091523,2026-09-15 23:29:26
4050159500,20260915232500,0,10,0,96,2026091523,2026-09-15 23:29:26
4050187300,20260915232500,0,45,0,15,2026091523,2026-09-15 23:29:26
4060020900,20260915232500,0,53,0,12,2026091523,2026-09-15 23:29:26
4050005202,20260915232500,0,37,0,27,2026091523,2026-09-15 23:29:26
4050005201,20260915232500,0,37,0,17,2026091523,2026-09-15 23:29:26
4050027601,20260915232500,0,42,0,31,2026091523,2026-09-15 23:29:26
4050136000,20260915232500,0,32,0,5,2026091523,2026-09-15 23:29:26
4050026502,20260915232500,0,55,0,11,2026091523,2026-09-15 23:29:26
4050026501,20260915232500,0,55,0,22,2026091523,2026-09-15 23:29:26
4060024003,20260915232500,0,63,0,17,2026091523,2026-09-15 23:29:26
4060024002,20260915232500,0,63,0,3,2026091523,2026-09-15 23:29:26
4060024001,20260915232500,0,63,0,32,2026091523,2026-09-15 23:29:26
4050129500,20260915232500,0,25,0,33,2026091523,2026-09-15 23:29:26
4060018600,20260915232500,0,60,0,27,2026091523,2026-09-15 23:29:26
4050054300,20260915232500,0,43,0,13,2026091523,2026-09-15 23:29:26
4050025402,20260915232500,0,43,0,10,2026091523,2026-09-15 23:29:26
4050025401,20260915232500,0,43,0,10,2026091523,2026-09-15 23:29:26
4050047800,20260915232500,0,23,0,42,2026091523,2026-09-15 23:29:26
4050178600,20260915232500,0,35,0,28,2026091523,2026-09-15 23:29:26
4050024300,20260915232500,0,39,0,29,2026091523,2026-09-15 23:29:26
4050018900,20260915232500,0,52,0,8,2026091523,2026-09-15 23:29:26
4050052100,20260915232500,0,55,0,16,2026091523,2026-09-15 23:29:26
4050155100,20260915232500,0,44,0,12,2026091523,2026-09-15 23:29:26
4060015305,20260915232500,0,51,0,2,2026091523,2026-09-15 23:29:26
4050023200,20260915232500,0,37,0,8,2026091523,2026-09-15 23:29:26
4050017800,20260915232500,0,20,0,12,2026091523,2026-09-15 23:29:26
4060015302,20260915232500,0,51,0,3,2026091523,2026-09-15 23:29:26
4050148600,20260915232500,0,35,0,21,2026091523,2026-09-15 23:29:26
4050201500,20260915232500,0,26,0,36,2026091523,2026-09-15 23:29:26
4050016702,20260915232500,0,39,0,27,2026091523,2026-09-15 23:29:26
4050016701,20260915232500,23,62,0,16,2026091523,2026-09-15 23:29:26
4050147500,20260915232500,0,32,0,8,2026091523,2026-09-15 23:29:26
4050021000,20260915232500,0,34,0,22,2026091523,2026-09-15 23:29:26
4050015600,20260915232500,0,34,0,14,2026091523,2026-09-15 23:29:26
4060013102,20260915232500,0,27,0,39,2026091523,2026-09-15 23:29:26
4060013101,20260915232500,0,46,0,12,2026091523,2026-09-15 23:29:26
4060007700,20260915232500,0,51,0,10,2026091523,2026-09-15 23:29:26
4050043400,20260915232500,0,31,0,25,2026091523,2026-09-15 23:29:26
4050014502,20260915232500,0,32,0,21,2026091523,2026-09-15 23:29:26
4050014501,20260915232500,0,32,0,32,2026091523,2026-09-15 23:29:26
4050117500,20260915232500,0,45,0,16,2026091523,2026-09-15 23:29:26
4060006600,20260915232500,0,37,0,69,2026091523,2026-09-15 23:29:26
4050042300,20260915232500,0,41,0,31,2026091523,2026-09-15 23:29:26
4050167700,20260915232500,0,32,0,58,2026091523,2026-09-15 23:29:26
4050092500,20260915232500,0,37,0,12,2026091523,2026-09-15 23:29:26
4050013400,20260915232500,0,19,0,42,2026091523,2026-09-15 23:29:26
4050041200,20260915232500,0,46,0,123,2026091523,2026-09-15 23:29:26
4050194400,20260915232500,0,38,0,35,2026091523,2026-09-15 23:29:26
4050006900,20260915232500,0,42,0,22,2026091523,2026-09-15 23:29:26
4060004400,20260915232500,0,19,0,20,2026091523,2026-09-15 23:29:26
4050040100,20260915232500,0,75,0,8,2026091523,2026-09-15 23:29:26
4050062500,20260915232500,0,16,0,41,2026091523,2026-09-15 23:29:26
4050011200,20260915232500,0,30,0,10,2026091523,2026-09-15 23:29:26
4050114200,20260915232500,0,18,0,23,2026091523,2026-09-15 23:29:26
4060003300,20260915232500,0,36,0,7,2026091523,2026-09-15 23:29:26
4050033600,20260915232500,0,46,0,125,2026091523,2026-09-15 23:29:26
4050010101,20260915232500,0,64,0,124,2026091523,2026-09-15 23:29:26
4050004701,20260915232500,0,48,0,6,2026091523,2026-09-15 23:29:26
4060002200,20260915232500,0,44,0,52,2026091523,2026-09-15 23:29:26
4050060300,20260915232500,0,43,0,43,2026091523,2026-09-15 23:29:26
4050003600,20260915232500,0,59,0,23,2026091523,2026-09-15 23:29:26
4050031400,20260915232500,0,31,0,20,2026091523,2026-09-15 23:29:26
4050134400,20260915232500,0,3,0,85,2026091523,2026-09-15 23:29:26
4060023500,20260915232500,0,45,0,14,2026091523,2026-09-15 23:29:26
4050053800,20260915232500,0,43,0,38,2026091523,2026-09-15 23:29:26
4060045900,20260915232500,0,39,0,7,2026091523,2026-09-15 23:29:26
4050190000,20260915232500,0,30,0,52,2026091523,2026-09-15 23:29:26
4050030300,20260915232500,0,38,0,17,2026091523,2026-09-15 23:29:26
4060022403,20260915232500,0,44,0,13,2026091523,2026-09-15 23:29:26
4050024900,20260915232500,0,43,0,6,2026091523,2026-09-15 23:29:26
4050155700,20260915232500,0,33,0,35,2026091523,2026-09-15 23:29:26
4060050200,20260915232500,0,33,0,11,2026091523,2026-09-15 23:29:26
4060044800,20260915232500,0,40,0,7,2026091523,2026-09-15 23:29:26
4050029100,20260915232500,0,39,0,44,2026091523,2026-09-15 23:29:26
4050001400,20260915232500,0,54,0,66,2026091523,2026-09-15 23:29:26
4050207400,20260915232500,0,17,0,22,2026091523,2026-09-15 23:29:26
4050023802,20260915232500,0,39,0,41,2026091523,2026-09-15 23:29:26
4050023801,20260915232500,0,39,0,12,2026091523,2026-09-15 23:29:26
4050132200,20260915232500,0,47,0,21,2026091523,2026-09-15 23:29:26
4060021300,20260915232500,0,53,0,5,2026091523,2026-09-15 23:29:26
4050028000,20260915232500,0,38,0,87,2026091523,2026-09-15 23:29:26
4050000303,20260915232500,0,45,0,16,2026091523,2026-09-15 23:29:26
4050000302,20260915232500,0,46,0,245,2026091523,2026-09-15 23:29:26
4050206300,20260915232500,0,29,0,5,2026091523,2026-09-15 23:29:26
4050022700,20260915232500,0,13,0,28,2026091523,2026-09-15 23:29:26
4060020202,20260915232500,0,31,0,20,2026091523,2026-09-15 23:29:26
4060098100,20260915232500,0,21,0,61,2026091523,2026-09-15 23:29:26
4050153500,20260915232500,0,37,0,5,2026091523,2026-09-15 23:29:26
4050049300,20260915232500,0,33,0,14,2026091523,2026-09-15 23:29:26
4050087800,20260915232500,0,33,0,7,2026091523,2026-09-15 23:29:26
4050052900,20260915232500,0,29,0,13,2026091523,2026-09-15 23:29:26
4050049500,20260915232500,0,34,0,23,2026091523,2026-09-15 23:29:26
4050086600,20260915232500,0,39,0,22,2026091523,2026-09-15 23:29:26
4050048900,20260915232500,0,25,0,33,2026091523,2026-09-15 23:29:26
4050054900,20260915232500,0,23,0,15,2026091523,2026-09-15 23:29:26
4050113700,20260915232500,0,36,0,11,2026091523,2026-09-15 23:29:26
4060078500,20260915232500,0,22,0,7,2026091523,2026-09-15 23:29:26
4060075200,20260915232500,0,38,0,9,2026091523,2026-09-15 23:29:26
4050086000,20260915232500,0,36,0,16,2026091523,2026-09-15 23:29:26
4050085900,20260915232500,0,31,0,18,2026091523,2026-09-15 23:29:26
4050138400,20260915232500,0,29,0,32,2026091523,2026-09-15 23:29:26
4050138300,20260915232500,0,36,0,25,2026091523,2026-09-15 23:29:26
4060317100,20260915232500,0,37,0,7,2026091523,2026-09-15 23:29:26
4050397600,20260915232500,0,58,0,12,2026091523,2026-09-15 23:29:26
4060389700,20260915232500,0,53,0,16,2026091523,2026-09-15 23:29:26
4060498100,20260915232500,0,56,0,63,2026091523,2026-09-15 23:29:26
4050450500,20260915232500,0,32,0,10,2026091523,2026-09-15 23:29:26
4060517800,20260915232500,0,50,0,29,2026091523,2026-09-15 23:29:26
4050575900,20260915232500,0,38,0,4,2026091523,2026-09-15 23:29:26
4050031904,20260915232500,0,44,0,19,2026091523,2026-09-15 23:29:26
4050031903,20260915232500,0,44,0,3,2026091523,2026-09-15 23:29:26
4060338400,20260915232500,0,53,0,46,2026091523,2026-09-15 23:29:26
4050374100,20260915232500,0,45,0,46,2026091523,2026-09-15 23:29:26
4050477100,20260915232500,0,42,0,42,2026091523,2026-09-15 23:29:26
4050368700,20260915232500,0,53,0,50,2026091523,2026-09-15 23:29:26
4060388600,20260915232500,0,43,0,7,2026091523,2026-09-15 23:29:26
4060441500,20260915232500,0,39,0,26,2026091523,2026-09-15 23:29:26
4050574800,20260915232500,0,44,0,12,2026091523,2026-09-15 23:29:26
4050133804,20260915232500,0,40,0,14,2026091523,2026-09-15 23:29:26
4050133803,20260915232500,0,39,0,22,2026091523,2026-09-15 23:29:26
4050133802,20260915232500,0,9,0,53,2026091523,2026-09-15 23:29:26
4050448200,20260915232500,0,41,0,25,2026091523,2026-09-15 23:29:26
4050501100,20260915232500,0,61,0,16,2026091523,2026-09-15 23:29:26
4050395400,20260915232500,0,78,0,1,2026091523,2026-09-15 23:29:26
4050001902,20260915232500,0,52,0,47,2026091523,2026-09-15 23:29:26
4050001901,20260915232500,0,52,0,123,2026091523,2026-09-15 23:29:26
4050132702,20260915232500,0,24,0,89,2026091523,2026-09-15 23:29:26
4050419300,20260915232500,0,52,0,33,2026091523,2026-09-15 23:29:26
4050132701,20260915232500,0,45,0,12,2026091523,2026-09-15 23:29:26
4060439200,20260915232500,0,53,0,1,2026091523,2026-09-15 23:29:26
4050366500,20260915232500,0,27,0,32,2026091523,2026-09-15 23:29:26
4060358600,20260915232500,0,63,0,38,2026091523,2026-09-15 23:29:26
4050388900,20260915232500,0,38,0,55,2026091523,2026-09-15 23:29:26
4050497300,20260915232500,0,43,0,31,2026091523,2026-09-15 23:29:26
4060386400,20260915232500,0,16,0,36,2026091523,2026-09-15 23:29:26
4060489400,20260915232500,0,50,0,100,2026091523,2026-09-15 23:29:26
4060514500,20260915232500,0,48,0,18,2026091523,2026-09-15 23:29:26
4050441800,20260915232500,0,38,0,30,2026091523,2026-09-15 23:29:26
4050544800,20260915232500,0,52,0,47,2026091523,2026-09-15 23:29:26
4050206802,20260915232500,0,39,0,24,2026091523,2026-09-15 23:29:26
4050206801,20260915232500,0,39,0,24,2026091523,2026-09-15 23:29:26
4050418200,20260915232500,0,63,0,77,2026091523,2026-09-15 23:29:26
4050446000,20260915232500,0,45,0,11,2026091523,2026-09-15 23:29:26
4060438100,20260915232500,0,53,0,36,2026091523,2026-09-15 23:29:26
4050365400,20260915232500,0,46,0,36,2026091523,2026-09-15 23:29:26
4050393200,20260915232500,0,45,0,48,2026091523,2026-09-15 23:29:26
4050618901,20260915232500,0,33,0,11,2026091523,2026-09-15 23:29:26
4060488300,20260915232500,0,50,0,10,2026091523,2026-09-15 23:29:26
4060379900,20260915232500,0,20,0,46,2026091523,2026-09-15 23:29:26
4050543700,20260915232500,0,62,0,1,2026091523,2026-09-15 23:29:26
4060432800,20260915232500,0,81,0,50,2026091523,2026-09-15 23:29:26
4060460600,20260915232500,0,53,0,37,2026091523,2026-09-15 23:29:26
4050490900,20260915232500,0,75,0,1,2026091523,2026-09-15 23:29:26
4050593900,20260915232500,0,53,0,82,2026091523,2026-09-15 23:29:26
4060306200,20260915232500,0,53,0,153,2026091523,2026-09-15 23:29:26
4060409200,20260915232500,0,70,0,2,2026091523,2026-09-15 23:29:26
4050439500,20260915232500,0,39,0,7,2026091523,2026-09-15 23:29:26
4060328600,20260915232500,0,37,0,7,2026091523,2026-09-15 23:29:26
4050364300,20260915232500,0,52,0,46,2026091523,2026-09-15 23:29:26
4050392100,20260915232500,0,51,0,16,2026091523,2026-09-15 23:29:26
4060459400,20260915232500,0,54,0,77,2026091523,2026-09-15 23:29:26
4050495100,20260915232500,0,53,0,204,2026091523,2026-09-15 23:29:26
4050386700,20260915232500,0,80,0,1,2026091523,2026-09-15 23:29:26
4050623201,20260915232500,0,15,0,57,2026091523,2026-09-15 23:29:26
4060378800,20260915232500,0,42,0,57,2026091523,2026-09-15 23:29:26
4060403900,20260915232500,0,67,0,64,2026091523,2026-09-15 23:29:26
4060512300,20260915232500,0,53,0,10,2026091523,2026-09-15 23:29:26
4050542600,20260915232500,0,57,0,16,2026091523,2026-09-15 23:29:26
4050048702,20260915232500,0,30,0,12,2026091523,2026-09-15 23:29:26
4050048701,20260915232500,0,28,0,18,2026091523,2026-09-15 23:29:26
4060481900,20260915232500,0,49,0,41,2026091523,2026-09-15 23:29:26
4050204602,20260915232500,0,45,0,64,2026091523,2026-09-15 23:29:26
4050204601,20260915232500,0,60,0,9,2026091523,2026-09-15 23:29:26
4050519000,20260915232500,0,46,0,27,2026091523,2026-09-15 23:29:26
4060408100,20260915232500,0,56,0,11,2026091523,2026-09-15 23:29:26
4050363200,20260915232500,0,45,0,4,2026091523,2026-09-15 23:29:26
4060458300,20260915232500,0,54,0,8,2026091523,2026-09-15 23:29:26
4050488600,20260915232500,0,41,0,52,2026091523,2026-09-15 23:29:26
4050597000,20260915232500,0,48,0,4,2026091523,2026-09-15 23:29:26
4050616701,20260915232500,0,34,0,17,2026091523,2026-09-15 23:29:26
4050541500,20260915232500,0,63,0,0,2026091523,2026-09-15 23:29:26
4050047604,20260915232500,0,46,0,32,2026091523,2026-09-15 23:29:26
4060480800,20260915232500,0,50,0,94,2026091523,2026-09-15 23:29:26
4050409500,20260915232500,0,83,0,24,2026091523,2026-09-15 23:29:26
4060304000,20260915232500,0,58,0,29,2026091523,2026-09-15 23:29:26
4050465100,20260915232500,0,49,0,110,2026091523,2026-09-15 23:29:26
4060354200,20260915232500,0,50,0,5,2026091523,2026-09-15 23:29:26
4060382000,20260915232500,0,62,0,6,2026091523,2026-09-15 23:29:26
4060485000,20260915232500,0,55,0,1,2026091523,2026-09-15 23:29:26
4050512600,20260915232500,0,52,0,11,2026091523,2026-09-15 23:29:26
4060479600,20260915232500,0,50,0,31,2026091523,2026-09-15 23:29:26
4060510100,20260915232500,0,55,0,64,2026091523,2026-09-15 23:29:26
4050540400,20260915232500,0,36,0,13,2026091523,2026-09-15 23:29:26
4050024102,20260915232500,0,34,0,30,2026091523,2026-09-15 23:29:26
4050024101,20260915232500,0,53,0,12,2026091523,2026-09-15 23:29:26
4060532500,20260915232500,0,52,0,7,2026091523,2026-09-15 23:29:26
4060451900,20260915232500,0,35,0,17,2026091523,2026-09-15 23:29:26
4050408400,20260915232500,0,45,0,126,2026091523,2026-09-15 23:29:26
4050436200,20260915232500,0,47,0,32,2026091523,2026-09-15 23:29:26
4050539200,20260915232500,0,52,0,6,2026091523,2026-09-15 23:29:26
4060325300,20260915232500,0,46,0,34,2026091523,2026-09-15 23:29:26
4050458600,20260915232500,0,50,0,15,2026091523,2026-09-15 23:29:26
4060353100,20260915232500,0,44,0,162,2026091523,2026-09-15 23:29:26
4050486400,20260915232500,0,63,0,28,2026091523,2026-09-15 23:29:26
4050589400,20260915232500,0,45,0,78,2026091523,2026-09-15 23:29:26
4060478500,20260915232500,0,49,0,12,2026091523,2026-09-15 23:29:26
4060400600,20260915232500,0,55,0,40,2026091523,2026-09-15 23:29:26
4060503600,20260915232500,0,61,0,50,2026091523,2026-09-15 23:29:26
4050533900,20260915232500,0,30,0,47,2026091523,2026-09-15 23:29:26
4050561700,20260915232500,0,39,0,69,2026091523,2026-09-15 23:29:26
4050435100,20260915232500,0,32,0,46,2026091523,2026-09-15 23:29:26
4060324200,20260915232500,0,51,0,82,2026091523,2026-09-15 23:29:26
4060318800,20260915232500,0,31,0,48,2026091523,2026-09-15 23:29:26
4060346600,20260915232500,0,32,0,68,2026091523,2026-09-15 23:29:26
4050376900,20260915232500,0,53,0,39,2026091523,2026-09-15 23:29:26
4050479900,20260915232500,0,77,0,8,2026091523,2026-09-15 23:29:26
4050510400,20260915232500,0,59,0,53,2026091523,2026-09-15 23:29:26
4060477400,20260915232500,0,52,0,1,2026091523,2026-09-15 23:29:26
4060502500,20260915232500,0,57,0,19,2026091523,2026-09-15 23:29:26
4060396800,20260915232500,0,70,0,9,2026091523,2026-09-15 23:29:26
4050532800,20260915232500,0,37,0,21,2026091523,2026-09-15 23:29:26
4060499800,20260915232500,0,57,0,53,2026091523,2026-09-15 23:29:26
4050537000,20260915232500,0,35,0,125,2026091523,2026-09-15 23:29:26
4060529100,20260915232500,0,35,0,10,2026091523,2026-09-15 23:29:26
4050006741,20260915232500,0,36,0,11,2026091523,2026-09-15 23:29:26
4050484200,20260915232500,0,72,0,4,2026091523,2026-09-15 23:29:26
4050478800,20260915232500,0,53,0,34,2026091523,2026-09-15 23:29:26
4060373300,20260915232500,0,63,0,27,2026091523,2026-09-15 23:29:26
4050400900,20260915232500,0,52,0,20,2026091523,2026-09-15 23:29:26
4060476300,20260915232500,0,53,0,25,2026091523,2026-09-15 23:29:26
4050606900,20260915232500,0,44,0,38,2026091523,2026-09-15 23:29:26
4050531700,20260915232500,0,63,0,18,2026091523,2026-09-15 23:29:26
4060420800,20260915232500,0,56,0,61,2026091523,2026-09-15 23:29:26
4060007502,20260915232500,0,11,0,75,2026091523,2026-09-15 23:29:26
4060007501,20260915232500,0,15,0,30,2026091523,2026-09-15 23:29:26
4050006737,20260915232500,0,45,0,135,2026091523,2026-09-15 23:29:26
4050405100,20260915232500,0,49,0,7,2026091523,2026-09-15 23:29:26
4050006735,20260915232500,0,33,0,29,2026091523,2026-09-15 23:29:26
4050006730,20260915232500,0,45,0,3,2026091523,2026-09-15 23:29:26
4060419600,20260915232500,0,62,0,21,2026091523,2026-09-15 23:29:26
4050449900,20260915232500,0,45,0,30,2026091523,2026-09-15 23:29:26
4050558300,20260915232500,0,43,0,125,2026091523,2026-09-15 23:29:26
4050483100,20260915232500,0,32,0,21,2026091523,2026-09-15 23:29:26
4050477700,20260915232500,0,46,0,24,2026091523,2026-09-15 23:29:26
4050586100,20260915232500,0,39,0,5,2026091523,2026-09-15 23:29:26
4060372200,20260915232500,0,80,0,0,2026091523,2026-09-15 23:29:26
4050611200,20260915232500,0,44,0,63,2026091523,2026-09-15 23:29:26
4060469800,20260915232500,0,50,0,3,2026091523,2026-09-15 23:29:26
4060497600,20260915232500,0,51,0,3,2026091523,2026-09-15 23:29:26
4050036702,20260915232500,0,39,0,100,2026091523,2026-09-15 23:29:26
4050006729,20260915232500,0,39,0,25,2026091523,2026-09-15 23:29:26
4050006728,20260915232500,0,57,0,15,2026091523,2026-09-15 23:29:26
4050006727,20260915232500,0,45,0,31,2026091523,2026-09-15 23:29:26
4050006724,20260915232500,0,25,0,36,2026091523,2026-09-15 23:29:26
4050426400,20260915232500,0,58,0,107,2026091523,2026-09-15 23:29:26
4050529400,20260915232500,0,61,0,8,2026091523,2026-09-15 23:29:26
4060418500,20260915232500,0,41,0,9,2026091523,2026-09-15 23:29:26
4050454200,20260915232500,0,32,0,39,2026091523,2026-09-15 23:29:26
4050557200,20260915232500,0,24,0,12,2026091523,2026-09-15 23:29:26
4060234900,20260915232500,0,43,0,50,2026091523,2026-09-15 23:29:26
4060343300,20260915232500,0,37,0,15,2026091523,2026-09-15 23:29:26
4060446300,20260915232500,0,48,0,9,2026091523,2026-09-15 23:29:26
4050482000,20260915232500,0,65,0,112,2026091523,2026-09-15 23:29:26
4050476600,20260915232500,0,67,0,22,2026091523,2026-09-15 23:29:26
4050610100,20260915232500,0,47,0,118,2026091523,2026-09-15 23:29:26
4050116206,20260915232500,0,27,0,11,2026091523,2026-09-15 23:29:26
4050116205,20260915232500,0,27,0,28,2026091523,2026-09-15 23:29:26
4050116204,20260915232500,0,34,0,20,2026091523,2026-09-15 23:29:26
4050116203,20260915232500,0,34,0,15,2026091523,2026-09-15 23:29:26
4050219200,20260915232500,0,63,0,30,2026091523,2026-09-15 23:29:26
4050005621,20260915232500,0,55,0,50,2026091523,2026-09-15 23:29:26
4050425300,20260915232500,0,50,0,2,2026091523,2026-09-15 23:29:26
4050419900,20260915232500,0,57,0,16,2026091523,2026-09-15 23:29:26
4060417400,20260915232500,0,54,0,124,2026091523,2026-09-15 23:29:26
4050453100,20260915232500,0,46,0,75,2026091523,2026-09-15 23:29:26
4060439800,20260915232500,0,48,0,124,2026091523,2026-09-15 23:29:26
4050475500,20260915232500,0,53,0,196,2026091523,2026-09-15 23:29:26
4050550800,20260915232500,0,54,0,9,2026091523,2026-09-15 23:29:26
4050005611,20260915232500,0,51,0,13,2026091523,2026-09-15 23:29:26
4050056902,20260915232500,0,35,0,10,2026091523,2026-09-15 23:29:26
4050056901,20260915232500,0,35,0,2,2026091523,2026-09-15 23:29:26
4050399100,20260915232500,0,67,0,62,2026091523,2026-09-15 23:29:26
4060416300,20260915232500,0,33,0,40,2026091523,2026-09-15 23:29:26
4050446600,20260915232500,0,53,0,61,2026091523,2026-09-15 23:29:26
4050555000,20260915232500,0,48,0,10,2026091523,2026-09-15 23:29:26
4060444100,20260915232500,0,50,0,2,2026091523,2026-09-15 23:29:26
4060335700,20260915232500,0,55,0,43,2026091523,2026-09-15 23:29:26
4060438700,20260915232500,0,53,0,230,2026091523,2026-09-15 23:29:26
4050371400,20260915232500,0,46,0,18,2026091523,2026-09-15 23:29:26
4050474400,20260915232500,0,72,0,22,2026091523,2026-09-15 23:29:26
4050393800,20260915232500,0,28,0,3,2026091523,2026-09-15 23:29:26
4060391300,20260915232500,0,44,0,2,2026091523,2026-09-15 23:29:26
4060385900,20260915232500,0,59,0,65,2026091523,2026-09-15 23:29:26
4060312200,20260915232500,0,56,0,17,2026091523,2026-09-15 23:29:26
4060518200,20260915232500,0,34,0,15,2026091523,2026-09-15 23:29:26
4060437600,20260915232500,0,55,0,4,2026091523,2026-09-15 23:29:26
4050473300,20260915232500,0,37,0,44,2026091523,2026-09-15 23:29:26
4060487800,20260915232500,0,49,0,53,2026091523,2026-09-15 23:29:26
4060512900,20260915232500,0,55,0,6,2026091523,2026-09-15 23:29:26
4050519600,20260915232500,0,57,0,11,2026091523,2026-09-15 23:29:26
4060305700,20260915232500,0,48,0,78,2026091523,2026-09-15 23:29:26
4060408700,20260915232500,0,76,0,11,2026091523,2026-09-15 23:29:26
4050547400,20260915232500,0,6,0,28,2026091523,2026-09-15 23:29:26
4060333500,20260915232500,0,58,0,28,2026091523,2026-09-15 23:29:26
4050466800,20260915232500,0,55,0,1,2026091523,2026-09-15 23:29:26
4050569800,20260915232500,0,32,0,51,2026091523,2026-09-15 23:29:26
4050184401,20260915232500,0,36,0,71,2026091523,2026-09-15 23:29:26
4050415500,20260915232500,0,38,0,58,2026091523,2026-09-15 23:29:26
4060310000,20260915232500,0,56,0,28,2026091523,2026-09-15 23:29:26
4060095902,20260915232500,0,43,0,12,2026091523,2026-09-15 23:29:26
4060413000,20260915232500,0,54,0,10,2026091523,2026-09-15 23:29:26
4050148200,20260915232500,0,41,0,11,2026091523,2026-09-15 23:29:26
4060407600,20260915232500,0,50,0,8,2026091523,2026-09-15 23:29:26
4060516000,20260915232500,0,41,0,37,2026091523,2026-09-15 23:29:26
4050443300,20260915232500,0,38,0,23,2026091523,2026-09-15 23:29:26
4050437900,20260915232500,0,70,0,51,2026091523,2026-09-15 23:29:26
4060332400,20260915232500,4,82,0,10,2026091523,2026-09-15 23:29:26
4060538401,20260915232500,0,40,0,17,2026091523,2026-09-15 23:29:26
4060463200,20260915232500,0,53,0,7,2026091523,2026-09-15 23:29:26
4060457800,20260915232500,0,54,0,127,2026091523,2026-09-15 23:29:26
4050493500,20260915232500,0,43,0,112,2026091523,2026-09-15 23:29:26
4050596500,20260915232500,0,60,0,8,2026091523,2026-09-15 23:29:26
4060072402,20260915232500,0,30,0,32,2026091523,2026-09-15 23:29:26
4060072401,20260915232500,0,9,0,25,2026091523,2026-09-15 23:29:26
4050311400,20260915232500,0,35,0,14,2026091523,2026-09-15 23:29:26
4060200500,20260915232500,0,77,0,27,2026091523,2026-09-15 23:29:26
4050442200,20260915232500,0,45,0,15,2026091523,2026-09-15 23:29:26
4050545200,20260915232500,0,53,0,180,2026091523,2026-09-15 23:29:26
4050539800,20260915232500,0,74,0,16,2026091523,2026-09-15 23:29:26
4060331300,20260915232500,0,46,0,30,2026091523,2026-09-15 23:29:26
4060428900,20260915232500,0,55,0,179,2026091523,2026-09-15 23:29:26
4050464600,20260915232500,0,52,0,1,2026091523,2026-09-15 23:29:26
4060462100,20260915232500,0,65,0,30,2026091523,2026-09-15 23:29:26
4060456700,20260915232500,0,47,0,28,2026091523,2026-09-15 23:29:26
4050595400,20260915232500,0,56,0,66,2026091523,2026-09-15 23:29:26
4050132008,20260915232500,0,35,0,13,2026091523,2026-09-15 23:29:26
4050132007,20260915232500,0,45,0,135,2026091523,2026-09-15 23:29:26
4050132006,20260915232500,0,36,0,7,2026091523,2026-09-15 23:29:26
4050132005,20260915232500,0,40,0,38,2026091523,2026-09-15 23:29:26
4050132004,20260915232500,0,34,0,25,2026091523,2026-09-15 23:29:26
4050182202,20260915232500,0,44,0,3,2026091523,2026-09-15 23:29:26
4050182201,20260915232500,0,49,0,34,2026091523,2026-09-15 23:29:26
4050310300,20260915232500,0,30,0,37,2026091523,2026-09-15 23:29:26
4050407900,20260915232500,0,52,0,24,2026091523,2026-09-15 23:29:26
4050516300,20260915232500,0,46,0,81,2026091523,2026-09-15 23:29:26
4050441100,20260915232500,0,27,0,36,2026091523,2026-09-15 23:29:26
4060508400,20260915232500,0,60,0,62,2026091523,2026-09-15 23:29:26
4050435700,20260915232500,0,43,0,9,2026091523,2026-09-15 23:29:26
4050538700,20260915232500,0,30,0,84,2026091523,2026-09-15 23:29:26
4050566500,20260915232500,0,44,0,61,2026091523,2026-09-15 23:29:26
4060461000,20260915232500,0,50,0,3,2026091523,2026-09-15 23:29:26
4060380400,20260915232500,0,54,0,15,2026091523,2026-09-15 23:29:26
4060483400,20260915232500,0,32,0,14,2026091523,2026-09-15 23:29:26
4050206102,20260915232500,0,42,0,27,2026091523,2026-09-15 23:29:26
4060014607,20260915232500,0,46,0,12,2026091523,2026-09-15 23:29:26
4050206101,20260915232500,0,30,0,27,2026091523,2026-09-15 23:29:26
4050125504,20260915232500,0,27,0,32,2026091523,2026-09-15 23:29:26
4060014606,20260915232500,0,46,0,10,2026091523,2026-09-15 23:29:26
4050125503,20260915232500,0,28,0,23,2026091523,2026-09-15 23:29:26
4060530900,20260915232500,0,53,0,94,2026091523,2026-09-15 23:29:26
4050125501,20260915232500,0,28,0,9,2026091523,2026-09-15 23:29:26
4050181102,20260915232500,0,24,0,11,2026091523,2026-09-15 23:29:26
4050181101,20260915232500,0,26,0,9,2026091523,2026-09-15 23:29:26
4050387100,20260915232500,0,51,0,58,2026091523,2026-09-15 23:29:26
4050618201,20260915232500,0,57,0,8,2026091523,2026-09-15 23:29:26
4050440000,20260915232500,0,38,0,25,2026091523,2026-09-15 23:29:26
4050434600,20260915232500,0,30,0,44,2026091523,2026-09-15 23:29:26
4050543000,20260915232500,0,62,0,1,2026091523,2026-09-15 23:29:26
4050537600,20260915232500,0,48,0,3,2026091523,2026-09-15 23:29:26
4060529700,20260915232500,0,36,0,27,2026091523,2026-09-15 23:29:26
4050565400,20260915232500,0,44,0,3,2026091523,2026-09-15 23:29:26
4060454500,20260915232500,0,71,0,32,2026091523,2026-09-15 23:29:26
4050381800,20260915232500,0,51,0,131,2026091523,2026-09-15 23:29:26
4050587800,20260915232500,0,41,0,129,2026091523,2026-09-15 23:29:26
4060482300,20260915232500,0,31,0,65,2026091523,2026-09-15 23:29:26
4060013502,20260915232500,0,43,0,7,2026091523,2026-09-15 23:29:26
4060013501,20260915232500,0,47,0,11,2026091523,2026-09-15 23:29:26
4050180004,20260915232500,0,38,0,7,2026091523,2026-09-15 23:29:26
4050180003,20260915232500,0,38,0,11,2026091523,2026-09-15 23:29:26
4050180002,20260915232500,0,38,0,14,2026091523,2026-09-15 23:29:26
4050174602,20260915232500,0,33,0,41,2026091523,2026-09-15 23:29:26
4050174601,20260915232500,0,43,0,7,2026091523,2026-09-15 23:29:26
4050386000,20260915232500,0,59,0,17,2026091523,2026-09-15 23:29:26
4050617101,20260915232500,0,55,0,27,2026091523,2026-09-15 23:29:26
4050536500,20260915232500,0,36,0,83,2026091523,2026-09-15 23:29:26
4060453400,20260915232500,0,53,0,172,2026091523,2026-09-15 23:29:26
4050483700,20260915232500,0,34,0,38,2026091523,2026-09-15 23:29:26
4060475800,20260915232500,0,63,0,141,2026091523,2026-09-15 23:29:26
4060500900,20260915232500,0,54,0,105,2026091523,2026-09-15 23:29:26
4050014902,20260915232500,0,24,0,21,2026091523,2026-09-15 23:29:26
4050014901,20260915232500,0,40,0,17,2026091523,2026-09-15 23:29:26
4050379500,20260915232500,0,35,0,26,2026091523,2026-09-15 23:29:26
4050410000,20260915232500,0,39,0,60,2026091523,2026-09-15 23:29:26
4060377000,20260915232500,0,47,0,15,2026091523,2026-09-15 23:29:26
4060505100,20260915232500,0,53,0,244,2026091523,2026-09-15 23:29:26
4060399400,20260915232500,0,52,0,37,2026091523,2026-09-15 23:29:26
4060424500,20260915232500,0,44,0,45,2026091523,2026-09-15 23:29:26
4050563200,20260915232500,0,52,0,57,2026091523,2026-09-15 23:29:26
4050557800,20260915232500,0,24,0,8,2026091523,2026-09-15 23:29:26
4050610700,20260915232500,0,34,0,12,2026091523,2026-09-15 23:29:26
4050116801,20260915232500,0,29,0,25,2026091523,2026-09-15 23:29:26
4060010215,20260915232500,0,47,0,18,2026091523,2026-09-15 23:29:26
4060010214,20260915232500,0,47,0,28,2026091523,2026-09-15 23:29:26
4060010213,20260915232500,0,48,0,37,2026091523,2026-09-15 23:29:26
4060010212,20260915232500,0,47,0,87,2026091523,2026-09-15 23:29:26
4050247600,20260915232500,0,28,0,18,2026091523,2026-09-15 23:29:26
4060010211,20260915232500,0,40,0,10,2026091523,2026-09-15 23:29:26
4060010210,20260915232500,0,52,0,28,2026091523,2026-09-15 23:29:26
4050378400,20260915232500,0,54,0,101,2026091523,2026-09-15 23:29:26
4050403500,20260915232500,0,38,0,32,2026091523,2026-09-15 23:29:26
4050506500,20260915232500,0,67,0,44,2026091523,2026-09-15 23:29:26
4050431300,20260915232500,0,36,0,117,2026091523,2026-09-15 23:29:26
4050425900,20260915232500,0,43,0,145,2026091523,2026-09-15 23:29:26
4050534300,20260915232500,0,53,0,192,2026091523,2026-09-15 23:29:26
4050528900,20260915232500,0,44,0,68,2026091523,2026-09-15 23:29:26
4060526400,20260915232500,0,56,0,22,2026091523,2026-09-15 23:29:26
4050453700,20260915232500,0,53,0,51,2026091523,2026-09-15 23:29:26
4050562100,20260915232500,0,52,0,72,2026091523,2026-09-15 23:29:26
4060501900,20260915232500,0,39,0,36,2026091523,2026-09-15 23:29:26
4060013402,20260915232500,0,41,0,13,2026091523,2026-09-15 23:29:26
4060013401,20260915232500,0,40,0,8,2026091523,2026-09-15 23:29:26
4050174502,20260915232500,0,41,0,7,2026091523,2026-09-15 23:29:26
4050174501,20260915232500,0,44,0,31,2026091523,2026-09-15 23:29:26
4050617001,20260915232500,0,11,0,139,2026091523,2026-09-15 23:29:26
4060403100,20260915232500,0,48,0,20,2026091523,2026-09-15 23:29:26
4050536400,20260915232500,0,74,0,40,2026091523,2026-09-15 23:29:26
4060344900,20260915232500,0,44,0,21,2026091523,2026-09-15 23:29:26
4060453300,20260915232500,0,53,0,173,2026091523,2026-09-15 23:29:26
4050483600,20260915232500,0,66,0,19,2026091523,2026-09-15 23:29:26
4060372700,20260915232500,0,44,0,35,2026091523,2026-09-15 23:29:26
4060475700,20260915232500,0,63,0,141,2026091523,2026-09-15 23:29:26
4050611700,20260915232500,0,52,0,31,2026091523,2026-09-15 23:29:26
4050379400,20260915232500,0,32,0,29,2026091523,2026-09-15 23:29:26
4050507500,20260915232500,0,50,0,18,2026091523,2026-09-15 23:29:26
4060505000,20260915232500,0,43,0,72,2026091523,2026-09-15 23:29:26
4050432300,20260915232500,0,50,0,37,2026091523,2026-09-15 23:29:26
4060399300,20260915232500,0,73,0,42,2026091523,2026-09-15 23:29:26
4050535300,20260915232500,0,29,0,41,2026091523,2026-09-15 23:29:26
4060321400,20260915232500,0,52,0,49,2026091523,2026-09-15 23:29:26
4060424400,20260915232500,0,45,0,44,2026091523,2026-09-15 23:29:26
4050460100,20260915232500,0,50,0,131,2026091523,2026-09-15 23:29:26
4060527400,20260915232500,0,60,0,25,2026091523,2026-09-15 23:29:26
4050557700,20260915232500,0,28,0,33,2026091523,2026-09-15 23:29:26
4050610600,20260915232500,0,18,0,23,2026091523,2026-09-15 23:29:26
4050116702,20260915232500,0,16,0,45,2026091523,2026-09-15 23:29:26
4050219700,20260915232500,0,66,0,81,2026091523,2026-09-15 23:29:26
4060010114,20260915232500,0,48,0,27,2026091523,2026-09-15 23:29:26
4060010113,20260915232500,0,48,0,18,2026091523,2026-09-15 23:29:26
4060142002,20260915232500,0,4,0,107,2026091523,2026-09-15 23:29:26
4060010112,20260915232500,0,48,0,85,2026091523,2026-09-15 23:29:26
4060142001,20260915232500,0,13,0,29,2026091523,2026-09-15 23:29:26
4060010111,20260915232500,0,54,0,32,2026091523,2026-09-15 23:29:26
4060010110,20260915232500,0,46,0,32,2026091523,2026-09-15 23:29:26
4050403400,20260915232500,0,32,0,38,2026091523,2026-09-15 23:29:26
4050506400,20260915232500,0,54,0,54,2026091523,2026-09-15 23:29:26
4050431200,20260915232500,0,40,0,105,2026091523,2026-09-15 23:29:26
4050534200,20260915232500,0,49,0,208,2026091523,2026-09-15 23:29:26
4050528800,20260915232500,0,43,0,70,2026091523,2026-09-15 23:29:26
4060417900,20260915232500,0,47,0,20,2026091523,2026-09-15 23:29:26
4060526300,20260915232500,0,14,0,92,2026091523,2026-09-15 23:29:26
4050453600,20260915232500,0,60,0,45,2026091523,2026-09-15 23:29:26
4050562000,20260915232500,0,54,0,69,2026091523,2026-09-15 23:29:26
4050556600,20260915232500,0,49,0,99,2026091523,2026-09-15 23:29:26
4050481400,20260915232500,0,67,0,145,2026091523,2026-09-15 23:29:26
4060010109,20260915232500,0,55,0,7,2026091523,2026-09-15 23:29:26
4060010107,20260915232500,0,45,0,28,2026091523,2026-09-15 23:29:26
4060004708,20260915232500,0,52,0,12,2026091523,2026-09-15 23:29:26
4060392900,20260915232500,0,53,0,113,2026091523,2026-09-15 23:29:26
4060004707,20260915232500,0,59,0,3,2026091523,2026-09-15 23:29:26
4060004705,20260915232500,0,56,0,12,2026091523,2026-09-15 23:29:26
4050115602,20260915232500,0,7,0,136,2026091523,2026-09-15 23:29:26
4060004703,20260915232500,0,38,0,116,2026091523,2026-09-15 23:29:26
4050115601,20260915232500,0,7,0,34,2026091523,2026-09-15 23:29:26
4060319100,20260915232500,0,41,0,29,2026091523,2026-09-15 23:29:26
4050246400,20260915232500,0,37,0,11,2026091523,2026-09-15 23:29:26
4050608300,20260915232500,0,72,0,8,2026091523,2026-09-15 23:29:26
4050399600,20260915232500,0,52,0,8,2026091523,2026-09-15 23:29:26
4060397100,20260915232500,0,20,0,65,2026091523,2026-09-15 23:29:26
4050533100,20260915232500,0,63,0,16,2026091523,2026-09-15 23:29:26
4050527700,20260915232500,0,54,0,31,2026091523,2026-09-15 23:29:26
4060416800,20260915232500,0,45,0,41,2026091523,2026-09-15 23:29:26
4050555500,20260915232500,0,49,0,35,2026091523,2026-09-15 23:29:26
4060341600,20260915232500,0,38,0,16,2026091523,2026-09-15 23:29:26
4060444600,20260915232500,0,45,0,153,2026091523,2026-09-15 23:29:26
4050474900,20260915232500,0,34,0,34,2026091523,2026-09-15 23:29:26
4060031402,20260915232500,0,13,0,32,2026091523,2026-09-15 23:29:26
4060031401,20260915232500,0,37,0,10,2026091523,2026-09-15 23:29:26
4050376100,20260915232500,0,51,0,24,2026091523,2026-09-15 23:29:26
4050532000,20260915232500,0,39,0,9,2026091523,2026-09-15 23:29:26
4060499000,20260915232500,0,38,0,101,2026091523,2026-09-15 23:29:26
4060312700,20260915232500,0,48,0,16,2026091523,2026-09-15 23:29:26
4060524100,20260915232500,0,41,0,82,2026091523,2026-09-15 23:29:26
4050473800,20260915232500,0,72,0,4,2026091523,2026-09-15 23:29:26
4060465900,20260915232500,0,65,0,61,2026091523,2026-09-15 23:29:26
4060002502,20260915232500,0,39,0,21,2026091523,2026-09-15 23:29:26
4060002501,20260915232500,0,39,0,16,2026091523,2026-09-15 23:29:26
4050060606,20260915232500,0,41,0,15,2026091523,2026-09-15 23:29:26
4050060605,20260915232500,0,39,0,19,2026091523,2026-09-15 23:29:26
4050060604,20260915232500,0,23,0,146,2026091523,2026-09-15 23:29:26
4050060601,20260915232500,0,45,0,31,2026091523,2026-09-15 23:29:26
4060001410,20260915232500,0,58,0,7,2026091523,2026-09-15 23:29:26
4050606100,20260915232500,0,44,0,2,2026091523,2026-09-15 23:29:26
4050294400,20260915232500,0,42,0,58,2026091523,2026-09-15 23:29:26
4050422500,20260915232500,0,55,0,10,2026091523,2026-09-15 23:29:26
4050450300,20260915232500,0,37,0,9,2026091523,2026-09-15 23:29:26
4050444900,20260915232500,0,70,0,7,2026091523,2026-09-15 23:29:26
4050547900,20260915232500,0,60,0,5,2026091523,2026-09-15 23:29:26
4060442400,20260915232500,0,81,0,1,2026091523,2026-09-15 23:29:26
4050575700,20260915232500,21,44,0,104,2026091523,2026-09-15 23:29:26
4060464800,20260915232500,0,43,0,13,2026091523,2026-09-15 23:29:26
4060001409,20260915232500,0,51,0,53,2026091523,2026-09-15 23:29:26
4060001408,20260915232500,0,40,0,12,2026091523,2026-09-15 23:29:26
4060001407,20260915232500,0,52,0,29,2026091523,2026-09-15 23:29:26
4060001406,20260915232500,0,53,0,63,2026091523,2026-09-15 23:29:26
4050346100,20260915232500,0,36,0,6,2026091523,2026-09-15 23:29:26
4060051602,20260915232500,0,28,0,29,2026091523,2026-09-15 23:29:26
4060338200,20260915232500,0,34,0,23,2026091523,2026-09-15 23:29:26
4060051601,20260915232500,0,18,0,138,2026091523,2026-09-15 23:29:26
4050421400,20260915232500,0,67,0,21,2026091523,2026-09-15 23:29:26
4060388400,20260915232500,0,54,0,115,2026091523,2026-09-15 23:29:26
4060516500,20260915232500,0,29,0,43,2026091523,2026-09-15 23:29:26
4050443800,20260915232500,0,21,0,86,2026091523,2026-09-15 23:29:26
4060332900,20260915232500,0,58,0,16,2026091523,2026-09-15 23:29:26
4060359500,20260915232500,4,60,0,102,2026091523,2026-09-15 23:29:26
4050389800,20260915232500,0,48,0,177,2026091523,2026-09-15 23:29:26
4050311900,20260915232500,0,33,0,22,2026091523,2026-09-15 23:29:26
4050414900,20260915232500,0,45,0,169,2026091523,2026-09-15 23:29:26
4050517900,20260915232500,0,61,0,6,2026091523,2026-09-15 23:29:26
4060412400,20260915232500,0,57,0,53,2026091523,2026-09-15 23:29:26
4060515400,20260915232500,0,46,0,12,2026091523,2026-09-15 23:29:26
4050551100,20260915232500,0,54,0,107,2026091523,2026-09-15 23:29:26
4050545700,20260915232500,0,62,0,19,2026091523,2026-09-15 23:29:26
4060331800,20260915232500,0,34,0,49,2026091523,2026-09-15 23:29:26
4050492900,20260915232500,0,47,0,75,2026091523,2026-09-15 23:29:26
4050595900,20260915232500,0,32,0,32,2026091523,2026-09-15 23:29:26
4050110104,20260915232500,0,21,0,23,2026091523,2026-09-15 23:29:26
4050110103,20260915232500,0,53,0,8,2026091523,2026-09-15 23:29:26
4050110101,20260915232500,0,56,0,4,2026091523,2026-09-15 23:29:26
4060439000,20260915232500,0,46,0,83,2026091523,2026-09-15 23:29:26
4050394100,20260915232500,0,51,0,37,2026091523,2026-09-15 23:29:26
4060489200,20260915232500,0,28,0,25,2026091523,2026-09-15 23:29:26
4050516800,20260915232500,0,43,0,21,2026091523,2026-09-15 23:29:26
4050550000,20260915232500,0,53,0,29,2026091523,2026-09-15 23:29:26
4050544600,20260915232500,0,54,0,10,2026091523,2026-09-15 23:29:26
4050572400,20260915232500,0,25,0,150,2026091523,2026-09-15 23:29:26
4060461500,20260915232500,0,53,0,105,2026091523,2026-09-15 23:29:26
4050206606,20260915232500,0,44,0,5,2026091523,2026-09-15 23:29:26
4050206605,20260915232500,0,44,0,19,2026091523,2026-09-15 23:29:26
4060483900,20260915232500,0,55,0,128,2026091523,2026-09-15 23:29:26
4050206603,20260915232500,0,44,0,8,2026091523,2026-09-15 23:29:26
4050206602,20260915232500,0,34,0,9,2026091523,2026-09-15 23:29:26
4050418000,20260915232500,0,77,0,16,2026091523,2026-09-15 23:29:26
4060329500,20260915232500,3,51,0,112,2026091523,2026-09-15 23:29:26
4050365200,20260915232500,0,45,0,90,2026091523,2026-09-15 23:29:26
4050181602,20260915232500,0,28,0,29,2026091523,2026-09-15 23:29:26
4050181601,20260915232500,0,28,0,25,2026091523,2026-09-15 23:29:26
4050387600,20260915232500,0,59,0,44,2026091523,2026-09-15 23:29:26
4050496000,20260915232500,0,64,0,24,2026091523,2026-09-15 23:29:26
4050599000,20260915232500,0,60,0,9,2026091523,2026-09-15 23:29:26
4050412700,20260915232500,0,58,0,9,2026091523,2026-09-15 23:29:26
4060385100,20260915232500,0,61,0,23,2026091523,2026-09-15 23:29:26
4050521100,20260915232500,0,45,0,46,2026091523,2026-09-15 23:29:26
4060488100,20260915232500,0,50,0,2,2026091523,2026-09-15 23:29:26
4050515700,20260915232500,0,58,0,57,2026091523,2026-09-15 23:29:26
4060513200,20260915232500,0,50,0,53,2026091523,2026-09-15 23:29:26
4060507800,20260915232500,0,72,0,4,2026091523,2026-09-15 23:29:26
4060019304,20260915232500,0,27,0,17,2026091523,2026-09-15 23:29:26
4060019303,20260915232500,0,39,0,254,2026091523,2026-09-15 23:29:26
4050571300,20260915232500,0,32,0,28,2026091523,2026-09-15 23:29:26
4050565900,20260915232500,0,52,0,4,2026091523,2026-09-15 23:29:26
4060460400,20260915232500,0,50,0,5,2026091523,2026-09-15 23:29:26
4060047102,20260915232500,0,36,0,10,2026091523,2026-09-15 23:29:26
4060047101,20260915232500,0,8,0,31,2026091523,2026-09-15 23:29:26
4060409000,20260915232500,0,45,0,220,2026091523,2026-09-15 23:29:26
4050439300,20260915232500,0,39,0,17,2026091523,2026-09-15 23:29:26
4050364100,20260915232500,0,52,0,44,2026091523,2026-09-15 23:29:26
4060459200,20260915232500,0,56,0,104,2026091523,2026-09-15 23:29:26
4050386500,20260915232500,0,47,0,6,2026091523,2026-09-15 23:29:26
4050489500,20260915232500,0,39,0,7,2026091523,2026-09-15 23:29:26
4050623001,20260915232500,0,11,0,50,2026091523,2026-09-15 23:29:26
4060487000,20260915232500,0,36,0,40,2026091523,2026-09-15 23:29:26
4050617601,20260915232500,0,57,0,70,2026091523,2026-09-15 23:29:26
4060378600,20260915232500,0,50,0,156,2026091523,2026-09-15 23:29:26
4060512100,20260915232500,0,43,0,49,2026091523,2026-09-15 23:29:26
4050461800,20260915232500,0,60,0,11,2026091523,2026-09-15 23:29:26
4060453900,20260915232500,3,60,0,36,2026091523,2026-09-15 23:29:26
4050438200,20260915232500,0,48,0,27,2026091523,2026-09-15 23:29:26
4060327300,20260915232500,0,46,0,12,2026091523,2026-09-15 23:29:26
4050363000,20260915232500,0,46,0,25,2026091523,2026-09-15 23:29:26
4050488400,20260915232500,0,63,0,9,2026091523,2026-09-15 23:29:26
4050410500,20260915232500,0,45,0,240,2026091523,2026-09-15 23:29:26
4050616501,20260915232500,0,39,0,20,2026091523,2026-09-15 23:29:26
4060377500,20260915232500,0,35,0,40,2026091523,2026-09-15 23:29:26
4060511000,20260915232500,0,48,0,32,2026091523,2026-09-15 23:29:26
4050541300,20260915232500,0,53,0,140,2026091523,2026-09-15 23:29:26
4050535900,20260915232500,0,40,0,58,2026091523,2026-09-15 23:29:26
4050178206,20260915232500,0,28,0,11,2026091523,2026-09-15 23:29:26
4050178205,20260915232500,0,49,0,7,2026091523,2026-09-15 23:29:26
4050178204,20260915232500,0,46,0,1,2026091523,2026-09-15 23:29:26
4050178203,20260915232500,0,26,0,35,2026091523,2026-09-15 23:29:26
4060011808,20260915232500,0,59,0,41,2026091523,2026-09-15 23:29:26
4060011806,20260915232500,0,30,0,23,2026091523,2026-09-15 23:29:26
4060011805,20260915232500,0,40,0,22,2026091523,2026-09-15 23:29:26
4060142602,20260915232500,0,30,0,24,2026091523,2026-09-15 23:29:26
4060429200,20260915232500,0,62,0,117,2026091523,2026-09-15 23:29:26
4060142601,20260915232500,0,30,0,43,2026091523,2026-09-15 23:29:26
4050459500,20260915232500,0,33,0,8,2026091523,2026-09-15 23:29:26
4060457000,20260915232500,0,53,0,15,2026091523,2026-09-15 23:29:26
4060376400,20260915232500,0,51,0,23,2026091523,2026-09-15 23:29:26
4050615401,20260915232500,0,41,0,92,2026091523,2026-09-15 23:29:26
4050512400,20260915232500,0,66,0,76,2026091523,2026-09-15 23:29:26
4060479400,20260915232500,0,45,0,66,2026091523,2026-09-15 23:29:26
4050018505,20260915232500,0,42,0,10,2026091523,2026-09-15 23:29:26
4050018504,20260915232500,0,47,0,13,2026091523,2026-09-15 23:29:26
4060398800,20260915232500,0,70,0,26,2026091523,2026-09-15 23:29:26
4060320900,20260915232500,0,33,0,52,2026091523,2026-09-15 23:29:26
4060451700,20260915232500,0,51,0,133,2026091523,2026-09-15 23:29:26
4050436000,20260915232500,0,45,0,64,2026091523,2026-09-15 23:29:26
4050539000,20260915232500,0,71,0,62,2026091523,2026-09-15 23:29:26
4060319700,20260915232500,0,32,0,2,2026091523,2026-09-15 23:29:26
4060428100,20260915232500,0,55,0,65,2026091523,2026-09-15 23:29:26
4050458400,20260915232500,0,62,0,17,2026091523,2026-09-15 23:29:26
4050383200,20260915232500,0,45,0,55,2026091523,2026-09-15 23:29:26
4050486200,20260915232500,0,53,0,59,2026091523,2026-09-15 23:29:26
4060478300,20260915232500,0,55,0,10,2026091523,2026-09-15 23:29:26
4050614300,20260915232500,0,40,0,28,2026091523,2026-09-15 23:29:26
4050608900,20260915232500,0,68,0,82,2026091523,2026-09-15 23:29:26
4060400400,20260915232500,0,49,0,10,2026091523,2026-09-15 23:29:26
4050430700,20260915232500,0,50,0,36,2026091523,2026-09-15 23:29:26
4050533700,20260915232500,0,44,0,39,2026091523,2026-09-15 23:29:26
4060525800,20260915232500,0,33,0,57,2026091523,2026-09-15 23:29:26
4050561500,20260915232500,0,42,0,162,2026091523,2026-09-15 23:29:26
4050556700,20260915232500,0,58,0,84,2026091523,2026-09-15 23:29:26
4060342800,20260915232500,0,55,0,10,2026091523,2026-09-15 23:29:26
4050481500,20260915232500,0,55,0,177,2026091523,2026-09-15 23:29:26
4060010209,20260915232500,0,46,0,28,2026091523,2026-09-15 23:29:26
4060004808,20260915232500,0,55,0,3,2026091523,2026-09-15 23:29:26
4060004807,20260915232500,0,53,0,11,2026091523,2026-09-15 23:29:26
4060004806,20260915232500,0,27,0,25,2026091523,2026-09-15 23:29:26
4050199002,20260915232500,0,6,0,184,2026091523,2026-09-15 23:29:26
4050199001,20260915232500,0,37,0,73,2026091523,2026-09-15 23:29:26
4060004804,20260915232500,0,32,0,138,2026091523,2026-09-15 23:29:26
4050115702,20260915232500,0,19,0,29,2026091523,2026-09-15 23:29:26
4050115701,20260915232500,0,19,0,21,2026091523,2026-09-15 23:29:26
4060141004,20260915232500,0,36,0,20,2026091523,2026-09-15 23:29:26
4060141003,20260915232500,0,47,0,12,2026091523,2026-09-15 23:29:26
4060319200,20260915232500,0,54,0,22,2026091523,2026-09-15 23:29:26
4060141001,20260915232500,0,48,0,36,2026091523,2026-09-15 23:29:26
4050246500,20260915232500,0,41,0,9,2026091523,2026-09-15 23:29:26
4050193702,20260915232500,0,26,0,39,2026091523,2026-09-15 23:29:26
4050402400,20260915232500,0,45,0,130,2026091523,2026-09-15 23:29:26
4050193701,20260915232500,0,27,0,22,2026091523,2026-09-15 23:29:26
4050505400,20260915232500,0,63,0,26,2026091523,2026-09-15 23:29:26
4050399700,20260915232500,0,52,0,8,2026091523,2026-09-15 23:29:26
4050430200,20260915232500,0,53,0,26,2026091523,2026-09-15 23:29:26
4060397200,20260915232500,0,70,0,8,2026091523,2026-09-15 23:29:26
4050533200,20260915232500,0,29,0,7,2026091523,2026-09-15 23:29:26
4050527800,20260915232500,0,75,0,8,2026091523,2026-09-15 23:29:26
4060416900,20260915232500,0,37,0,50,2026091523,2026-09-15 23:29:26
4060525300,20260915232500,0,37,0,28,2026091523,2026-09-15 23:29:26
4050452600,20260915232500,0,38,0,20,2026091523,2026-09-15 23:29:26
4060341700,20260915232500,0,35,0,17,2026091523,2026-09-15 23:29:26
4060444700,20260915232500,0,71,0,32,2026091523,2026-09-15 23:29:26
4050429000,20260915232500,0,43,0,42,2026091523,2026-09-15 23:29:26
4050376200,20260915232500,0,55,0,46,2026091523,2026-09-15 23:29:26
4050532100,20260915232500,0,40,0,9,2026091523,2026-09-15 23:29:26
4060499100,20260915232500,0,46,0,22,2026091523,2026-09-15 23:29:26
4060312800,20260915232500,0,47,0,16,2026091523,2026-09-15 23:29:26
4060524200,20260915232500,0,43,0,78,2026091523,2026-09-15 23:29:26
4050473900,20260915232500,0,77,0,4,2026091523,2026-09-15 23:29:26
4050066002,20260915232500,0,36,0,33,2026091523,2026-09-15 23:29:26
4050066001,20260915232500,0,36,0,37,2026091523,2026-09-15 23:29:26
4050010502,20260915232500,0,17,0,26,2026091523,2026-09-15 23:29:26
4050010501,20260915232500,0,42,0,1,2026091523,2026-09-15 23:29:26
4060002602,20260915232500,0,49,0,13,2026091523,2026-09-15 23:29:26
4060002601,20260915232500,0,49,0,16,2026091523,2026-09-15 23:29:26
4060317000,20260915232500,0,40,0,20,2026091523,2026-09-15 23:29:26
4050294500,20260915232500,0,37,0,66,2026091523,2026-09-15 23:29:26
4060498000,20260915232500,0,42,0,37,2026091523,2026-09-15 23:29:26
4060389600,20260915232500,0,63,0,14,2026091523,2026-09-15 23:29:26
4060517700,20260915232500,0,51,0,28,2026091523,2026-09-15 23:29:26
4050450400,20260915232500,0,30,0,11,2026091523,2026-09-15 23:29:26
4050575800,20260915232500,0,44,0,4,2026091523,2026-09-15 23:29:26
4060051702,20260915232500,0,31,0,81,2026091523,2026-09-15 23:29:26
4060051701,20260915232500,0,23,0,35,2026091523,2026-09-15 23:29:26
4050374000,20260915232500,0,45,0,45,2026091523,2026-09-15 23:29:26
4050477000,20260915232500,0,36,0,50,2026091523,2026-09-15 23:29:26
4050368600,20260915232500,0,59,0,46,2026091523,2026-09-15 23:29:26
4060388500,20260915232500,0,56,0,111,2026091523,2026-09-15 23:29:26
4060522000,20260915232500,0,55,0,128,2026091523,2026-09-15 23:29:26
4060516600,20260915232500,0,43,0,29,2026091523,2026-09-15 23:29:26
4050443900,20260915232500,0,61,0,29,2026091523,2026-09-15 23:29:26
4050133704,20260915232500,0,30,0,29,2026091523,2026-09-15 23:29:26
4050133703,20260915232500,0,49,0,11,2026091523,2026-09-15 23:29:26
4050133701,20260915232500,0,41,0,11,2026091523,2026-09-15 23:29:26
4050183907,20260915232500,0,33,0,8,2026091523,2026-09-15 23:29:26
4050183906,20260915232500,0,34,0,13,2026091523,2026-09-15 23:29:26
4050183905,20260915232500,0,12,0,36,2026091523,2026-09-15 23:29:26
4050183903,20260915232500,0,28,0,33,2026091523,2026-09-15 23:29:26
4050367500,20260915232500,0,52,0,4,2026091523,2026-09-15 23:29:26
4050183902,20260915232500,0,42,0,29,2026091523,2026-09-15 23:29:26
4050501000,20260915232500,0,63,0,16,2026091523,2026-09-15 23:29:26
4060359600,20260915232500,3,36,0,171,2026091523,2026-09-15 23:29:26
4050389900,20260915232500,0,47,0,180,2026091523,2026-09-15 23:29:26
4060331900,20260915232500,0,31,0,17,2026091523,2026-09-15 23:29:26
4050110204,20260915232500,0,47,0,9,2026091523,2026-09-15 23:29:26
4050110203,20260915232500,0,46,0,10,2026091523,2026-09-15 23:29:26
4050110202,20260915232500,0,47,0,5,2026091523,2026-09-15 23:29:26
4050419200,20260915232500,0,51,0,34,2026091523,2026-09-15 23:29:26
4060439100,20260915232500,0,55,0,1,2026091523,2026-09-15 23:29:26
4060358500,20260915232500,0,69,0,34,2026091523,2026-09-15 23:29:26
4050388800,20260915232500,0,39,0,53,2026091523,2026-09-15 23:29:26
4060386300,20260915232500,0,44,0,29,2026091523,2026-09-15 23:29:26
4060489300,20260915232500,0,51,0,99,2026091523,2026-09-15 23:29:26
4050516900,20260915232500,0,32,0,28,2026091523,2026-09-15 23:29:26
4050550100,20260915232500,0,63,0,24,2026091523,2026-09-15 23:29:26
4050544700,20260915232500,0,53,0,10,2026091523,2026-09-15 23:29:26
4050572500,20260915232500,0,54,0,69,2026091523,2026-09-15 23:29:26
4060461600,20260915232500,0,50,0,110,2026091523,2026-09-15 23:29:26
4050206702,20260915232500,0,29,0,32,2026091523,2026-09-15 23:29:26
4050206701,20260915232500,0,29,0,34,2026091523,2026-09-15 23:29:26
4050418100,20260915232500,0,80,0,16,2026091523,2026-09-15 23:29:26
4060329600,20260915232500,6,59,0,97,2026091523,2026-09-15 23:29:26
4050365300,20260915232500,0,40,0,102,2026091523,2026-09-15 23:29:26
4050496100,20260915232500,0,71,0,21,2026091523,2026-09-15 23:29:26
4050387700,20260915232500,0,69,0,38,2026091523,2026-09-15 23:29:26
4050599100,20260915232500,0,32,0,18,2026091523,2026-09-15 23:29:26
4050618801,20260915232500,0,8,0,46,2026091523,2026-09-15 23:29:26
4060488200,20260915232500,0,49,0,3,2026091523,2026-09-15 23:29:26
4060379800,20260915232500,0,34,0,27,2026091523,2026-09-15 23:29:26
4050543600,20260915232500,0,52,0,2,2026091523,2026-09-15 23:29:26
4060432700,20260915232500,0,71,0,57,2026091523,2026-09-15 23:29:26
4060019404,20260915232500,0,41,0,241,2026091523,2026-09-15 23:29:26
4060019403,20260915232500,0,28,0,16,2026091523,2026-09-15 23:29:26
4060460500,20260915232500,0,42,0,47,2026091523,2026-09-15 23:29:26
4050490800,20260915232500,0,54,0,2,2026091523,2026-09-15 23:29:26
4060047202,20260915232500,0,26,0,9,2026091523,2026-09-15 23:29:26
4060047201,20260915232500,0,28,0,13,2026091523,2026-09-15 23:29:26
4050204000,20260915232500,0,17,0,37,2026091523,2026-09-15 23:29:26
4050144200,20260915232500,0,42,0,24,2026091523,2026-09-15 23:29:26
4060482900,20260915232500,0,50,0,102,2026091523,2026-09-15 23:29:26
4060306100,20260915232500,0,54,0,150,2026091523,2026-09-15 23:29:26
4050439400,20260915232500,0,40,0,7,2026091523,2026-09-15 23:29:26
4060328500,20260915232500,0,46,0,6,2026091523,2026-09-15 23:29:26
4050364200,20260915232500,0,46,0,52,2026091523,2026-09-15 23:29:26
4050392000,20260915232500,0,49,0,17,2026091523,2026-09-15 23:29:26
4060459300,20260915232500,0,54,0,78,2026091523,2026-09-15 23:29:26
4050386600,20260915232500,0,71,0,1,2026091523,2026-09-15 23:29:26
4050495000,20260915232500,0,52,0,209,2026091523,2026-09-15 23:29:26
4050623101,20260915232500,0,39,0,14,2026091523,2026-09-15 23:29:26
4050617701,20260915232500,0,28,0,143,2026091523,2026-09-15 23:29:26
4060378700,20260915232500,0,52,0,150,2026091523,2026-09-15 23:29:26
4060403800,20260915232500,0,49,0,87,2026091523,2026-09-15 23:29:26
4060512200,20260915232500,0,48,0,44,2026091523,2026-09-15 23:29:26
4050461900,20260915232500,0,53,0,12,2026091523,2026-09-15 23:29:26
4050024028,20260915232500,0,43,0,7,2026091523,2026-09-15 23:29:26
4050024027,20260915232500,0,56,0,64,2026091523,2026-09-15 23:29:26
4050024026,20260915232500,0,59,0,19,2026091523,2026-09-15 23:29:26
4060481800,20260915232500,0,32,0,14,2026091523,2026-09-15 23:29:26
4050204502,20260915232500,0,9,0,62,2026091523,2026-09-15 23:29:26
4050204501,20260915232500,0,58,0,49,2026091523,2026-09-15 23:29:26
4060408000,20260915232500,0,50,0,13,2026091523,2026-09-15 23:29:26
4050438300,20260915232500,0,36,0,37,2026091523,2026-09-15 23:29:26
4060327400,20260915232500,0,37,0,15,2026091523,2026-09-15 23:29:26
4050363100,20260915232500,0,43,0,27,2026091523,2026-09-15 23:29:26
4050488500,20260915232500,0,32,0,19,2026091523,2026-09-15 23:29:26
4050616601,20260915232500,0,29,0,19,2026091523,2026-09-15 23:29:26
4050541400,20260915232500,0,56,0,0,2026091523,2026-09-15 23:29:26
4050024016,20260915232500,0,30,0,46,2026091523,2026-09-15 23:29:26
4050047503,20260915232500,0,44,0,33,2026091523,2026-09-15 23:29:26
4060480700,20260915232500,4,73,0,65,2026091523,2026-09-15 23:29:26
4050409400,20260915232500,0,78,0,25,2026091523,2026-09-15 23:29:26
4050465000,20260915232500,0,52,0,104,2026091523,2026-09-15 23:29:26
4060170500,20260915232500,0,25,0,39,2026091523,2026-09-15 23:29:26
4060376500,20260915232500,0,43,0,27,2026091523,2026-09-15 23:29:26
4050512500,20260915232500,0,63,0,80,2026091523,2026-09-15 23:29:26
4060479500,20260915232500,0,48,0,33,2026091523,2026-09-15 23:29:26
4050018605,20260915232500,0,49,0,13,2026091523,2026-09-15 23:29:26
4050540300,20260915232500,0,47,0,40,2026091523,2026-09-15 23:29:26
4050018604,20260915232500,0,38,0,12,2026091523,2026-09-15 23:29:26
4060398900,20260915232500,0,55,0,33,2026091523,2026-09-15 23:29:26
4060451800,20260915232500,0,42,0,161,2026091523,2026-09-15 23:29:26
4050436100,20260915232500,0,44,0,67,2026091523,2026-09-15 23:29:26
4050539100,20260915232500,0,72,0,61,2026091523,2026-09-15 23:29:26
4060319800,20260915232500,0,64,0,1,2026091523,2026-09-15 23:29:26
4050458500,20260915232500,0,61,0,17,2026091523,2026-09-15 23:29:26
4060353000,20260915232500,0,42,0,170,2026091523,2026-09-15 23:29:26
4050383300,20260915232500,0,52,0,47,2026091523,2026-09-15 23:29:26
4050377900,20260915232500,0,51,0,32,2026091523,2026-09-15 23:29:26
4050486300,20260915232500,0,37,0,85,2026091523,2026-09-15 23:29:26
4060478400,20260915232500,0,62,0,9,2026091523,2026-09-15 23:29:26
4060400500,20260915232500,0,59,0,9,2026091523,2026-09-15 23:29:26
4060503500,20260915232500,0,63,0,48,2026091523,2026-09-15 23:29:26
4050533800,20260915232500,0,29,0,47,2026091523,2026-09-15 23:29:26
4060397800,20260915232500,0,39,0,39,2026091523,2026-09-15 23:29:26
4060525900,20260915232500,0,47,0,4,2026091523,2026-09-15 23:29:26
4050561600,20260915232500,0,49,0,55,2026091523,2026-09-15 23:29:26
4050435000,20260915232500,0,47,0,32,2026091523,2026-09-15 23:29:26
4060324100,20260915232500,0,54,0,78,2026091523,2026-09-15 23:29:26
4060318700,20260915232500,0,48,0,31,2026091523,2026-09-15 23:29:26
4060346500,20260915232500,0,45,0,11,2026091523,2026-09-15 23:29:26
4050376800,20260915232500,0,45,0,46,2026091523,2026-09-15 23:29:26
4060271300,20260915232500,0,36,0,10,2026091523,2026-09-15 23:29:26
4050479800,20260915232500,0,72,0,9,2026091523,2026-09-15 23:29:26
4060477300,20260915232500,0,53,0,1,2026091523,2026-09-15 23:29:26
4050613300,20260915232500,7,62,0,90,2026091523,2026-09-15 23:29:26
4050607900,20260915232500,0,50,0,27,2026091523,2026-09-15 23:29:26
4060502400,20260915232500,0,59,0,2,2026091523,2026-09-15 23:29:26
4050532700,20260915232500,0,55,0,11,2026091523,2026-09-15 23:29:26
4060499700,20260915232500,0,57,0,53,2026091523,2026-09-15 23:29:26
4050406100,20260915232500,0,49,0,84,2026091523,2026-09-15 23:29:26
4050222500,20260915232500,0,45,0,5,2026091523,2026-09-15 23:29:26
4050428500,20260915232500,0,72,0,15,2026091523,2026-09-15 23:29:26
4060317600,20260915232500,3,46,0,144,2026091523,2026-09-15 23:29:26
4050250300,20260915232500,0,34,0,85,2026091523,2026-09-15 23:29:26
4060529000,20260915232500,0,60,0,21,2026091523,2026-09-15 23:29:26
4050484100,20260915232500,0,75,0,1,2026091523,2026-09-15 23:29:26
4050587100,20260915232500,0,37,0,11,2026091523,2026-09-15 23:29:26
4050400800,20260915232500,0,52,0,20,2026091523,2026-09-15 23:29:26
4060373200,20260915232500,0,80,0,21,2026091523,2026-09-15 23:29:26
4050606800,20260915232500,0,23,0,73,2026091523,2026-09-15 23:29:26
4060395600,20260915232500,0,39,0,11,2026091523,2026-09-15 23:29:26
4050531600,20260915232500,0,74,0,15,2026091523,2026-09-15 23:29:26
4060057602,20260915232500,0,34,0,14,2026091523,2026-09-15 23:29:26
4060057601,20260915232500,0,34,0,4,2026091523,2026-09-15 23:29:26
4050405000,20260915232500,0,45,0,8,2026091523,2026-09-15 23:29:26
4060419500,20260915232500,0,57,0,10,2026091523,2026-09-15 23:29:26
4050449800,20260915232500,0,42,0,32,2026091523,2026-09-15 23:29:26
4050558200,20260915232500,0,54,0,100,2026091523,2026-09-15 23:29:26
4060338900,20260915232500,0,51,0,22,2026091523,2026-09-15 23:29:26
4050483000,20260915232500,0,34,0,20,2026091523,2026-09-15 23:29:26
4050477600,20260915232500,0,55,0,20,2026091523,2026-09-15 23:29:26
4050586000,20260915232500,0,42,0,4,2026091523,2026-09-15 23:29:26
4060372100,20260915232500,0,63,0,1,2026091523,2026-09-15 23:29:26
4050611100,20260915232500,0,50,0,30,2026091523,2026-09-15 23:29:26
4060469700,20260915232500,0,53,0,3,2026091523,2026-09-15 23:29:26
4060500200,20260915232500,0,54,0,194,2026091523,2026-09-15 23:29:26
4060394500,20260915232500,0,43,0,72,2026091523,2026-09-15 23:29:26
4060497500,20260915232500,0,50,0,3,2026091523,2026-09-15 23:29:26
4050552900,20260915232500,0,37,0,15,2026091523,2026-09-15 23:29:26
4050195202,20260915232500,0,24,0,17,2026091523,2026-09-15 23:29:26
4050195201,20260915232500,0,34,0,31,2026091523,2026-09-15 23:29:26
4060418400,20260915232500,0,51,0,8,2026091523,2026-09-15 23:29:26
4050557100,20260915232500,0,27,0,42,2026091523,2026-09-15 23:29:26
4060343200,20260915232500,0,29,0,19,2026091523,2026-09-15 23:29:26
4060446200,20260915232500,0,50,0,22,2026091523,2026-09-15 23:29:26
4050373500,20260915232500,0,29,0,60,2026091523,2026-09-15 23:29:26
4050610000,20260915232500,0,53,0,105,2026091523,2026-09-15 23:29:26
4050116106,20260915232500,0,36,0,21,2026091523,2026-09-15 23:29:26
4050116105,20260915232500,0,36,0,8,2026091523,2026-09-15 23:29:26
4050116104,20260915232500,0,32,0,16,2026091523,2026-09-15 23:29:26
4050116103,20260915232500,0,32,0,21,2026091523,2026-09-15 23:29:26
4050057902,20260915232500,0,46,0,32,2026091523,2026-09-15 23:29:26
4050057901,20260915232500,0,65,0,38,2026091523,2026-09-15 23:29:26
4050005521,20260915232500,0,53,0,52,2026091523,2026-09-15 23:29:26
4050425200,20260915232500,0,48,0,2,2026091523,2026-09-15 23:29:26
4060417300,20260915232500,0,47,0,14,2026091523,2026-09-15 23:29:26
4050453000,20260915232500,0,44,0,79,2026091523,2026-09-15 23:29:26
4050475400,20260915232500,0,65,0,159,2026091523,2026-09-15 23:29:26
4050500500,20260915232500,0,61,0,74,2026091523,2026-09-15 23:29:26
4060392300,20260915232500,0,26,0,6,2026091523,2026-09-15 23:29:26
4050115002,20260915232500,0,25,0,47,2026091523,2026-09-15 23:29:26
4060520400,20260915232500,0,58,0,4,2026091523,2026-09-15 23:29:26
4050115001,20260915232500,0,19,0,21,2026091523,2026-09-15 23:29:26
4050005511,20260915232500,0,50,0,13,2026091523,2026-09-15 23:29:26
4050193002,20260915232500,0,35,0,7,2026091523,2026-09-15 23:29:26
4050090001,20260915232500,0,34,0,13,2026091523,2026-09-15 23:29:26
4050193001,20260915232500,0,35,0,20,2026091523,2026-09-15 23:29:26
4050399000,20260915232500,0,57,0,72,2026091523,2026-09-15 23:29:26
4050424100,20260915232500,0,48,0,27,2026091523,2026-09-15 23:29:26
4050418700,20260915232500,3,54,0,66,2026091523,2026-09-15 23:29:26
4060313200,20260915232500,0,31,0,16,2026091523,2026-09-15 23:29:26
4060416200,20260915232500,0,44,0,30,2026091523,2026-09-15 23:29:26
4060519200,20260915232500,0,34,0,26,2026091523,2026-09-15 23:29:26
4050549500,20260915232500,0,39,0,63,2026091523,2026-09-15 23:29:26
4060335600,20260915232500,0,48,0,13,2026091523,2026-09-15 23:29:26
4060438600,20260915232500,0,53,0,124,2026091523,2026-09-15 23:29:26
4050371300,20260915232500,0,52,0,6,2026091523,2026-09-15 23:29:26
4060466400,20260915232500,0,55,0,145,2026091523,2026-09-15 23:29:26
4060391200,20260915232500,0,25,0,3,2026091523,2026-09-15 23:29:26
4060385800,20260915232500,0,49,0,78,2026091523,2026-09-15 23:29:26
4060488800,20260915232500,0,38,0,23,2026091523,2026-09-15 23:29:26
4060312100,20260915232500,0,48,0,20,2026091523,2026-09-15 23:29:26
4060518100,20260915232500,0,29,0,17,2026091523,2026-09-15 23:29:26
4060437500,20260915232500,0,53,0,4,2026091523,2026-09-15 23:29:26
4050473200,20260915232500,0,53,0,30,2026091523,2026-09-15 23:29:26
4060390100,20260915232500,0,47,0,35,2026091523,2026-09-15 23:29:26
4050623701,20260915232500,0,28,0,7,2026091523,2026-09-15 23:29:26
4060384700,20260915232500,0,63,0,39,2026091523,2026-09-15 23:29:26
4050520700,20260915232500,0,60,0,95,2026091523,2026-09-15 23:29:26
4060487700,20260915232500,0,50,0,51,2026091523,2026-09-15 23:29:26
4060512800,20260915232500,0,39,0,46,2026091523,2026-09-15 23:29:26
4050570900,20260915232500,0,52,0,23,2026091523,2026-09-15 23:29:26
4050416500,20260915232500,0,58,0,61,2026091523,2026-09-15 23:29:26
4050519500,20260915232500,0,54,0,26,2026091523,2026-09-15 23:29:26
4060517000,20260915232500,0,32,0,45,2026091523,2026-09-15 23:29:26
4060408600,20260915232500,0,70,0,12,2026091523,2026-09-15 23:29:26
4050438900,20260915232500,0,38,0,12,2026091523,2026-09-15 23:29:26
4060333400,20260915232500,0,49,0,4,2026091523,2026-09-15 23:29:26
4060436400,20260915232500,0,56,0,18,2026091523,2026-09-15 23:29:26
4050363700,20260915232500,0,52,0,63,2026091523,2026-09-15 23:29:26
4050466700,20260915232500,0,53,0,78,2026091523,2026-09-15 23:29:26
4060458800,20260915232500,0,55,0,41,2026091523,2026-09-15 23:29:26
4050184302,20260915232500,0,53,0,48,2026091523,2026-09-15 23:29:26
4050415400,20260915232500,0,65,0,34,2026091523,2026-09-15 23:29:26
4050443200,20260915232500,0,37,0,25,2026091523,2026-09-15 23:29:26
4050437800,20260915232500,0,71,0,50,2026091523,2026-09-15 23:29:26
4060332300,20260915232500,0,43,0,19,2026091523,2026-09-15 23:29:26
4060538301,20260915232500,0,37,0,19,2026091523,2026-09-15 23:29:26
4060463100,20260915232500,0,48,0,8,2026091523,2026-09-15 23:29:26
4060354700,20260915232500,0,72,0,36,2026091523,2026-09-15 23:29:26
4060457700,20260915232500,0,54,0,127,2026091523,2026-09-15 23:29:26
4050493400,20260915232500,0,43,0,112,2026091523,2026-09-15 23:29:26
4050127602,20260915232500,0,24,0,41,2026091523,2026-09-15 23:29:26
4050127601,20260915232500,0,54,0,24,2026091523,2026-09-15 23:29:26
4050414300,20260915232500,0,38,0,34,2026091523,2026-09-15 23:29:26
4050408900,20260915232500,0,58,0,71,2026091523,2026-09-15 23:29:26
4060200400,20260915232500,0,72,0,29,2026091523,2026-09-15 23:29:26
4050517300,20260915232500,0,60,0,30,2026091523,2026-09-15 23:29:26
4050545100,20260915232500,0,43,0,19,2026091523,2026-09-15 23:29:26
4050539700,20260915232500,0,50,0,22,2026091523,2026-09-15 23:29:26
4060428800,20260915232500,0,81,0,47,2026091523,2026-09-15 23:29:26
4050464500,20260915232500,0,77,0,53,2026091523,2026-09-15 23:29:26
4060456600,20260915232500,0,53,0,8,2026091523,2026-09-15 23:29:26
4050595300,20260915232500,0,54,0,69,2026091523,2026-09-15 23:29:26
4050486900,20260915232500,0,75,0,15,2026091523,2026-09-15 23:29:26
4060015602,20260915232500,0,59,0,38,2026091523,2026-09-15 23:29:26
4060015601,20260915232500,0,59,0,16,2026091523,2026-09-15 23:29:26
4050182102,20260915232500,0,60,0,28,2026091523,2026-09-15 23:29:26
4050182101,20260915232500,0,60,0,2,2026091523,2026-09-15 23:29:26
4050310200,20260915232500,0,22,0,53,2026091523,2026-09-15 23:29:26
4050407800,20260915232500,0,49,0,25,2026091523,2026-09-15 23:29:26
4050516200,20260915232500,0,27,0,138,2026091523,2026-09-15 23:29:26
4050441000,20260915232500,0,58,0,16,2026091523,2026-09-15 23:29:26
4060508300,20260915232500,0,66,0,56,2026091523,2026-09-15 23:29:26
4050538600,20260915232500,0,47,0,53,2026091523,2026-09-15 23:29:26
4050566400,20260915232500,0,43,0,63,2026091523,2026-09-15 23:29:26
4050613900,20260915232500,0,43,0,15,2026091523,2026-09-15 23:29:26
4060014507,20260915232500,0,43,0,11,2026091523,2026-09-15 23:29:26
4060014506,20260915232500,0,43,0,13,2026091523,2026-09-15 23:29:26
4050387000,20260915232500,0,49,0,59,2026091523,2026-09-15 23:29:26
4050406700,20260915232500,0,83,0,1,2026091523,2026-09-15 23:29:26
4050515100,20260915232500,0,67,0,7,2026091523,2026-09-15 23:29:26
4050618101,20260915232500,0,57,0,39,2026091523,2026-09-15 23:29:26
4050509700,20260915232500,0,65,0,28,2026091523,2026-09-15 23:29:26
4050537500,20260915232500,0,75,0,2,2026091523,2026-09-15 23:29:26
4060529600,20260915232500,0,33,0,24,2026091523,2026-09-15 23:29:26
4050484700,20260915232500,0,75,0,9,2026091523,2026-09-15 23:29:26
4050587700,20260915232500,0,37,0,5,2026091523,2026-09-15 23:29:26
4060482200,20260915232500,0,54,0,193,2026091523,2026-09-15 23:29:26
4050181301,20260915232500,0,45,0,13,2026091523,2026-09-15 23:29:26
4050387300,20260915232500,0,64,0,12,2026091523,2026-09-15 23:29:26
4050412400,20260915232500,0,51,0,75,2026091523,2026-09-15 23:29:26
4050618401,20260915232500,0,8,0,103,2026091523,2026-09-15 23:29:26
4060507500,20260915232500,0,66,0,42,2026091523,2026-09-15 23:29:26
4050440200,20260915232500,0,31,0,12,2026091523,2026-09-15 23:29:26
4050434800,20260915232500,0,45,0,41,2026091523,2026-09-15 23:29:26
4050543200,20260915232500,0,62,0,3,2026091523,2026-09-15 23:29:26
4060220900,20260915232500,0,57,0,8,2026091523,2026-09-15 23:29:26
4050571000,20260915232500,0,42,0,5,2026091523,2026-09-15 23:29:26
4050565600,20260915232500,0,36,0,7,2026091523,2026-09-15 23:29:26
4060460100,20260915232500,0,71,0,40,2026091523,2026-09-15 23:29:26
4050490400,20260915232500,0,39,0,47,2026091523,2026-09-15 23:29:26
4050102202,20260915232500,0,6,0,48,2026091523,2026-09-15 23:29:26
4050021606,20260915232500,0,49,0,1,2026091523,2026-09-15 23:29:26
4050102201,20260915232500,0,38,0,2,2026091523,2026-09-15 23:29:26
4050021605,20260915232500,0,41,0,16,2026091523,2026-09-15 23:29:26
4050439000,20260915232500,0,38,0,35,2026091523,2026-09-15 23:29:26
4060328100,20260915232500,0,46,0,34,2026091523,2026-09-15 23:29:26
4050386200,20260915232500,0,54,0,76,2026091523,2026-09-15 23:29:26
4050617301,20260915232500,0,28,0,48,2026091523,2026-09-15 23:29:26
4060506400,20260915232500,0,63,0,32,2026091523,2026-09-15 23:29:26
4050433700,20260915232500,0,50,0,1,2026091523,2026-09-15 23:29:26
4050542100,20260915232500,0,41,0,65,2026091523,2026-09-15 23:29:26
4050536700,20260915232500,0,75,0,26,2026091523,2026-09-15 23:29:26
4060528800,20260915232500,0,33,0,19,2026091523,2026-09-15 23:29:26
4050592300,20260915232500,0,27,0,43,2026091523,2026-09-15 23:29:26
4060481400,20260915232500,0,40,0,13,2026091523,2026-09-15 23:29:26
4050042902,20260915232500,0,20,0,64,2026091523,2026-09-15 23:29:26
4050042901,20260915232500,0,40,0,13,2026091523,2026-09-15 23:29:26
4050410200,20260915232500,0,45,0,0,2026091523,2026-09-15 23:29:26
4050507800,20260915232500,0,53,0,93,2026091523,2026-09-15 23:29:26
4050432600,20260915232500,0,77,0,11,2026091523,2026-09-15 23:29:26
4050535600,20260915232500,0,64,0,3,2026091523,2026-09-15 23:29:26
4060424700,20260915232500,0,47,0,180,2026091523,2026-09-15 23:29:26
4060452500,20260915232500,0,52,0,8,2026091523,2026-09-15 23:29:26
4050585800,20260915232500,0,42,0,72,2026091523,2026-09-15 23:29:26
4060371900,20260915232500,0,63,0,0,2026091523,2026-09-15 23:29:26
4050610900,20260915232500,0,52,0,10,2026091523,2026-09-15 23:29:26
4060010419,20260915232500,0,64,0,10,2026091523,2026-09-15 23:29:26
4060010418,20260915232500,0,48,0,56,2026091523,2026-09-15 23:29:26
4060010416,20260915232500,0,57,0,41,2026091523,2026-09-15 23:29:26
4050378600,20260915232500,0,40,0,40,2026091523,2026-09-15 23:29:26
4060376100,20260915232500,0,54,0,14,2026091523,2026-09-15 23:29:26
4050506700,20260915232500,0,50,0,38,2026091523,2026-09-15 23:29:26
4060479100,20260915232500,0,48,0,34,2026091523,2026-09-15 23:29:26
4050534500,20260915232500,0,44,0,324,2026091523,2026-09-15 23:29:26
4060398500,20260915232500,0,74,0,30,2026091523,2026-09-15 23:29:26
4050453900,20260915232500,0,74,0,7,2026091523,2026-09-15 23:29:26
4050481700,20260915232500,0,75,0,8,2026091523,2026-09-15 23:29:26
4060375000,20260915232500,0,14,0,53,2026091523,2026-09-15 23:29:26
4060369600,20260915232500,0,47,0,49,2026091523,2026-09-15 23:29:26
4050608600,20260915232500,0,59,0,52,2026091523,2026-09-15 23:29:26
4060400100,20260915232500,0,63,0,21,2026091523,2026-09-15 23:29:26
4050399900,20260915232500,0,52,0,125,2026091523,2026-09-15 23:29:26
4050533400,20260915232500,0,52,0,45,2026091523,2026-09-15 23:29:26
4060397400,20260915232500,0,39,0,2,2026091523,2026-09-15 23:29:26
4060422500,20260915232500,0,30,0,48,2026091523,2026-09-15 23:29:26
4050452800,20260915232500,0,33,0,18,2026091523,2026-09-15 23:29:26
4050561200,20260915232500,0,54,0,7,2026091523,2026-09-15 23:29:26
4060444900,20260915232500,0,52,0,103,2026091523,2026-09-15 23:29:26
4060472700,20260915232500,0,63,0,55,2026091523,2026-09-15 23:29:26
4060059402,20260915232500,0,34,0,49,2026091523,2026-09-15 23:29:26
4060059401,20260915232500,0,40,0,10,2026091523,2026-09-15 23:29:26
4050011802,20260915232500,0,8,0,29,2026091523,2026-09-15 23:29:26
4050011801,20260915232500,0,33,0,12,2026091523,2026-09-15 23:29:26
4060003902,20260915232500,0,33,0,4,2026091523,2026-09-15 23:29:26
4060003901,20260915232500,0,37,0,8,2026091523,2026-09-15 23:29:26
4060449100,20260915232500,0,55,0,62,2026091523,2026-09-15 23:29:26
4050192802,20260915232500,0,38,0,12,2026091523,2026-09-15 23:29:26
4050192801,20260915232500,0,39,0,30,2026091523,2026-09-15 23:29:26
4050504500,20260915232500,0,37,0,49,2026091523,2026-09-15 23:29:26
4050607500,20260915232500,0,44,0,25,2026091523,2026-09-15 23:29:26
4060502000,20260915232500,0,39,0,36,2026091523,2026-09-15 23:29:26
4050451700,20260915232500,0,37,0,7,2026091523,2026-09-15 23:29:26
4050554700,20260915232500,0,52,0,55,2026091523,2026-09-15 23:29:26
4060317200,20260915232500,0,26,0,10,2026091523,2026-09-15 23:29:26
4050400400,20260915232500,0,25,0,8,2026091523,2026-09-15 23:29:26
4050503400,20260915232500,0,33,0,31,2026091523,2026-09-15 23:29:26
4050606400,20260915232500,0,23,0,28,2026091523,2026-09-15 23:29:26
4050397700,20260915232500,0,60,0,12,2026091523,2026-09-15 23:29:26
4060498200,20260915232500,0,54,0,65,2026091523,2026-09-15 23:29:26
4060523300,20260915232500,0,32,0,5,2026091523,2026-09-15 23:29:26
4060517900,20260915232500,0,50,0,11,2026091523,2026-09-15 23:29:26
4050553600,20260915232500,0,16,0,119,2026091523,2026-09-15 23:29:26
4060001704,20260915232500,0,39,0,16,2026091523,2026-09-15 23:29:26
4060001703,20260915232500,0,41,0,11,2026091523,2026-09-15 23:29:26
4060001701,20260915232500,0,43,0,33,2026091523,2026-09-15 23:29:26
4050427000,20260915232500,0,43,0,7,2026091523,2026-09-15 23:29:26
4060338500,20260915232500,0,43,0,57,2026091523,2026-09-15 23:29:26
4050477200,20260915232500,0,55,0,1,2026091523,2026-09-15 23:29:26
4050396600,20260915232500,0,78,0,17,2026091523,2026-09-15 23:29:26
4050499600,20260915232500,0,54,0,25,2026091523,2026-09-15 23:29:26
4060388700,20260915232500,0,47,0,5,2026091523,2026-09-15 23:29:26
4050574900,20260915232500,0,38,0,14,2026091523,2026-09-15 23:29:26
4060418000,20260915232500,0,47,0,11,2026091523,2026-09-15 23:29:26
4050448300,20260915232500,0,44,0,24,2026091523,2026-09-15 23:29:26
4050501200,20260915232500,0,69,0,73,2026091523,2026-09-15 23:29:26
4050604200,20260915232500,0,47,0,91,2026091523,2026-09-15 23:29:26
4050395500,20260915232500,0,81,0,1,2026091523,2026-09-15 23:29:26
4050420600,20260915232500,0,45,0,1,2026091523,2026-09-15 23:29:26
4050551400,20260915232500,0,54,0,56,2026091523,2026-09-15 23:29:26
4060440500,20260915232500,0,50,0,37,2026091523,2026-09-15 23:29:26
4050132802,20260915232500,0,49,0,11,2026091523,2026-09-15 23:29:26
4050419400,20260915232500,0,40,0,22,2026091523,2026-09-15 23:29:26
4050132801,20260915232500,0,29,0,73,2026091523,2026-09-15 23:29:26
4060336300,20260915232500,0,52,0,90,2026091523,2026-09-15 23:29:26
4060439300,20260915232500,0,42,0,4,2026091523,2026-09-15 23:29:26
4050469600,20260915232500,0,58,0,1,2026091523,2026-09-15 23:29:26
4050394400,20260915232500,0,27,0,14,2026091523,2026-09-15 23:29:26
4050497400,20260915232500,0,43,0,31,2026091523,2026-09-15 23:29:26
4060386500,20260915232500,0,74,0,7,2026091523,2026-09-15 23:29:26
4060514600,20260915232500,0,47,0,19,2026091523,2026-09-15 23:29:26
4050441900,20260915232500,0,32,0,36,2026091523,2026-09-15 23:29:26
4050544900,20260915232500,0,60,0,41,2026091523,2026-09-15 23:29:26
4050000903,20260915232500,0,50,0,65,2026091523,2026-09-15 23:29:26
4050206904,20260915232500,0,28,0,16,2026091523,2026-09-15 23:29:26
4050000902,20260915232500,0,50,0,13,2026091523,2026-09-15 23:29:26
4050206903,20260915232500,0,36,0,30,2026091523,2026-09-15 23:29:26
4050206901,20260915232500,0,26,0,14,2026091523,2026-09-15 23:29:26
4050418300,20260915232500,0,67,0,72,2026091523,2026-09-15 23:29:26
4050446100,20260915232500,0,47,0,11,2026091523,2026-09-15 23:29:26
4060438200,20260915232500,0,55,0,35,2026091523,2026-09-15 23:29:26
4050365500,20260915232500,0,52,0,32,2026091523,2026-09-15 23:29:26
4060466000,20260915232500,0,55,0,73,2026091523,2026-09-15 23:29:26
4050393300,20260915232500,0,57,0,38,2026091523,2026-09-15 23:29:26
4050496300,20260915232500,0,43,0,20,2026091523,2026-09-15 23:29:26
4050005105,20260915232500,0,15,0,157,2026091523,2026-09-15 23:29:26
4050005104,20260915232500,0,49,0,12,2026091523,2026-09-15 23:29:26
4060488400,20260915232500,0,49,0,10,2026091523,2026-09-15 23:29:26
4050543800,20260915232500,0,52,0,9,2026091523,2026-09-15 23:29:26
4060535901,20260915232500,0,35,0,112,2026091523,2026-09-15 23:29:26
4050055302,20260915232500,0,43,0,61,2026091523,2026-09-15 23:29:26
4050055301,20260915232500,0,47,0,12,2026091523,2026-09-15 23:29:26
4060409300,20260915232500,0,76,0,2,2026091523,2026-09-15 23:29:26
4050548000,20260915232500,0,47,0,1,2026091523,2026-09-15 23:29:26
4060334100,20260915232500,0,34,0,64,2026091523,2026-09-15 23:29:26
4060437100,20260915232500,0,53,0,57,2026091523,2026-09-15 23:29:26
4050364400,20260915232500,0,42,0,33,2026091523,2026-09-15 23:29:26
4050386800,20260915232500,0,71,0,31,2026091523,2026-09-15 23:29:26
4050623301,20260915232500,0,39,0,22,2026091523,2026-09-15 23:29:26
4060378900,20260915232500,0,44,0,54,2026091523,2026-09-15 23:29:26
4060512400,20260915232500,0,52,0,11,2026091523,2026-09-15 23:29:26
4050542700,20260915232500,0,62,0,14,2026091523,2026-09-15 23:29:26
4050519100,20260915232500,0,59,0,21,2026091523,2026-09-15 23:29:26
4060333000,20260915232500,0,49,0,19,2026091523,2026-09-15 23:29:26
4060539001,20260915232500,0,44,0,9,2026091523,2026-09-15 23:29:26
4050363300,20260915232500,0,44,0,4,2026091523,2026-09-15 23:29:26
4060458400,20260915232500,0,54,0,8,2026091523,2026-09-15 23:29:26
4050488700,20260915232500,0,25,0,85,2026091523,2026-09-15 23:29:26
4060383200,20260915232500,0,62,0,2,2026091523,2026-09-15 23:29:26
4060274800,20260915232500,0,26,0,17,2026091523,2026-09-15 23:29:26
4060486200,20260915232500,0,44,0,147,2026091523,2026-09-15 23:29:26
4050616801,20260915232500,0,36,0,9,2026091523,2026-09-15 23:29:26
4050541600,20260915232500,0,56,0,3,2026091523,2026-09-15 23:29:26
4050591800,20260915232500,0,32,0,6,2026091523,2026-09-15 23:29:26
4050437400,20260915232500,0,43,0,48,2026091523,2026-09-15 23:29:26
4050459800,20260915232500,0,31,0,50,2026091523,2026-09-15 23:29:26
4060354300,20260915232500,0,45,0,6,2026091523,2026-09-15 23:29:26
4060457300,20260915232500,0,53,0,5,2026091523,2026-09-15 23:29:26
4050493000,20260915232500,0,54,0,14,2026091523,2026-09-15 23:29:26
4060170700,20260915232500,0,27,0,32,2026091523,2026-09-15 23:29:26
4050596000,20260915232500,0,31,0,34,2026091523,2026-09-15 23:29:26
4060382100,20260915232500,0,58,0,6,2026091523,2026-09-15 23:29:26
4060485100,20260915232500,0,54,0,33,2026091523,2026-09-15 23:29:26
4050512700,20260915232500,0,51,0,12,2026091523,2026-09-15 23:29:26
4060510200,20260915232500,0,39,0,90,2026091523,2026-09-15 23:29:26
4050540500,20260915232500,0,74,0,6,2026091523,2026-09-15 23:29:26
4050024202,20260915232500,0,40,0,16,2026091523,2026-09-15 23:29:26
4050024201,20260915232500,0,38,0,27,2026091523,2026-09-15 23:29:26
4060532600,20260915232500,0,60,0,6,2026091523,2026-09-15 23:29:26
4050408500,20260915232500,0,44,0,128,2026091523,2026-09-15 23:29:26
4060406000,20260915232500,0,48,0,86,2026091523,2026-09-15 23:29:26
4050436300,20260915232500,0,32,0,48,2026091523,2026-09-15 23:29:26
4050539300,20260915232500,0,50,0,6,2026091523,2026-09-15 23:29:26
4060325400,20260915232500,0,31,0,51,2026091523,2026-09-15 23:29:26
4060428400,20260915232500,0,52,0,90,2026091523,2026-09-15 23:29:26
4050458700,20260915232500,0,54,0,13,2026091523,2026-09-15 23:29:26
4050486500,20260915232500,0,32,0,56,2026091523,2026-09-15 23:29:26
4050589500,20260915232500,0,40,0,87,2026091523,2026-09-15 23:29:26
4060484000,20260915232500,0,59,0,120,2026091523,2026-09-15 23:29:26
4060478600,20260915232500,0,45,0,14,2026091523,2026-09-15 23:29:26
4050176302,20260915232500,0,12,0,87,2026091523,2026-09-15 23:29:26
4050176301,20260915232500,0,14,0,12,2026091523,2026-09-15 23:29:26
4050429800,20260915232500,0,77,0,38,2026091523,2026-09-15 23:29:26
4050538200,20260915232500,0,48,0,5,2026091523,2026-09-15 23:29:26
4060324300,20260915232500,0,53,0,28,2026091523,2026-09-15 23:29:26
4060318900,20260915232500,0,49,0,49,2026091523,2026-09-15 23:29:26
4050463000,20260915232500,0,52,0,14,2026091523,2026-09-15 23:29:26
4050457600,20260915232500,0,59,0,72,2026091523,2026-09-15 23:29:26
4050566000,20260915232500,0,36,0,41,2026091523,2026-09-15 23:29:26
4050382400,20260915232500,0,59,0,33,2026091523,2026-09-15 23:29:26
4050510500,20260915232500,0,53,0,59,2026091523,2026-09-15 23:29:26
4060502600,20260915232500,0,59,0,19,2026091523,2026-09-15 23:29:26
4060396900,20260915232500,0,22,0,30,2026091523,2026-09-15 23:29:26
4050532900,20260915232500,0,36,0,22,2026091523,2026-09-15 23:29:26
4050537100,20260915232500,0,37,0,117,2026091523,2026-09-15 23:29:26
4060529200,20260915232500,0,36,0,9,2026091523,2026-09-15 23:29:26
4050006842,20260915232500,0,36,0,11,2026091523,2026-09-15 23:29:26
4060351000,20260915232500,0,52,0,32,2026091523,2026-09-15 23:29:26
4050006841,20260915232500,0,36,0,1,2026091523,2026-09-15 23:29:26
4060454000,20260915232500,1,56,0,39,2026091523,2026-09-15 23:29:26
4050484300,20260915232500,0,75,0,4,2026091523,2026-09-15 23:29:26
4050478900,20260915232500,0,37,0,49,2026091523,2026-09-15 23:29:26
4060476400,20260915232500,0,52,0,26,2026091523,2026-09-15 23:29:26
4060420900,20260915232500,0,55,0,62,2026091523,2026-09-15 23:29:26
4060007602,20260915232500,0,52,0,8,2026091523,2026-09-15 23:29:26
4060007601,20260915232500,0,47,0,17,2026091523,2026-09-15 23:29:26
4050006839,20260915232500,0,36,0,7,2026091523,2026-09-15 23:29:26
4050006838,20260915232500,0,41,0,149,2026091523,2026-09-15 23:29:26
4050006836,20260915232500,0,37,0,26,2026091523,2026-09-15 23:29:26
4050006834,20260915232500,0,28,0,54,2026091523,2026-09-15 23:29:26
4050006833,20260915232500,0,40,0,93,2026091523,2026-09-15 23:29:26
4060040400,20260915232500,0,35,0,33,2026091523,2026-09-15 23:29:26
4050089700,20260915232500,0,41,0,4,2026091523,2026-09-15 23:29:26
4050094000,20260915232500,0,42,0,27,2026091523,2026-09-15 23:29:26
4050197000,20260915232500,0,33,0,13,2026091523,2026-09-15 23:29:26
4050140400,20260915232500,0,34,0,32,2026091523,2026-09-15 23:29:26
4050064000,20260915232500,0,36,0,1,2026091523,2026-09-15 23:29:26
4050058600,20260915232500,0,36,0,13,2026091523,2026-09-15 23:29:26
4060098700,20260915232500,0,32,0,23,2026091523,2026-09-15 23:29:26
4050076600,20260915232500,0,38,0,31,2026091523,2026-09-15 23:29:26
4050121900,20260915232500,0,34,0,17,2026091523,2026-09-15 23:29:26
4060033200,20260915232500,0,27,0,20,2026091523,2026-09-15 23:29:26
4050061300,20260915232500,0,45,0,5,2026091523,2026-09-15 23:29:26
4050209500,20260915232500,0,23,0,29,2026091523,2026-09-15 23:29:26
4050081500,20260915232500,0,32,0,11,2026091523,2026-09-15 23:29:26
4050196900,20260915232500,0,40,0,11,2026091523,2026-09-15 23:29:26
4050123200,20260915232500,0,26,0,24,2026091523,2026-09-15 23:29:26
4050063900,20260915232500,0,45,0,1,2026091523,2026-09-15 23:29:26
4050135800,20260915232500,0,28,0,53,2026091523,2026-09-15 23:29:26
4060023801,20260915232500,0,52,0,89,2026091523,2026-09-15 23:29:26
4050133600,20260915232500,0,61,0,6,2026091523,2026-09-15 23:29:26
4060022700,20260915232500,0,55,0,43,2026091523,2026-09-15 23:29:26
4060099500,20260915232500,0,43,0,27,2026091523,2026-09-15 23:29:26
4060048200,20260915232500,0,41,0,15,2026091523,2026-09-15 23:29:26
4050077400,20260915232500,0,38,0,44,2026091523,2026-09-15 23:29:26
4050020801,20260915232500,0,45,0,1,2026091523,2026-09-15 23:29:26
4060040700,20260915232500,0,43,0,27,2026091523,2026-09-15 23:29:26
4050122700,20260915232500,0,23,0,21,2026091523,2026-09-15 23:29:26
4060047700,20260915232500,0,43,0,14,2026091523,2026-09-15 23:29:26
4050081200,20260915232500,0,39,0,9,2026091523,2026-09-15 23:29:26
4050051200,20260915232500,0,39,0,67,2026091523,2026-09-15 23:29:26
4060117400,20260915232500,0,38,0,9,2026091523,2026-09-15 23:29:26
4050122000,20260915232500,0,34,0,17,2026091523,2026-09-15 23:29:26
4050135700,20260915232500,0,35,0,42,2026091523,2026-09-15 23:29:26
4060023701,20260915232500,0,53,0,87,2026091523,2026-09-15 23:29:26
4050133500,20260915232500,0,52,0,7,2026091523,2026-09-15 23:29:26
4050110000,20260915232500,0,39,0,20,2026091523,2026-09-15 23:29:26
4050051800,20260915232500,0,39,0,52,2026091523,2026-09-15 23:29:26
4060048100,20260915232500,0,39,0,16,2026091523,2026-09-15 23:29:26
4050077300,20260915232500,0,40,0,45,2026091523,2026-09-15 23:29:26
4050020701,20260915232500,0,47,0,1,2026091523,2026-09-15 23:29:26
4060040600,20260915232500,0,38,0,7,2026091523,2026-09-15 23:29:26
4060099100,20260915232500,0,41,0,38,2026091523,2026-09-15 23:29:26
4060040300,20260915232500,0,42,0,27,2026091523,2026-09-15 23:29:26
4050140300,20260915232500,0,28,0,39,2026091523,2026-09-15 23:29:26
4050058500,20260915232500,0,45,0,10,2026091523,2026-09-15 23:29:26
4060048400,20260915232500,0,34,0,22,2026091523,2026-09-15 23:29:26
4050077600,20260915232500,0,19,0,17,2026091523,2026-09-15 23:29:26
4050076500,20260915232500,0,37,0,30,2026091523,2026-09-15 23:29:26
4050065600,20260915232500,0,36,0,6,2026091523,2026-09-15 23:29:26
4050168600,20260915232500,0,35,0,72,2026091523,2026-09-15 23:29:26
4060033100,20260915232500,0,30,0,18,2026091523,2026-09-15 23:29:26
4050109700,20260915232500,0,14,0,61,2026091523,2026-09-15 23:29:26
4050003402,20260915232500,0,53,0,22,2026091523,2026-09-15 23:29:26
4060117600,20260915232500,0,34,0,7,2026091523,2026-09-15 23:29:26
4060099600,20260915232500,0,44,0,27,2026091523,2026-09-15 23:29:26
4060048300,20260915232500,0,35,0,22,2026091523,2026-09-15 23:29:26
4050050900,20260915232500,0,36,0,58,2026091523,2026-09-15 23:29:26
4050077500,20260915232500,0,33,0,10,2026091523,2026-09-15 23:29:26
4060040800,20260915232500,0,38,0,30,2026091523,2026-09-15 23:29:26
4050122800,20260915232500,0,39,0,12,2026091523,2026-09-15 23:29:26
4050065500,20260915232500,0,45,0,4,2026091523,2026-09-15 23:29:26
4050168500,20260915232500,0,39,0,65,2026091523,2026-09-15 23:29:26
4060047800,20260915232500,0,44,0,14,2026091523,2026-09-15 23:29:26
4060057400,20260915232500,0,31,0,22,2026091523,2026-09-15 23:29:26
4050064200,20260915232500,0,36,0,16,2026091523,2026-09-15 23:29:26
4060047600,20260915232500,0,44,0,4,2026091523,2026-09-15 23:29:26
4060097800,20260915232500,0,34,0,10,2026091523,2026-09-15 23:29:26
4050081100,20260915232500,0,41,0,8,2026091523,2026-09-15 23:29:26
4050051100,20260915232500,0,36,0,72,2026091523,2026-09-15 23:29:26
4050090400,20260915232500,0,24,0,31,2026091523,2026-09-15 23:29:26
4050135600,20260915232500,0,27,0,57,2026091523,2026-09-15 23:29:26
4050051700,20260915232500,0,36,0,57,2026091523,2026-09-15 23:29:26
4060117900,20260915232500,0,35,0,7,2026091523,2026-09-15 23:29:26
4060040500,20260915232500,0,43,0,6,2026091523,2026-09-15 23:29:26
4050089800,20260915232500,0,39,0,5,2026091523,2026-09-15 23:29:26
4050064100,20260915232500,0,45,0,13,2026091523,2026-09-15 23:29:26
4060098800,20260915232500,0,34,0,22,2026091523,2026-09-15 23:29:26
4060047500,20260915232500,0,43,0,4,2026091523,2026-09-15 23:29:26
4060097700,20260915232500,0,29,0,12,2026091523,2026-09-15 23:29:26
4060044200,20260915232500,0,22,0,31,2026091523,2026-09-15 23:29:26
4050051000,20260915232500,0,39,0,53,2026091523,2026-09-15 23:29:26
4060117200,20260915232500,0,34,0,5,2026091523,2026-09-15 23:29:26
4050061400,20260915232500,0,36,0,6,2026091523,2026-09-15 23:29:26
4050135500,20260915232500,0,27,0,60,2026091523,2026-09-15 23:29:26
4050209600,20260915232500,0,18,0,37,2026091523,2026-09-15 23:29:26
4050081600,20260915232500,0,30,0,12,2026091523,2026-09-15 23:29:26
4060099200,20260915232500,0,40,0,39,2026091523,2026-09-15 23:29:26
4060117800,20260915232500,0,33,0,8,2026091523,2026-09-15 23:29:26
4050093900,20260915232500,0,43,0,26,2026091523,2026-09-15 23:29:26
4050123100,20260915232500,0,16,0,40,2026091523,2026-09-15 23:29:26
4050102400,20260915232500,0,27,0,20,2026091523,2026-09-15 23:29:26
4050102300,20260915232500,0,35,0,16,2026091523,2026-09-15 23:29:26
4050090300,20260915232500,0,31,0,24,2026091523,2026-09-15 23:29:26
4050109800,20260915232500,0,29,0,29,2026091523,2026-09-15 23:29:26
4060022800,20260915232500,0,54,0,44,2026091523,2026-09-15 23:29:26
4050109900,20260915232500,0,42,0,18,2026091523,2026-09-15 23:29:26
4050006832,20260915232500,0,40,0,78,2026091523,2026-09-15 23:29:26
4060297000,20260915232500,0,42,0,32,2026091523,2026-09-15 23:29:26
4050536000,20260915232500,10,82,0,58,2026091523,2026-09-15 23:29:26
4050006830,20260915232500,0,17,0,60,2026091523,2026-09-15 23:29:26
4060419700,20260915232500,0,37,0,36,2026091523,2026-09-15 23:29:26
4050558400,20260915232500,0,52,0,51,2026091523,2026-09-15 23:29:26
4050374800,20260915232500,0,47,0,165,2026091523,2026-09-15 23:29:26
4050477800,20260915232500,0,44,0,188,2026091523,2026-09-15 23:29:26
4050586200,20260915232500,0,54,0,23,2026091523,2026-09-15 23:29:26
4050611300,20260915232500,0,36,0,77,2026091523,2026-09-15 23:29:26
4060366900,20260915232500,0,54,0,107,2026091523,2026-09-15 23:29:26
4060469900,20260915232500,0,48,0,249,2026091523,2026-09-15 23:29:26
4060497700,20260915232500,0,50,0,109,2026091523,2026-09-15 23:29:26
4050006829,20260915232500,0,26,0,6,2026091523,2026-09-15 23:29:26
4050036801,20260915232500,0,42,0,86,2026091523,2026-09-15 23:29:26
4050006828,20260915232500,0,21,0,69,2026091523,2026-09-15 23:29:26
4050006827,20260915232500,0,46,0,18,2026091523,2026-09-15 23:29:26
4050006823,20260915232500,0,18,0,50,2026091523,2026-09-15 23:29:26
4050426500,20260915232500,0,54,0,115,2026091523,2026-09-15 23:29:26
4050529500,20260915232500,0,71,0,7,2026091523,2026-09-15 23:29:26
4050454300,20260915232500,0,24,0,48,2026091523,2026-09-15 23:29:26
4050557300,20260915232500,0,33,0,9,2026091523,2026-09-15 23:29:26
4060343400,20260915232500,0,32,0,25,2026091523,2026-09-15 23:29:26
4050482100,20260915232500,0,52,0,139,2026091523,2026-09-15 23:29:26
4050476700,20260915232500,0,55,0,27,2026091523,2026-09-15 23:29:26
4050610200,20260915232500,0,41,0,11,2026091523,2026-09-15 23:29:26
4060393600,20260915232500,0,68,0,25,2026091523,2026-09-15 23:29:26
4050007904,20260915232500,0,33,0,11,2026091523,2026-09-15 23:29:26
4050007903,20260915232500,0,7,0,54,2026091523,2026-09-15 23:29:26
4050116302,20260915232500,0,42,0,7,2026091523,2026-09-15 23:29:26
4050116301,20260915232500,0,42,0,19,2026091523,2026-09-15 23:29:26
4050219300,20260915232500,0,46,0,42,2026091523,2026-09-15 23:29:26
4050063502,20260915232500,0,3,0,104,2026091523,2026-09-15 23:29:26
4050063501,20260915232500,0,32,0,9,2026091523,2026-09-15 23:29:26
4050403000,20260915232500,0,78,0,27,2026091523,2026-09-15 23:29:26
4050425400,20260915232500,0,48,0,58,2026091523,2026-09-15 23:29:26
4050528400,20260915232500,0,61,0,22,2026091523,2026-09-15 23:29:26
4060417500,20260915232500,0,66,0,102,2026091523,2026-09-15 23:29:26
4050447800,20260915232500,0,74,0,38,2026091523,2026-09-15 23:29:26
4060439900,20260915232500,0,45,0,41,2026091523,2026-09-15 23:29:26
4060467700,20260915232500,0,52,0,37,2026091523,2026-09-15 23:29:26
4050550900,20260915232500,0,53,0,9,2026091523,2026-09-15 23:29:26
4050399200,20260915232500,0,54,0,49,2026091523,2026-09-15 23:29:26
4060416400,20260915232500,0,33,0,52,2026091523,2026-09-15 23:29:26
4050446700,20260915232500,0,54,0,60,2026091523,2026-09-15 23:29:26
4050555100,20260915232500,0,45,0,11,2026091523,2026-09-15 23:29:26
4060335800,20260915232500,0,22,0,107,2026091523,2026-09-15 23:29:26
4060438800,20260915232500,0,50,0,243,2026091523,2026-09-15 23:29:26
4050371500,20260915232500,0,44,0,19,2026091523,2026-09-15 23:29:26
4050474500,20260915232500,0,77,0,20,2026091523,2026-09-15 23:29:26
4050393900,20260915232500,0,31,0,3,2026091523,2026-09-15 23:29:26
4050496900,20260915232500,0,58,0,37,2026091523,2026-09-15 23:29:26
4060391400,20260915232500,0,63,0,1,2026091523,2026-09-15 23:29:26
4050005705,20260915232500,0,43,0,16,2026091523,2026-09-15 23:29:26
4050005704,20260915232500,0,41,0,26,2026091523,2026-09-15 23:29:26
4050192101,20260915232500,0,26,0,18,2026091523,2026-09-15 23:29:26
4050423200,20260915232500,0,45,0,50,2026091523,2026-09-15 23:29:26
4050417800,20260915232500,0,43,0,109,2026091523,2026-09-15 23:29:26
4050451000,20260915232500,0,30,0,8,2026091523,2026-09-15 23:29:26
4060334700,20260915232500,0,28,0,191,2026091523,2026-09-15 23:29:26
4060443100,20260915232500,0,74,0,9,2026091523,2026-09-15 23:29:26
4050576400,20260915232500,0,48,0,19,2026091523,2026-09-15 23:29:26
4060487900,20260915232500,0,50,0,3,2026091523,2026-09-15 23:29:26
4050294000,20260915232500,0,75,0,91,2026091523,2026-09-15 23:29:26
4050422100,20260915232500,0,36,0,39,2026091523,2026-09-15 23:29:26
4050519700,20260915232500,0,56,0,11,2026091523,2026-09-15 23:29:26
4060305800,20260915232500,0,58,0,64,2026091523,2026-09-15 23:29:26
4050547500,20260915232500,0,26,0,6,2026091523,2026-09-15 23:29:26
4060333600,20260915232500,0,49,0,33,2026091523,2026-09-15 23:29:26
4060442000,20260915232500,0,53,0,133,2026091523,2026-09-15 23:29:26
4050466900,20260915232500,0,53,0,1,2026091523,2026-09-15 23:29:26
4050569900,20260915232500,0,30,0,55,2026091523,2026-09-15 23:29:26
4060383800,20260915232500,0,30,0,20,2026091523,2026-09-15 23:29:26
4050622801,20260915232500,0,14,0,45,2026091523,2026-09-15 23:29:26
4050421000,20260915232500,0,51,0,18,2026091523,2026-09-15 23:29:26
4060388000,20260915232500,0,67,0,13,2026091523,2026-09-15 23:29:26
4050518600,20260915232500,0,69,0,9,2026091523,2026-09-15 23:29:26
4060407700,20260915232500,0,56,0,7,2026091523,2026-09-15 23:29:26
4060538501,20260915232500,0,43,0,39,2026091523,2026-09-15 23:29:26
4050471200,20260915232500,0,72,0,11,2026091523,2026-09-15 23:29:26
4050362800,20260915232500,0,49,0,28,2026091523,2026-09-15 23:29:26
4050574200,20260915232500,0,10,0,48,2026091523,2026-09-15 23:29:26
4060457900,20260915232500,0,60,0,9,2026091523,2026-09-15 23:29:26
4050596600,20260915232500,0,48,0,10,2026091523,2026-09-15 23:29:26
4060491100,20260915232500,0,32,0,10,2026091523,2026-09-15 23:29:26
4060485700,20260915232500,0,45,0,68,2026091523,2026-09-15 23:29:26
4060022307,20260915232500,0,45,0,12,2026091523,2026-09-15 23:29:26
4060022306,20260915232500,0,49,0,4,2026091523,2026-09-15 23:29:26
4060022305,20260915232500,0,49,0,70,2026091523,2026-09-15 23:29:26
4060022304,20260915232500,0,49,0,57,2026091523,2026-09-15 23:29:26
4060016902,20260915232500,0,25,0,55,2026091523,2026-09-15 23:29:26
4060016901,20260915232500,0,32,0,21,2026091523,2026-09-15 23:29:26
4060072502,20260915232500,0,4,0,58,2026091523,2026-09-15 23:29:26
4060072501,20260915232500,0,39,0,25,2026091523,2026-09-15 23:29:26
4050389400,20260915232500,0,51,0,7,2026091523,2026-09-15 23:29:26
4050311500,20260915232500,0,30,0,17,2026091523,2026-09-15 23:29:26
4060020121,20260915232500,0,43,0,54,2026091523,2026-09-15 23:29:26
4060412000,20260915232500,0,67,0,66,2026091523,2026-09-15 23:29:26
4060515000,20260915232500,0,26,0,12,2026091523,2026-09-15 23:29:26
4050442300,20260915232500,0,46,0,15,2026091523,2026-09-15 23:29:26
4050545300,20260915232500,0,54,0,177,2026091523,2026-09-15 23:29:26
4060331400,20260915232500,0,31,0,44,2026091523,2026-09-15 23:29:26
4050029002,20260915232500,0,46,0,5,2026091523,2026-09-15 23:29:26
4050029001,20260915232500,0,46,0,10,2026091523,2026-09-15 23:29:26
4050464700,20260915232500,0,49,0,1,2026091523,2026-09-15 23:29:26
4060353800,20260915232500,0,45,0,56,2026091523,2026-09-15 23:29:26
4060462200,20260915232500,0,55,0,35,2026091523,2026-09-15 23:29:26
4050595500,20260915232500,0,40,0,12,2026091523,2026-09-15 23:29:26
4060020111,20260915232500,0,66,0,30,2026091523,2026-09-15 23:29:26
4050310400,20260915232500,0,15,0,56,2026091523,2026-09-15 23:29:26
4050413400,20260915232500,0,48,0,1,2026091523,2026-09-15 23:29:26
4050619401,20260915232500,0,42,0,31,2026091523,2026-09-15 23:29:26
4060508500,20260915232500,0,53,0,105,2026091523,2026-09-15 23:29:26
4060299800,20260915232500,0,54,0,70,2026091523,2026-09-15 23:29:26
4060536301,20260915232500,0,51,0,3,2026091523,2026-09-15 23:29:26
4050463600,20260915232500,0,58,0,47,2026091523,2026-09-15 23:29:26
4050572000,20260915232500,0,54,0,60,2026091523,2026-09-15 23:29:26
4060461100,20260915232500,0,48,0,2,2026091523,2026-09-15 23:29:26
4060380500,20260915232500,0,56,0,14,2026091523,2026-09-15 23:29:26
4060483500,20260915232500,0,26,0,33,2026091523,2026-09-15 23:29:26
4050206202,20260915232500,0,38,0,21,2026091523,2026-09-15 23:29:26
4050206201,20260915232500,0,40,0,28,2026091523,2026-09-15 23:29:26
4050125604,20260915232500,0,16,0,40,2026091523,2026-09-15 23:29:26
4050125603,20260915232500,0,15,0,57,2026091523,2026-09-15 23:29:26
4050125602,20260915232500,0,10,0,25,2026091523,2026-09-15 23:29:26
4060014704,20260915232500,0,29,0,25,2026091523,2026-09-15 23:29:26
4060014703,20260915232500,0,31,0,12,2026091523,2026-09-15 23:29:26
4060014702,20260915232500,0,35,0,19,2026091523,2026-09-15 23:29:26
4050181202,20260915232500,0,23,0,10,2026091523,2026-09-15 23:29:26
4050181201,20260915232500,0,31,0,8,2026091523,2026-09-15 23:29:26
4050387200,20260915232500,0,61,0,12,2026091523,2026-09-15 23:29:26
4050618301,20260915232500,0,28,0,16,2026091523,2026-09-15 23:29:26
4050440100,20260915232500,0,39,0,24,2026091523,2026-09-15 23:29:26
4050434700,20260915232500,0,41,0,32,2026091523,2026-09-15 23:29:26
4050543100,20260915232500,0,62,0,1,2026091523,2026-09-15 23:29:26
4060220800,20260915232500,0,60,0,8,2026091523,2026-09-15 23:29:26
4050537700,20260915232500,0,40,0,4,2026091523,2026-09-15 23:29:26
4060529800,20260915232500,0,35,0,27,2026091523,2026-09-15 23:29:26
4050565500,20260915232500,0,52,0,2,2026091523,2026-09-15 23:29:26
4060454600,20260915232500,0,80,0,28,2026091523,2026-09-15 23:29:26
4050381900,20260915232500,0,58,0,115,2026091523,2026-09-15 23:29:26
4050587900,20260915232500,0,37,0,143,2026091523,2026-09-15 23:29:26
4060482400,20260915232500,0,40,0,50,2026091523,2026-09-15 23:29:26
4050102102,20260915232500,0,39,0,2,2026091523,2026-09-15 23:29:26
4050021506,20260915232500,0,31,0,21,2026091523,2026-09-15 23:29:26
4050102101,20260915232500,0,42,0,6,2026091523,2026-09-15 23:29:26
4050021505,20260915232500,0,52,0,0,2026091523,2026-09-15 23:29:26
4050386100,20260915232500,0,66,0,15,2026091523,2026-09-15 23:29:26
4050617201,20260915232500,0,27,0,49,2026091523,2026-09-15 23:29:26
4060506300,20260915232500,0,72,0,28,2026091523,2026-09-15 23:29:26
4050433600,20260915232500,0,48,0,1,2026091523,2026-09-15 23:29:26
4050542000,20260915232500,0,56,0,47,2026091523,2026-09-15 23:29:26
4050536600,20260915232500,0,60,0,33,2026091523,2026-09-15 23:29:26
4060528700,20260915232500,0,27,0,23,2026091523,2026-09-15 23:29:26
4050592200,20260915232500,0,32,0,36,2026091523,2026-09-15 23:29:26
4060481300,20260915232500,0,31,0,17,2026091523,2026-09-15 23:29:26
4060475900,20260915232500,0,53,0,4,2026091523,2026-09-15 23:29:26
4050410100,20260915232500,0,43,0,55,2026091523,2026-09-15 23:29:26
4060377100,20260915232500,0,54,0,13,2026091523,2026-09-15 23:29:26
4060505200,20260915232500,0,54,0,239,2026091523,2026-09-15 23:29:26
4060399500,20260915232500,0,37,0,51,2026091523,2026-09-15 23:29:26
4060424600,20260915232500,0,45,0,188,2026091523,2026-09-15 23:29:26
4050563300,20260915232500,0,47,0,64,2026091523,2026-09-15 23:29:26
4050557900,20260915232500,0,33,0,6,2026091523,2026-09-15 23:29:26
4050610800,20260915232500,0,54,0,11,2026091523,2026-09-15 23:29:26
4050013902,20260915232500,0,50,0,4,2026091523,2026-09-15 23:29:26
4050013901,20260915232500,0,50,0,11,2026091523,2026-09-15 23:29:26
4060010319,20260915232500,0,29,0,92,2026091523,2026-09-15 23:29:26
4060010318,20260915232500,0,66,0,9,2026091523,2026-09-15 23:29:26
4060010317,20260915232500,0,60,0,40,2026091523,2026-09-15 23:29:26
4050247700,20260915232500,0,38,0,13,2026091523,2026-09-15 23:29:26
4050091902,20260915232500,0,47,0,10,2026091523,2026-09-15 23:29:26
4050378500,20260915232500,3,61,0,89,2026091523,2026-09-15 23:29:26
4050091901,20260915232500,0,47,0,11,2026091523,2026-09-15 23:29:26
4060376000,20260915232500,0,47,0,16,2026091523,2026-09-15 23:29:26
4050506600,20260915232500,0,58,0,33,2026091523,2026-09-15 23:29:26
4060479000,20260915232500,0,50,0,2,2026091523,2026-09-15 23:29:26
4060398400,20260915232500,0,64,0,35,2026091523,2026-09-15 23:29:26
4050453800,20260915232500,0,74,0,7,2026091523,2026-09-15 23:29:26
4060342900,20260915232500,0,51,0,11,2026091523,2026-09-15 23:29:26
4060445900,20260915232500,0,50,0,25,2026091523,2026-09-15 23:29:26
4050481600,20260915232500,0,72,0,9,2026091523,2026-09-15 23:29:26
4060004904,20260915232500,0,36,0,18,2026091523,2026-09-15 23:29:26
4050115802,20260915232500,0,9,0,44,2026091523,2026-09-15 23:29:26
4060004903,20260915232500,0,36,0,30,2026091523,2026-09-15 23:29:26
4050115801,20260915232500,0,9,0,61,2026091523,2026-09-15 23:29:26
4050193802,20260915232500,0,18,0,29,2026091523,2026-09-15 23:29:26
4050402500,20260915232500,0,45,0,130,2026091523,2026-09-15 23:29:26
4060369500,20260915232500,0,43,0,54,2026091523,2026-09-15 23:29:26
4050505500,20260915232500,0,63,0,26,2026091523,2026-09-15 23:29:26
4060400000,20260915232500,0,63,0,21,2026091523,2026-09-15 23:29:26
4050399800,20260915232500,0,52,0,125,2026091523,2026-09-15 23:29:26
4050430300,20260915232500,0,63,0,22,2026091523,2026-09-15 23:29:26
4060397300,20260915232500,0,17,0,37,2026091523,2026-09-15 23:29:26
4050533300,20260915232500,0,30,0,6,2026091523,2026-09-15 23:29:26
4050527900,20260915232500,0,60,0,10,2026091523,2026-09-15 23:29:26
4060422400,20260915232500,0,27,0,53,2026091523,2026-09-15 23:29:26
4060525400,20260915232500,0,33,0,32,2026091523,2026-09-15 23:29:26
4050452700,20260915232500,0,39,0,20,2026091523,2026-09-15 23:29:26
4060444800,20260915232500,0,80,0,29,2026091523,2026-09-15 23:29:26
4060059302,20260915232500,0,25,0,15,2026091523,2026-09-15 23:29:26
4060059301,20260915232500,0,34,0,50,2026091523,2026-09-15 23:29:26
4050011702,20260915232500,0,11,0,36,2026091523,2026-09-15 23:29:26
4050011701,20260915232500,0,40,0,5,2026091523,2026-09-15 23:29:26
4050429100,20260915232500,0,43,0,42,2026091523,2026-09-15 23:29:26
4050376300,20260915232500,0,54,0,47,2026091523,2026-09-15 23:29:26
4050192702,20260915232500,0,36,0,33,2026091523,2026-09-15 23:29:26
4050192701,20260915232500,0,39,0,11,2026091523,2026-09-15 23:29:26
4050504400,20260915232500,0,33,0,55,2026091523,2026-09-15 23:29:26
4050607400,20260915232500,0,23,0,47,2026091523,2026-09-15 23:29:26
4060499200,20260915232500,0,50,0,20,2026091523,2026-09-15 23:29:26
4060312900,20260915232500,0,37,0,41,2026091523,2026-09-15 23:29:26
4060415900,20260915232500,0,65,0,4,2026091523,2026-09-15 23:29:26
4050451600,20260915232500,0,52,0,5,2026091523,2026-09-15 23:29:26
4060008002,20260915232500,0,48,0,83,2026091523,2026-09-15 23:29:26
4050554600,20260915232500,0,50,0,57,2026091523,2026-09-15 23:29:26
4060008001,20260915232500,0,48,0,10,2026091523,2026-09-15 23:29:26
4060443700,20260915232500,0,45,0,46,2026091523,2026-09-15 23:29:26
4050010602,20260915232500,0,11,0,7,2026091523,2026-09-15 23:29:26
4050010601,20260915232500,0,11,0,40,2026091523,2026-09-15 23:29:26
4050516600,20260915232500,0,47,0,6,2026091523,2026-09-15 23:29:26
4060514100,20260915232500,0,50,0,50,2026091523,2026-09-15 23:29:26
4050441400,20260915232500,0,43,0,49,2026091523,2026-09-15 23:29:26
4060508700,20260915232500,0,52,0,86,2026091523,2026-09-15 23:29:26
4060352900,20260915232500,0,35,0,147,2026091523,2026-09-15 23:29:26
4060461300,20260915232500,0,48,0,73,2026091523,2026-09-15 23:29:26
4050491600,20260915232500,0,54,0,13,2026091523,2026-09-15 23:29:26
4050594600,20260915232500,0,19,0,121,2026091523,2026-09-15 23:29:26
4060329300,20260915232500,0,46,0,12,2026091523,2026-09-15 23:29:26
4050365000,20260915232500,0,59,0,52,2026091523,2026-09-15 23:29:26
4050181402,20260915232500,0,25,0,23,2026091523,2026-09-15 23:29:26
4050468000,20260915232500,0,70,0,29,2026091523,2026-09-15 23:29:26
4050181401,20260915232500,0,16,0,29,2026091523,2026-09-15 23:29:26
4050412500,20260915232500,0,52,0,73,2026091523,2026-09-15 23:29:26
4050618501,20260915232500,0,33,0,26,2026091523,2026-09-15 23:29:26
4060410000,20260915232500,3,62,0,49,2026091523,2026-09-15 23:29:26
4060404600,20260915232500,0,51,0,24,2026091523,2026-09-15 23:29:26
4060513000,20260915232500,0,39,0,9,2026091523,2026-09-15 23:29:26
4060507600,20260915232500,0,60,0,46,2026091523,2026-09-15 23:29:26
4050440300,20260915232500,0,43,0,9,2026091523,2026-09-15 23:29:26
4050543300,20260915232500,0,62,0,3,2026091523,2026-09-15 23:29:26
4050434900,20260915232500,0,41,0,45,2026091523,2026-09-15 23:29:26
4050571100,20260915232500,0,45,0,4,2026091523,2026-09-15 23:29:26
4060460200,20260915232500,0,80,0,35,2026091523,2026-09-15 23:29:26
4060454800,20260915232500,0,55,0,17,2026091523,2026-09-15 23:29:26
4050490500,20260915232500,0,39,0,47,2026091523,2026-09-15 23:29:26
4060482600,20260915232500,0,32,0,41,2026091523,2026-09-15 23:29:26
4060018010,20260915232500,0,31,0,20,2026091523,2026-09-15 23:29:26
4050439100,20260915232500,0,39,0,34,2026091523,2026-09-15 23:29:26
4050180304,20260915232500,0,18,0,21,2026091523,2026-09-15 23:29:26
4060328200,20260915232500,0,31,0,51,2026091523,2026-09-15 23:29:26
4050180303,20260915232500,0,25,0,18,2026091523,2026-09-15 23:29:26
4050180301,20260915232500,0,37,0,2,2026091523,2026-09-15 23:29:26
4060356000,20260915232500,0,55,0,35,2026091523,2026-09-15 23:29:26
4050386300,20260915232500,0,54,0,76,2026091523,2026-09-15 23:29:26
4050617401,20260915232500,0,22,0,77,2026091523,2026-09-15 23:29:26
4060018009,20260915232500,0,44,0,35,2026091523,2026-09-15 23:29:26
4060018007,20260915232500,0,42,0,19,2026091523,2026-09-15 23:29:26
4050433800,20260915232500,0,48,0,116,2026091523,2026-09-15 23:29:26
4050570000,20260915232500,0,30,0,8,2026091523,2026-09-15 23:29:26
4060528900,20260915232500,0,43,0,30,2026091523,2026-09-15 23:29:26
4050564600,20260915232500,0,30,0,150,2026091523,2026-09-15 23:29:26
4060453700,20260915232500,0,47,0,40,2026091523,2026-09-15 23:29:26
4060481500,20260915232500,0,56,0,69,2026091523,2026-09-15 23:29:26
4050438000,20260915232500,1,41,0,132,2026091523,2026-09-15 23:29:26
4050410300,20260915232500,0,45,0,0,2026091523,2026-09-15 23:29:26
4050507900,20260915232500,0,55,0,89,2026091523,2026-09-15 23:29:26
4050432700,20260915232500,0,73,0,11,2026091523,2026-09-15 23:29:26
4050535700,20260915232500,0,60,0,4,2026091523,2026-09-15 23:29:26
4060452600,20260915232500,0,53,0,8,2026091523,2026-09-15 23:29:26
4050585900,20260915232500,0,45,0,66,2026091523,2026-09-15 23:29:26
4060429000,20260915232500,0,58,0,170,2026091523,2026-09-15 23:29:26
4050378700,20260915232500,0,39,0,40,2026091523,2026-09-15 23:29:26
4060273200,20260915232500,0,28,0,31,2026091523,2026-09-15 23:29:26
4060376200,20260915232500,0,69,0,124,2026091523,2026-09-15 23:29:26
4050506800,20260915232500,0,66,0,57,2026091523,2026-09-15 23:29:26
4060479200,20260915232500,0,50,0,33,2026091523,2026-09-15 23:29:26
4050609800,20260915232500,0,41,0,8,2026091523,2026-09-15 23:29:26
4060504300,20260915232500,0,65,0,5,2026091523,2026-09-15 23:29:26
4050540000,20260915232500,0,74,0,25,2026091523,2026-09-15 23:29:26
4050534600,20260915232500,0,68,0,49,2026091523,2026-09-15 23:29:26
4050562400,20260915232500,0,51,0,19,2026091523,2026-09-15 23:29:26
4060451500,20260915232500,0,45,0,25,2026091523,2026-09-15 23:29:26
4050481800,20260915232500,0,65,0,2,2026091523,2026-09-15 23:29:26
4060010506,20260915232500,0,30,0,5,2026091523,2026-09-15 23:29:26
4060010505,20260915232500,0,30,0,24,2026091523,2026-09-15 23:29:26
4050377600,20260915232500,0,42,0,166,2026091523,2026-09-15 23:29:26
4050589000,20260915232500,0,61,0,107,2026091523,2026-09-15 23:29:26
4060375100,20260915232500,0,42,0,17,2026091523,2026-09-15 23:29:26
4060369700,20260915232500,12,49,0,45,2026091523,2026-09-15 23:29:26
4060400200,20260915232500,0,50,0,64,2026091523,2026-09-15 23:29:26
4050608700,20260915232500,0,56,0,55,2026091523,2026-09-15 23:29:26
4050533500,20260915232500,0,50,0,48,2026091523,2026-09-15 23:29:26
4060531000,20260915232500,0,56,0,90,2026091523,2026-09-15 23:29:26
4050452900,20260915232500,0,34,0,17,2026091523,2026-09-15 23:29:26
4050561300,20260915232500,0,43,0,8,2026091523,2026-09-15 23:29:26
4060472800,20260915232500,0,63,0,55,2026091523,2026-09-15 23:29:26
4050114902,20260915232500,0,41,0,10,2026091523,2026-09-15 23:29:26
4050114901,20260915232500,0,31,0,37,2026091523,2026-09-15 23:29:26
4060346200,20260915232500,0,40,0,1,2026091523,2026-09-15 23:29:26
4060449200,20260915232500,0,53,0,64,2026091523,2026-09-15 23:29:26
4050192902,20260915232500,0,6,0,117,2026091523,2026-09-15 23:29:26
4050192901,20260915232500,0,6,0,42,2026091523,2026-09-15 23:29:26
4050613000,20260915232500,0,42,0,12,2026091523,2026-09-15 23:29:26
4050607600,20260915232500,0,23,0,7,2026091523,2026-09-15 23:29:26
4060499400,20260915232500,0,49,0,234,2026091523,2026-09-15 23:29:26
4050451800,20260915232500,0,32,0,14,2026091523,2026-09-15 23:29:26
4060471700,20260915232500,0,58,0,83,2026091523,2026-09-15 23:29:26
4060317300,20260915232500,0,42,0,37,2026091523,2026-09-15 23:29:26
4050244600,20260915232500,0,46,0,48,2026091523,2026-09-15 23:29:26
4050456000,20260915232500,0,31,0,61,2026091523,2026-09-15 23:29:26
4050478400,20260915232500,0,45,0,102,2026091523,2026-09-15 23:29:26
4050400500,20260915232500,0,25,0,9,2026091523,2026-09-15 23:29:26
4050503500,20260915232500,0,36,0,28,2026091523,2026-09-15 23:29:26
4050606500,20260915232500,0,44,0,15,2026091523,2026-09-15 23:29:26
4060501000,20260915232500,0,52,0,109,2026091523,2026-09-15 23:29:26
4060498300,20260915232500,0,51,0,19,2026091523,2026-09-15 23:29:26
4050015002,20260915232500,0,47,0,15,2026091523,2026-09-15 23:29:26
4050015001,20260915232500,0,46,0,11,2026091523,2026-09-15 23:29:26
4060523400,20260915232500,0,24,0,7,2026091523,2026-09-15 23:29:26
4050553700,20260915232500,0,58,0,33,2026091523,2026-09-15 23:29:26
4060442800,20260915232500,0,56,0,14,2026091523,2026-09-15 23:29:26
4060001804,20260915232500,0,10,0,46,2026091523,2026-09-15 23:29:26
4060001803,20260915232500,0,47,0,13,2026091523,2026-09-15 23:29:26
4060001802,20260915232500,0,35,0,41,2026091523,2026-09-15 23:29:26
4050427100,20260915232500,0,43,0,8,2026091523,2026-09-15 23:29:26
4060419200,20260915232500,0,48,0,18,2026091523,2026-09-15 23:29:26
4050477300,20260915232500,0,46,0,2,2026091523,2026-09-15 23:29:26
4050502400,20260915232500,3,55,0,81,2026091523,2026-09-15 23:29:26
4050396700,20260915232500,0,81,0,17,2026091523,2026-09-15 23:29:26
4050499700,20260915232500,0,65,0,21,2026091523,2026-09-15 23:29:26
4050421800,20260915232500,0,54,0,4,2026091523,2026-09-15 23:29:26
4060394200,20260915232500,0,46,0,2,2026091523,2026-09-15 23:29:26
4060516900,20260915232500,0,34,0,42,2026091523,2026-09-15 23:29:26
4050552600,20260915232500,0,52,0,147,2026091523,2026-09-15 23:29:26
4060441700,20260915232500,0,50,0,24,2026091523,2026-09-15 23:29:26
4050036301,20260915232500,0,27,0,77,2026091523,2026-09-15 23:29:26
4050220000,20260915232500,14,63,0,67,2026091523,2026-09-15 23:29:26
4050426000,20260915232500,0,48,0,14,2026091523,2026-09-15 23:29:26
4050529000,20260915232500,0,74,0,35,2026091523,2026-09-15 23:29:26
4060418100,20260915232500,0,48,0,10,2026091523,2026-09-15 23:29:26
4050448400,20260915232500,0,37,0,10,2026091523,2026-09-15 23:29:26
4050476200,20260915232500,0,46,0,105,2026091523,2026-09-15 23:29:26
4050501300,20260915232500,0,60,0,84,2026091523,2026-09-15 23:29:26
4050604300,20260915232500,0,75,0,57,2026091523,2026-09-15 23:29:26
4050420700,20260915232500,0,45,0,1,2026091523,2026-09-15 23:29:26
4060496100,20260915232500,0,36,0,71,2026091523,2026-09-15 23:29:26
4050551500,20260915232500,0,53,0,57,2026091523,2026-09-15 23:29:26
4060077504,20260915232500,0,39,0,19,2026091523,2026-09-15 23:29:26
4060077503,20260915232500,0,30,0,5,2026091523,2026-09-15 23:29:26
4060077502,20260915232500,0,27,0,10,2026091523,2026-09-15 23:29:26
4060336400,20260915232500,0,48,0,98,2026091523,2026-09-15 23:29:26
4050469700,20260915232500,0,49,0,2,2026091523,2026-09-15 23:29:26
4050394500,20260915232500,0,33,0,11,2026091523,2026-09-15 23:29:26
4060392000,20260915232500,0,63,0,8,2026091523,2026-09-15 23:29:26
4060386600,20260915232500,0,54,0,3,2026091523,2026-09-15 23:29:26
4060489600,20260915232500,0,55,0,259,2026091523,2026-09-15 23:29:26
4060335300,20260915232500,0,51,0,99,2026091523,2026-09-15 23:29:26
4060329900,20260915232500,0,54,0,94,2026091523,2026-09-15 23:29:26
4050371000,20260915232500,0,46,0,20,2026091523,2026-09-15 23:29:26
4050365600,20260915232500,0,42,0,44,2026091523,2026-09-15 23:29:26
4050474000,20260915232500,9,64,0,36,2026091523,2026-09-15 23:29:26
4050496400,20260915232500,0,43,0,20,2026091523,2026-09-15 23:29:26
4050005205,20260915232500,0,37,0,16,2026091523,2026-09-15 23:29:26
4050005204,20260915232500,0,51,0,46,2026091523,2026-09-15 23:29:26
4060488500,20260915232500,0,50,0,25,2026091523,2026-09-15 23:29:26
4050543900,20260915232500,0,62,0,7,2026091523,2026-09-15 23:29:26
4050055402,20260915232500,0,43,0,13,2026091523,2026-09-15 23:29:26
4050055401,20260915232500,0,22,0,120,2026091523,2026-09-15 23:29:26
4060409400,20260915232500,0,70,0,29,2026091523,2026-09-15 23:29:26
4050548100,20260915232500,0,59,0,1,2026091523,2026-09-15 23:29:26
4060437200,20260915232500,0,55,0,55,2026091523,2026-09-15 23:29:26
4050364500,20260915232500,0,43,0,32,2026091523,2026-09-15 23:29:26
4050386900,20260915232500,0,80,0,28,2026091523,2026-09-15 23:29:26
4050623401,20260915232500,0,38,0,38,2026091523,2026-09-15 23:29:26
4060512500,20260915232500,0,37,0,53,2026091523,2026-09-15 23:29:26
4060333100,20260915232500,0,64,0,85,2026091523,2026-09-15 23:29:26
4050363400,20260915232500,0,45,0,159,2026091523,2026-09-15 23:29:26
4050466400,20260915232500,0,55,0,144,2026091523,2026-09-15 23:29:26
4050391200,20260915232500,0,78,0,26,2026091523,2026-09-15 23:29:26
4050494200,20260915232500,0,54,0,46,2026091523,2026-09-15 23:29:26
4060383300,20260915232500,0,58,0,3,2026091523,2026-09-15 23:29:26
4060274900,20260915232500,0,33,0,14,2026091523,2026-09-15 23:29:26
4060486300,20260915232500,0,64,0,69,2026091523,2026-09-15 23:29:26
4050616901,20260915232500,0,29,0,12,2026091523,2026-09-15 23:29:26
4050541700,20260915232500,0,63,0,3,2026091523,2026-09-15 23:29:26
4050184007,20260915232500,0,5,0,88,2026091523,2026-09-15 23:29:26
4050184006,20260915232500,0,38,0,7,2026091523,2026-09-15 23:29:26
4050184004,20260915232500,0,35,0,12,2026091523,2026-09-15 23:29:26
4050591900,20260915232500,0,27,0,7,2026091523,2026-09-15 23:29:26
4050184002,20260915232500,0,35,0,35,2026091523,2026-09-15 23:29:26
4050184001,20260915232500,0,22,0,41,2026091523,2026-09-15 23:29:26
4060407200,20260915232500,0,51,0,124,2026091523,2026-09-15 23:29:26
4050437500,20260915232500,0,39,0,52,2026091523,2026-09-15 23:29:26
4060332000,20260915232500,0,43,0,12,2026091523,2026-09-15 23:29:26
4050459900,20260915232500,0,33,0,47,2026091523,2026-09-15 23:29:26
4060354400,20260915232500,0,28,0,19,2026091523,2026-09-15 23:29:26
4060457400,20260915232500,0,54,0,5,2026091523,2026-09-15 23:29:26
4050493100,20260915232500,0,67,0,11,2026091523,2026-09-15 23:29:26
4050596100,20260915232500,0,60,0,4,2026091523,2026-09-15 23:29:26
4060376800,20260915232500,0,23,0,65,2026091523,2026-09-15 23:29:26
4060485200,20260915232500,0,55,0,33,2026091523,2026-09-15 23:29:26
4060504900,20260915232500,0,65,0,48,2026091523,2026-09-15 23:29:26
4050540600,20260915232500,0,51,0,35,2026091523,2026-09-15 23:29:26
4060532701,20260915232500,0,35,0,61,2026091523,2026-09-15 23:29:26
4060072002,20260915232500,0,40,0,11,2026091523,2026-09-15 23:29:26
4060072001,20260915232500,0,45,0,9,2026091523,2026-09-15 23:29:26
4050414000,20260915232500,0,78,0,10,2026091523,2026-09-15 23:29:26
4050517000,20260915232500,0,47,0,3,2026091523,2026-09-15 23:29:26
4060406100,20260915232500,0,45,0,91,2026091523,2026-09-15 23:29:26
4050539400,20260915232500,0,43,0,230,2026091523,2026-09-15 23:29:26
4050252800,20260915232500,0,41,0,35,2026091523,2026-09-15 23:29:26
4060428500,20260915232500,0,56,0,84,2026091523,2026-09-15 23:29:26
4060141902,20260915232500,0,33,0,12,2026091523,2026-09-15 23:29:26
4060141901,20260915232500,0,34,0,12,2026091523,2026-09-15 23:29:26
4050458800,20260915232500,0,72,0,20,2026091523,2026-09-15 23:29:26
4060456300,20260915232500,0,55,0,4,2026091523,2026-09-15 23:29:26
4060381100,20260915232500,0,40,0,33,2026091523,2026-09-15 23:29:26
4060015309,20260915232500,0,51,0,3,2026091523,2026-09-15 23:29:26
4060015308,20260915232500,0,51,0,33,2026091523,2026-09-15 23:29:26
4060015307,20260915232500,0,61,0,56,2026091523,2026-09-15 23:29:26
4060015306,20260915232500,0,56,0,26,2026091523,2026-09-15 23:29:26
4050176402,20260915232500,0,25,0,7,2026091523,2026-09-15 23:29:26
4050176401,20260915232500,0,40,0,26,2026091523,2026-09-15 23:29:26
4060302000,20260915232500,0,62,0,104,2026091523,2026-09-15 23:29:26
4050538300,20260915232500,0,40,0,6,2026091523,2026-09-15 23:29:26
4050429900,20260915232500,0,74,0,40,2026091523,2026-09-15 23:29:26
4060324400,20260915232500,0,50,0,29,2026091523,2026-09-15 23:29:26
4060427400,20260915232500,1,55,0,61,2026091523,2026-09-15 23:29:26
4050463100,20260915232500,0,49,0,15,2026091523,2026-09-15 23:29:26
4050457700,20260915232500,0,72,0,59,2026091523,2026-09-15 23:29:26
4050566100,20260915232500,0,35,0,43,2026091523,2026-09-15 23:29:26
4050382500,20260915232500,0,66,0,30,2026091523,2026-09-15 23:29:26
4060380000,20260915232500,0,35,0,5,2026091523,2026-09-15 23:29:26
4060374600,20260915232500,0,48,0,10,2026091523,2026-09-15 23:29:26
4050022102,20260915232500,0,49,0,2,2026091523,2026-09-15 23:29:26
4050022101,20260915232500,0,39,0,11,2026091523,2026-09-15 23:29:26
4060530500,20260915232500,0,32,0,17,2026091523,2026-09-15 23:29:26
4050044502,20260915232500,0,41,0,35,2026091523,2026-09-15 23:29:26
4050044501,20260915232500,0,34,0,25,2026091523,2026-09-15 23:29:26
4050406400,20260915232500,0,57,0,26,2026091523,2026-09-15 23:29:26
4050537200,20260915232500,0,78,0,40,2026091523,2026-09-15 23:29:26
4050428800,20260915232500,0,43,0,2,2026091523,2026-09-15 23:29:26
4060529300,20260915232500,0,36,0,16,2026091523,2026-09-15 23:29:26
4050565000,20260915232500,0,35,0,46,2026091523,2026-09-15 23:29:26
4050559600,20260915232500,0,53,0,24,2026091523,2026-09-15 23:29:26
4060351100,20260915232500,0,49,0,34,2026091523,2026-09-15 23:29:26
4060395900,20260915232500,0,53,0,10,2026091523,2026-09-15 23:29:26
4060498900,20260915232500,0,38,0,100,2026091523,2026-09-15 23:29:26
4060297100,20260915232500,0,48,0,27,2026091523,2026-09-15 23:29:26
4050536100,20260915232500,3,71,0,67,2026091523,2026-09-15 23:29:26
4050558500,20260915232500,0,54,0,49,2026091523,2026-09-15 23:29:26
4050374900,20260915232500,0,48,0,162,2026091523,2026-09-15 23:29:26
4050586300,20260915232500,0,65,0,19,2026091523,2026-09-15 23:29:26
4050477900,20260915232500,0,45,0,183,2026091523,2026-09-15 23:29:26
4050611400,20260915232500,0,45,0,57,2026091523,2026-09-15 23:29:26
4060497800,20260915232500,0,51,0,107,2026091523,2026-09-15 23:29:26
4050426600,20260915232500,0,45,0,7,2026091523,2026-09-15 23:29:26
4050535000,20260915232500,0,64,0,7,2026091523,2026-09-15 23:29:26
4060424100,20260915232500,0,44,0,179,2026091523,2026-09-15 23:29:26
4060527100,20260915232500,0,37,0,79,2026091523,2026-09-15 23:29:26
4050482200,20260915232500,0,34,0,4,2026091523,2026-09-15 23:29:26
4050476800,20260915232500,0,55,0,2,2026091523,2026-09-15 23:29:26
4050610300,20260915232500,0,53,0,9,2026091523,2026-09-15 23:29:26
4060468900,20260915232500,0,42,0,16,2026091523,2026-09-15 23:29:26
4060393700,20260915232500,0,51,0,33,2026091523,2026-09-15 23:29:26
4050116402,20260915232500,0,25,0,32,2026091523,2026-09-15 23:29:26
4050219402,20260915232500,21,68,0,30,2026091523,2026-09-15 23:29:26
4050116401,20260915232500,0,45,0,6,2026091523,2026-09-15 23:29:26
4060005502,20260915232500,0,43,0,3,2026091523,2026-09-15 23:29:26
4050219401,20260915232500,0,60,0,48,2026091523,2026-09-15 23:29:26
4060005501,20260915232500,0,43,0,50,2026091523,2026-09-15 23:29:26
4050063602,20260915232500,0,34,0,8,2026091523,2026-09-15 23:29:26
4050063601,20260915232500,0,40,0,7,2026091523,2026-09-15 23:29:26
4050378000,20260915232500,0,16,0,132,2026091523,2026-09-15 23:29:26
4050403100,20260915232500,0,82,0,26,2026091523,2026-09-15 23:29:26
4050425500,20260915232500,0,50,0,57,2026091523,2026-09-15 23:29:26
4050528500,20260915232500,0,71,0,19,2026091523,2026-09-15 23:29:26
4060423000,20260915232500,0,63,0,52,2026091523,2026-09-15 23:29:26
4060526000,20260915232500,0,63,0,3,2026091523,2026-09-15 23:29:26
4060417600,20260915232500,0,27,0,35,2026091523,2026-09-15 23:29:26
4050447900,20260915232500,0,74,0,38,2026091523,2026-09-15 23:29:26
4060467800,20260915232500,0,50,0,38,2026091523,2026-09-15 23:29:26
4050012304,20260915232500,0,4,0,52,2026091523,2026-09-15 23:29:26
4060392600,20260915232500,0,41,0,67,2026091523,2026-09-15 23:29:26
4050012303,20260915232500,0,49,0,11,2026091523,2026-09-15 23:29:26
4060520700,20260915232500,0,56,0,77,2026091523,2026-09-15 23:29:26
4050012301,20260915232500,0,52,0,32,2026091523,2026-09-15 23:29:26
4050399300,20260915232500,0,52,0,51,2026091523,2026-09-15 23:29:26
4050527400,20260915232500,0,71,0,19,2026091523,2026-09-15 23:29:26
4060416500,20260915232500,0,43,0,40,2026091523,2026-09-15 23:29:26
4050452200,20260915232500,0,50,0,10,2026091523,2026-09-15 23:29:26
4060444300,20260915232500,0,50,0,16,2026091523,2026-09-15 23:29:26
4060438900,20260915232500,0,44,0,88,2026091523,2026-09-15 23:29:26
4050577600,20260915232500,0,55,0,7,2026091523,2026-09-15 23:29:26
4060466700,20260915232500,0,48,0,7,2026091523,2026-09-15 23:29:26
4060391500,20260915232500,0,53,0,2,2026091523,2026-09-15 23:29:26
4050005805,20260915232500,0,46,0,23,2026091523,2026-09-15 23:29:26
4050005804,20260915232500,0,47,0,14,2026091523,2026-09-15 23:29:26
4050245000,20260915232500,0,44,0,49,2026091523,2026-09-15 23:29:26
4050192202,20260915232500,0,26,0,18,2026091523,2026-09-15 23:29:26
4050192201,20260915232500,0,27,0,8,2026091523,2026-09-15 23:29:26
4050398200,20260915232500,0,78,0,23,2026091523,2026-09-15 23:29:26
4050423300,20260915232500,0,55,0,41,2026091523,2026-09-15 23:29:26
4050417900,20260915232500,0,45,0,104,2026091523,2026-09-15 23:29:26
4050451100,20260915232500,0,32,0,7,2026091523,2026-09-15 23:29:26
4060443200,20260915232500,0,81,0,8,2026091523,2026-09-15 23:29:26
4060334800,20260915232500,0,45,0,119,2026091523,2026-09-15 23:29:26
4050576500,20260915232500,0,40,0,23,2026091523,2026-09-15 23:29:26
4060390400,20260915232500,0,64,0,18,2026091523,2026-09-15 23:29:26
4050004704,20260915232500,0,48,0,5,2026091523,2026-09-15 23:29:26
4050004703,20260915232500,4,48,0,128,2026091523,2026-09-15 23:29:26
4050191102,20260915232500,0,8,0,48,2026091523,2026-09-15 23:29:26
4050191101,20260915232500,0,39,0,9,2026091523,2026-09-15 23:29:26
4050294100,20260915232500,0,60,0,114,2026091523,2026-09-15 23:29:26
4050422200,20260915232500,0,59,0,60,2026091523,2026-09-15 23:29:26
4060389200,20260915232500,0,53,0,90,2026091523,2026-09-15 23:29:26
4050519800,20260915232500,0,58,0,22,2026091523,2026-09-15 23:29:26
4060311300,20260915232500,0,28,0,24,2026091523,2026-09-15 23:29:26
4060414300,20260915232500,0,74,0,62,2026091523,2026-09-15 23:29:26
4060517300,20260915232500,0,35,0,17,2026091523,2026-09-15 23:29:26
4050553000,20260915232500,0,50,0,14,2026091523,2026-09-15 23:29:26
4050547600,20260915232500,0,32,0,30,2026091523,2026-09-15 23:29:26
4060333700,20260915232500,0,42,0,102,2026091523,2026-09-15 23:29:26
4060442100,20260915232500,0,52,0,18,2026091523,2026-09-15 23:29:26
4060436700,20260915232500,0,46,0,46,2026091523,2026-09-15 23:29:26
4060464500,20260915232500,0,48,0,7,2026091523,2026-09-15 23:29:26
4050622901,20260915232500,0,25,0,25,2026091523,2026-09-15 23:29:26
4050396000,20260915232500,0,44,0,156,2026091523,2026-09-15 23:29:26
4050421100,20260915232500,0,52,0,17,2026091523,2026-09-15 23:29:26
4060388100,20260915232500,0,54,0,16,2026091523,2026-09-15 23:29:26
4050518700,20260915232500,0,59,0,10,2026091523,2026-09-15 23:29:26
4060516200,20260915232500,0,44,0,36,2026091523,2026-09-15 23:29:26
4050546500,20260915232500,0,44,0,195,2026091523,2026-09-15 23:29:26
4060538601,20260915232500,0,37,0,46,2026091523,2026-09-15 23:29:26
4050362900,20260915232500,0,39,0,34,2026091523,2026-09-15 23:29:26
4050471300,20260915232500,0,77,0,10,2026091523,2026-09-15 23:29:26
4050574300,20260915232500,0,29,0,16,2026091523,2026-09-15 23:29:26
4050058002,20260915232500,0,60,0,41,2026091523,2026-09-15 23:29:26
4050058001,20260915232500,0,26,0,58,2026091523,2026-09-15 23:29:26
4060491200,20260915232500,0,30,0,11,2026091523,2026-09-15 23:29:26
4060485800,20260915232500,0,45,0,69,2026091523,2026-09-15 23:29:26
4060510900,20260915232500,0,43,0,36,2026091523,2026-09-15 23:29:26
4060022407,20260915232500,0,51,0,4,2026091523,2026-09-15 23:29:26
4060022406,20260915232500,0,44,0,13,2026091523,2026-09-15 23:29:26
4060022405,20260915232500,0,51,0,54,2026091523,2026-09-15 23:29:26
4060022404,20260915232500,0,51,0,67,2026091523,2026-09-15 23:29:26
4050389500,20260915232500,0,57,0,6,2026091523,2026-09-15 23:29:26
4050311600,20260915232500,0,32,0,8,2026091523,2026-09-15 23:29:26
4060020221,20260915232500,0,28,0,83,2026091523,2026-09-15 23:29:26
4050517600,20260915232500,5,61,0,120,2026091523,2026-09-15 23:29:26
4060412100,20260915232500,0,60,0,49,2026091523,2026-09-15 23:29:26
4060515100,20260915232500,0,27,0,27,2026091523,2026-09-15 23:29:26
4060434500,20260915232500,0,48,0,135,2026091523,2026-09-15 23:29:26
4050470200,20260915232500,0,43,0,57,2026091523,2026-09-15 23:29:26
4050464800,20260915232500,0,70,0,22,2026091523,2026-09-15 23:29:26
4060353900,20260915232500,0,50,0,51,2026091523,2026-09-15 23:29:26
4060456900,20260915232500,0,55,0,14,2026091523,2026-09-15 23:29:26
4050595600,20260915232500,0,58,0,8,2026091523,2026-09-15 23:29:26
4060484700,20260915232500,0,27,0,53,2026091523,2026-09-15 23:29:26
4050366000,20260915232500,0,64,0,14,2026091523,2026-09-15 23:29:26
4060020211,20260915232500,0,58,0,35,2026091523,2026-09-15 23:29:26
4050388400,20260915232500,0,41,0,31,2026091523,2026-09-15 23:29:26
4050310500,20260915232500,0,33,0,25,2026091523,2026-09-15 23:29:26
4050413500,20260915232500,0,58,0,1,2026091523,2026-09-15 23:29:26
4050619501,20260915232500,0,39,0,33,2026091523,2026-09-15 23:29:26
4060411000,20260915232500,0,71,0,32,2026091523,2026-09-15 23:29:26
4060514000,20260915232500,0,34,0,38,2026091523,2026-09-15 23:29:26
4060508600,20260915232500,0,52,0,106,2026091523,2026-09-15 23:29:26
4060299900,20260915232500,0,50,0,75,2026091523,2026-09-15 23:29:26
4060536401,20260915232500,0,58,0,2,2026091523,2026-09-15 23:29:26
4050572100,20260915232500,0,45,0,72,2026091523,2026-09-15 23:29:26
4050463700,20260915232500,0,49,0,55,2026091523,2026-09-15 23:29:26
4060352800,20260915232500,0,34,0,150,2026091523,2026-09-15 23:29:26
4060461200,20260915232500,0,56,0,2,2026091523,2026-09-15 23:29:26
4050594500,20260915232500,0,46,0,50,2026091523,2026-09-15 23:29:26
4060483600,20260915232500,0,27,0,32,2026091523,2026-09-15 23:29:26
4060014804,20260915232500,0,25,0,15,2026091523,2026-09-15 23:29:26
4060014803,20260915232500,0,30,0,24,2026091523,2026-09-15 23:29:26
4060014801,20260915232500,0,30,0,21,2026091523,2026-09-15 23:29:26
4050181302,20260915232500,0,15,0,30,2026091523,2026-09-15 23:29:26
4060441600,20260915232500,0,38,0,27,2026091523,2026-09-15 23:29:26
4050500100,20260915232500,0,37,0,40,2026091523,2026-09-15 23:29:26
4050048801,20260915232500,0,30,0,12,2026091523,2026-09-15 23:29:26
4060424000,20260915232500,0,45,0,174,2026091523,2026-09-15 23:29:26
4060446400,20260915232500,0,52,0,8,2026091523,2026-09-15 23:29:26
4050241700,20260915232500,0,37,0,9,2026091523,2026-09-15 23:29:26
4060017910,20260915232500,0,45,0,34,2026091523,2026-09-15 23:29:26
4050508700,20260915232500,0,37,0,5,2026091523,2026-09-15 23:29:26
4060338300,20260915232500,0,35,0,22,2026091523,2026-09-15 23:29:26
4050509100,20260915232500,0,37,0,3,2026091523,2026-09-15 23:29:26
4060464200,20260915232500,0,51,0,57,2026091523,2026-09-15 23:29:26
4060472400,20260915232500,0,44,0,88,2026091523,2026-09-15 23:29:26
4060470200,20260915232500,0,41,0,1,2026091523,2026-09-15 23:29:26
4060469000,20260915232500,0,41,0,16,2026091523,2026-09-15 23:29:26
4060538901,20260915232500,0,45,0,9,2026091523,2026-09-15 23:29:26
4050250200,20260915232500,0,34,0,85,2026091523,2026-09-15 23:29:26
4060470800,20260915232500,0,41,0,43,2026091523,2026-09-15 23:29:26
4060343100,20260915232500,0,33,0,12,2026091523,2026-09-15 23:29:26
4060313100,20260915232500,0,38,0,13,2026091523,2026-09-15 23:29:26
4060334200,20260915232500,0,35,0,61,2026091523,2026-09-15 23:29:26
4060539101,20260915232500,0,45,0,78,2026091523,2026-09-15 23:29:26
4050360100,20260915232500,0,45,0,52,2026091523,2026-09-15 23:29:26
4060352200,20260915232500,0,43,0,62,2026091523,2026-09-15 23:29:26
4060443800,20260915232500,0,43,0,48,2026091523,2026-09-15 23:29:26
4060489500,20260915232500,0,55,0,259,2026091523,2026-09-15 23:29:26
4060381000,20260915232500,0,45,0,29,2026091523,2026-09-15 23:29:26
4060444200,20260915232500,0,50,0,2,2026091523,2026-09-15 23:29:26
4060357500,20260915232500,0,31,0,14,2026091523,2026-09-15 23:29:26
4050006742,20260915232500,0,36,0,1,2026091523,2026-09-15 23:29:26
4050006740,20260915232500,0,36,0,7,2026091523,2026-09-15 23:29:26
4050006734,20260915232500,0,40,0,95,2026091523,2026-09-15 23:29:26
4050006733,20260915232500,0,27,0,54,2026091523,2026-09-15 23:29:26
4050006731,20260915232500,0,40,0,78,2026091523,2026-09-15 23:29:26
4060017909,20260915232500,0,37,0,18,2026091523,2026-09-15 23:29:26
4060234800,20260915232500,0,41,0,53,2026091523,2026-09-15 23:29:26
4050435600,20260915232500,0,44,0,9,2026091523,2026-09-15 23:29:26
4050425800,20260915232500,0,44,0,142,2026091523,2026-09-15 23:29:26
4060386200,20260915232500,0,45,0,28,2026091523,2026-09-15 23:29:26
4060380900,20260915232500,0,40,0,4,2026091523,2026-09-15 23:29:26
4060011807,20260915232500,0,27,0,16,2026091523,2026-09-15 23:29:26
4060372600,20260915232500,0,45,0,34,2026091523,2026-09-15 23:29:26
4050414800,20260915232500,0,49,0,155,2026091523,2026-09-15 23:29:26
4060441800,20260915232500,0,50,0,24,2026091523,2026-09-15 23:29:26
4060446000,20260915232500,0,50,0,23,2026091523,2026-09-15 23:29:26
4060380100,20260915232500,0,40,0,4,2026091523,2026-09-15 23:29:26
4060444400,20260915232500,0,50,0,17,2026091523,2026-09-15 23:29:26
4060381800,20260915232500,0,51,0,44,2026091523,2026-09-15 23:29:26
4060096001,20260915232500,0,41,0,12,2026091523,2026-09-15 23:29:26
4060440600,20260915232500,0,50,0,37,2026091523,2026-09-15 23:29:26
4060356600,20260915232500,0,43,0,40,2026091523,2026-09-15 23:29:26
4060360400,20260915232500,0,31,0,17,2026091523,2026-09-15 23:29:26
4060426900,20260915232500,0,46,0,10,2026091523,2026-09-15 23:29:26
4060482500,20260915232500,0,34,0,38,2026091523,2026-09-15 23:29:26
4060499300,20260915232500,0,49,0,234,2026091523,2026-09-15 23:29:26
4060430700,20260915232500,0,28,0,11,2026091523,2026-09-15 23:29:26
4060321000,20260915232500,0,43,0,40,2026091523,2026-09-15 23:29:26
4060427900,20260915232500,0,48,0,25,2026091523,2026-09-15 23:29:26
4060425700,20260915232500,0,46,0,31,2026091523,2026-09-15 23:29:26
4060316000,20260915232500,0,43,0,18,2026091523,2026-09-15 23:29:26
4060488900,20260915232500,0,36,0,42,2026091523,2026-09-15 23:29:26
4060171000,20260915232500,0,27,0,30,2026091523,2026-09-15 23:29:26
4050366400,20260915232500,0,28,0,31,2026091523,2026-09-15 23:29:26
4060430500,20260915232500,0,48,0,2,2026091523,2026-09-15 23:29:26
4050393700,20260915232500,0,9,0,12,2026091523,2026-09-15 23:29:26
4060429900,20260915232500,0,36,0,11,2026091523,2026-09-15 23:29:26
4060483300,20260915232500,0,34,0,13,2026091523,2026-09-15 23:29:26
4060481700,20260915232500,0,34,0,13,2026091523,2026-09-15 23:29:26
4050552800,20260915232500,0,40,0,13,2026091523,2026-09-15 23:29:26
4060425400,20260915232500,0,27,0,37,2026091523,2026-09-15 23:29:26
4060431300,20260915232500,0,48,0,2,2026091523,2026-09-15 23:29:26
4060431900,20260915232500,0,48,0,59,2026091523,2026-09-15 23:29:26
4060483000,20260915232500,0,53,0,97,2026091523,2026-09-15 23:29:26
4060486900,20260915232500,0,35,0,41,2026091523,2026-09-15 23:29:26
4060400700,20260915232500,0,49,0,44,2026091523,2026-09-15 23:29:26
4060395800,20260915232500,0,52,0,11,2026091523,2026-09-15 23:29:26
4060425100,20260915232500,0,35,0,10,2026091523,2026-09-15 23:29:26
4050546400,20260915232500,0,44,0,195,2026091523,2026-09-15 23:29:26
4060426800,20260915232500,0,47,0,9,2026091523,2026-09-15 23:29:26
4060430000,20260915232500,0,36,0,11,2026091523,2026-09-15 23:29:26
4060423500,20260915232500,0,35,0,10,2026091523,2026-09-15 23:29:26
4050193801,20260915232500,0,26,0,39,2026091523,2026-09-15 23:29:26
4060430600,20260915232500,0,49,0,2,2026091523,2026-09-15 23:29:26
4060397900,20260915232500,0,41,0,38,2026091523,2026-09-15 23:29:26
4060426100,20260915232500,0,27,0,25,2026091523,2026-09-15 23:29:26
4060395700,20260915232500,0,41,0,10,2026091523,2026-09-15 23:29:26
4060427800,20260915232500,0,49,0,24,2026091523,2026-09-15 23:29:26
4060425600,20260915232500,0,47,0,30,2026091523,2026-09-15 23:29:26
4060422900,20260915232500,0,35,0,4,2026091523,2026-09-15 23:29:26
4060439700,20260915232500,0,48,0,125,2026091523,2026-09-15 23:29:26
4060386900,20260915232500,0,52,0,36,2026091523,2026-09-15 23:29:26
4060169902,20260915232500,0,27,0,15,2026091523,2026-09-15 23:29:26
4060169901,20260915232500,0,27,0,10,2026091523,2026-09-15 23:29:26
4060432000,20260915232500,0,49,0,58,2026091523,2026-09-15 23:29:26
4060425500,20260915232500,0,28,0,35,2026091523,2026-09-15 23:29:26
4050377800,20260915232500,0,51,0,32,2026091523,2026-09-15 23:29:26
4060422100,20260915232500,0,35,0,8,2026091523,2026-09-15 23:29:26
4050376000,20260915232500,0,51,0,24,2026091523,2026-09-15 23:29:26
4060431400,20260915232500,0,49,0,2,2026091523,2026-09-15 23:29:26
4060400300,20260915232500,0,50,0,64,2026091523,2026-09-15 23:29:26
4050376600,20260915232500,0,51,0,61,2026091523,2026-09-15 23:29:26
4060389300,20260915232500,0,52,0,92,2026091523,2026-09-15 23:29:26
4060440000,20260915232500,0,45,0,42,2026091523,2026-09-15 23:29:26
4050544400,20260915232500,0,44,0,5,2026091523,2026-09-15 23:29:26
4060397500,20260915232500,0,41,0,1,2026091523,2026-09-15 23:29:26
4060439400,20260915232500,0,45,0,3,2026091523,2026-09-15 23:29:26
4060430800,20260915232500,0,27,0,12,2026091523,2026-09-15 23:29:26
4060346800,20260915232500,0,30,0,24,2026091523,2026-09-15 23:29:26
4060346700,20260915232500,0,32,0,68,2026091523,2026-09-15 23:29:26
4060486100,20260915232500,0,43,0,150,2026091523,2026-09-15 23:29:26
4060017908,20260915232500,0,42,0,19,2026091523,2026-09-15 23:29:26
4060341500,20260915232500,0,32,0,19,2026091523,2026-09-15 23:29:26
4060010606,20260915232500,0,30,0,24,2026091523,2026-09-15 23:29:26
4060010605,20260915232500,0,30,0,5,2026091523,2026-09-15 23:29:26
4050561400,20260915232500,0,42,0,161,2026091523,2026-09-15 23:29:26
4060476000,20260915232500,0,52,0,3,2026091523,2026-09-15 23:29:26
4060343500,20260915232500,0,32,0,25,2026091523,2026-09-15 23:29:26
4060383900,20260915232500,0,34,0,19,2026091523,2026-09-15 23:29:26
4050048802,20260915232500,0,27,0,19,2026091523,2026-09-15 23:29:26
4060010314,20260915232500,0,41,0,68,2026091523,2026-09-15 23:29:26
4060220100,20260915232500,0,41,0,4,2026091523,2026-09-15 23:29:26
4050241600,20260915232500,0,41,0,8,2026091523,2026-09-15 23:29:26
4050006725,20260915232500,0,9,0,52,2026091523,2026-09-15 23:29:26
4060389000,20260915232500,0,45,0,15,2026091523,2026-09-15 23:29:26
4060250900,20260915232500,0,44,0,113,2026091523,2026-09-15 23:29:26
4050534400,20260915232500,0,45,0,318,2026091523,2026-09-15 23:29:26
4050369400,20260915232500,0,45,0,22,2026091523,2026-09-15 23:29:26
4050367200,20260915232500,0,45,0,37,2026091523,2026-09-15 23:29:26
4060010417,20260915232500,0,48,0,12,2026091523,2026-09-15 23:29:26
4060010415,20260915232500,0,48,0,59,2026091523,2026-09-15 23:29:26
4060389100,20260915232500,0,43,0,16,2026091523,2026-09-15 23:29:26
4060220000,20260915232500,0,48,0,3,2026091523,2026-09-15 23:29:26
4060360300,20260915232500,0,30,0,18,2026091523,2026-09-15 23:29:26
4060357400,20260915232500,0,31,0,14,2026091523,2026-09-15 23:29:26
4050367400,20260915232500,0,52,0,4,2026091523,2026-09-15 23:29:26
4050371200,20260915232500,0,52,0,6,2026091523,2026-09-15 23:29:26
4060375200,20260915232500,0,30,0,7,2026091523,2026-09-15 23:29:26
4060364900,20260915232500,0,30,0,38,2026091523,2026-09-15 23:29:26
4050367800,20260915232500,0,52,0,49,2026091523,2026-09-15 23:29:26
4050360000,20260915232500,0,42,0,55,2026091523,2026-09-15 23:29:26
4060170400,20260915232500,0,27,0,37,2026091523,2026-09-15 23:29:26
4050371600,20260915232500,0,46,0,45,2026091523,2026-09-15 23:29:26
4060365000,20260915232500,0,30,0,37,2026091523,2026-09-15 23:29:26
4060375300,20260915232500,0,30,0,7,2026091523,2026-09-15 23:29:26
4060517500,20260915232500,0,24,0,30,2026091523,2026-09-15 23:29:26
4060250800,20260915232500,0,45,0,110,2026091523,2026-09-15 23:29:26
4060409100,20260915232500,0,44,0,225,2026091523,2026-09-15 23:29:26
4050615501,20260915232500,0,41,0,93,2026091523,2026-09-15 23:29:26
4060376900,20260915232500,0,36,0,41,2026091523,2026-09-15 23:29:26
4050252900,20260915232500,0,41,0,35,2026091523,2026-09-15 23:29:26
4050401800,20260915232500,0,40,0,44,2026091523,2026-09-15 23:29:26
4060346900,20260915232500,0,45,0,16,2026091523,2026-09-15 23:29:26
4060382900,20260915232500,0,45,0,26,2026091523,2026-09-15 23:29:26
4050438600,20260915232500,0,54,0,53,2026091523,2026-09-15 23:29:26
4060326300,20260915232500,0,37,0,36,2026091523,2026-09-15 23:29:26
4060330500,20260915232500,0,37,0,48,2026091523,2026-09-15 23:29:26
4060357100,20260915232500,0,45,0,80,2026091523,2026-09-15 23:29:26
4060357000,20260915232500,0,46,0,78,2026091523,2026-09-15 23:29:26
4060356500,20260915232500,0,45,0,6,2026091523,2026-09-15 23:29:26
4060169802,20260915232500,0,26,0,11,2026091523,2026-09-15 23:29:26
4060169801,20260915232500,0,25,0,16,2026091523,2026-09-15 23:29:26
4060382800,20260915232500,0,45,0,26,2026091523,2026-09-15 23:29:26
4060516100,20260915232500,0,45,0,34,2026091523,2026-09-15 23:29:26
4060425000,20260915232500,0,38,0,8,2026091523,2026-09-15 23:29:26
4060423400,20260915232500,0,38,0,9,2026091523,2026-09-15 23:29:26
4060422800,20260915232500,0,38,0,3,2026091523,2026-09-15 23:29:26
4060422000,20260915232500,0,38,0,7,2026091523,2026-09-15 23:29:26
4060171100,20260915232500,0,25,0,32,2026091523,2026-09-15 23:29:26
4050407400,20260915232500,0,48,0,150,2026091523,2026-09-15 23:29:26
4050407500,20260915232500,0,44,0,163,2026091523,2026-09-15 23:29:26
4050401900,20260915232500,0,41,0,42,2026091523,2026-09-15 23:29:26
4060436600,20260915232500,0,49,0,17,2026091523,2026-09-15 23:29:26
4060435800,20260915232500,0,49,0,9,2026091523,2026-09-15 23:29:26
4060435600,20260915232500,0,49,0,1,2026091523,2026-09-15 23:29:26
4060433400,20260915232500,0,49,0,11,2026091523,2026-09-15 23:29:26
4060435500,20260915232500,0,46,0,1,2026091523,2026-09-15 23:29:26
4060433300,20260915232500,0,46,0,12,2026091523,2026-09-15 23:29:26
4060436500,20260915232500,0,46,0,18,2026091523,2026-09-15 23:29:26
4060426000,20260915232500,0,27,0,26,2026091523,2026-09-15 23:29:26
4060435700,20260915232500,0,46,0,10,2026091523,2026-09-15 23:29:26
4050438700,20260915232500,0,50,0,57,2026091523,2026-09-15 23:29:26
4060356400,20260915232500,0,44,0,6,2026091523,2026-09-15 23:29:26
4060326400,20260915232500,0,45,0,29,2026091523,2026-09-15 23:29:26
4060330600,20260915232500,0,45,0,40,2026091523,2026-09-15 23:29:26
4050006826,20260915232500,0,7,0,61,2026091523,2026-09-15 23:29:26
4060431800,20260915232500,0,30,0,23,2026091523,2026-09-15 23:29:26
4060429400,20260915232500,0,30,0,12,2026091523,2026-09-15 23:29:26
4050500000,20260915232500,0,45,0,32,2026091523,2026-09-15 23:29:26
4050508600,20260915232500,0,45,0,4,2026091523,2026-09-15 23:29:26
4050509000,20260915232500,0,45,0,2,2026091523,2026-09-15 23:29:26
4060538101,20260915232500,0,45,0,51,2026091523,2026-09-15 23:29:26
4050478700,20260915232500,0,10,0,1327,2026091523,2026-09-15 23:29:26
4060377200,20260915232500,0,45,0,22,2026091523,2026-09-15 23:29:26
4060370300,20260915232500,0,45,0,27,2026091523,2026-09-15 23:29:26
4060170600,20260915232500,0,25,0,33,2026091523,2026-09-15 23:29:26
4050478600,20260915232500,0,10,0,1332,2026091523,2026-09-15 23:29:26
4060431700,20260915232500,0,27,0,24,2026091523,2026-09-15 23:29:26
4060429300,20260915232500,0,27,0,13,2026091523,2026-09-15 23:29:26
4060370400,20260915232500,0,45,0,27,2026091523,2026-09-15 23:29:26
4060377300,20260915232500,0,45,0,22,2026091523,2026-09-15 23:29:26
4060061000,20260915232500,3,40,0,2,2026091523,2026-09-15 23:29:26
4050480900,20260915232500,0,55,0,4,2026091523,2026-09-15 23:29:26
4050407100,20260915232500,0,83,0,29,2026091523,2026-09-15 23:29:26
4060140404,20260915232500,0,35,0,67,2026091523,2026-09-15 23:29:26
4050429500,20260915232500,0,72,0,7,2026091523,2026-09-15 23:29:26
4060140403,20260915232500,0,40,0,77,2026091523,2026-09-15 23:29:26
4060318600,20260915232500,0,64,0,8,2026091523,2026-09-15 23:29:26
4060140402,20260915232500,0,26,0,69,2026091523,2026-09-15 23:29:26
4060140401,20260915232500,0,29,0,21,2026091523,2026-09-15 23:29:26
4050245900,20260915232500,0,38,0,21,2026091523,2026-09-15 23:29:26
4050457300,20260915232500,0,74,0,10,2026091523,2026-09-15 23:29:26
4060346400,20260915232500,0,40,0,13,2026091523,2026-09-15 23:29:26
4060449400,20260915232500,0,39,0,50,2026091523,2026-09-15 23:29:26
4050376700,20260915232500,0,51,0,61,2026091523,2026-09-15 23:29:26
4050485100,20260915232500,0,25,0,51,2026091523,2026-09-15 23:29:26
4060271200,20260915232500,0,35,0,10,2026091523,2026-09-15 23:29:26
4050588100,20260915232500,0,47,0,48,2026091523,2026-09-15 23:29:26
4050479700,20260915232500,0,77,0,1,2026091523,2026-09-15 23:29:26
4060477200,20260915232500,0,62,0,32,2026091523,2026-09-15 23:29:26
4050613200,20260915232500,8,30,0,186,2026091523,2026-09-15 23:29:26
4050607800,20260915232500,0,61,0,22,2026091523,2026-09-15 23:29:26
4060502300,20260915232500,0,57,0,2,2026091523,2026-09-15 23:29:26
4050532600,20260915232500,0,61,0,9,2026091523,2026-09-15 23:29:26
4060499600,20260915232500,0,54,0,26,2026091523,2026-09-15 23:29:26
4050406000,20260915232500,0,45,0,91,2026091523,2026-09-15 23:29:26
4050428400,20260915232500,0,55,0,20,2026091523,2026-09-15 23:29:26
4060317500,20260915232500,1,34,0,195,2026091523,2026-09-15 23:29:26
4050484000,20260915232500,0,72,0,1,2026091523,2026-09-15 23:29:26
4050587000,20260915232500,0,41,0,10,2026091523,2026-09-15 23:29:26
4050400700,20260915232500,0,38,0,21,2026091523,2026-09-15 23:29:26
4060501200,20260915232500,0,65,0,4,2026091523,2026-09-15 23:29:26
4050015205,20260915232500,0,44,0,12,2026091523,2026-09-15 23:29:26
4060395500,20260915232500,0,28,0,59,2026091523,2026-09-15 23:29:26
4050015204,20260915232500,0,44,0,17,2026091523,2026-09-15 23:29:26
4050531500,20260915232500,0,71,0,14,2026091523,2026-09-15 23:29:26
4050043002,20260915232500,0,23,0,23,2026091523,2026-09-15 23:29:26
4050043001,20260915232500,0,16,0,78,2026091523,2026-09-15 23:29:26
4050581700,20260915232500,0,31,0,49,2026091523,2026-09-15 23:29:26
4050168402,20260915232500,0,51,0,16,2026091523,2026-09-15 23:29:26
4050168401,20260915232500,0,52,0,27,2026091523,2026-09-15 23:29:26
4060057502,20260915232500,0,42,0,3,2026091523,2026-09-15 23:29:26
4060057501,20260915232500,0,42,0,11,2026091523,2026-09-15 23:29:26
4060419400,20260915232500,0,57,0,10,2026091523,2026-09-15 23:29:26
4050455100,20260915232500,0,54,0,2,2026091523,2026-09-15 23:29:26
4050558100,20260915232500,0,51,0,164,2026091523,2026-09-15 23:29:26
4060338800,20260915232500,0,55,0,20,2026091523,2026-09-15 23:29:26
4050374500,20260915232500,0,53,0,110,2026091523,2026-09-15 23:29:26
4050477500,20260915232500,0,52,0,106,2026091523,2026-09-15 23:29:26
4060372000,20260915232500,0,80,0,0,2026091523,2026-09-15 23:29:26
4050611000,20260915232500,0,58,0,26,2026091523,2026-09-15 23:29:26
4060500100,20260915232500,0,54,0,194,2026091523,2026-09-15 23:29:26
4050499900,20260915232500,0,67,0,12,2026091523,2026-09-15 23:29:26
4060394400,20260915232500,0,44,0,70,2026091523,2026-09-15 23:29:26
4060497400,20260915232500,0,51,0,4,2026091523,2026-09-15 23:29:26
4060441900,20260915232500,0,55,0,127,2026091523,2026-09-15 23:29:26
4050195102,20260915232500,0,14,0,75,2026091523,2026-09-15 23:29:26
4050195101,20260915232500,0,30,0,13,2026091523,2026-09-15 23:29:26
4060418300,20260915232500,0,37,0,5,2026091523,2026-09-15 23:29:26
4060309900,20260915232500,0,48,0,33,2026091523,2026-09-15 23:29:26
4050557000,20260915232500,0,28,0,41,2026091523,2026-09-15 23:29:26
4060446100,20260915232500,0,45,0,25,2026091523,2026-09-15 23:29:26
4050373400,20260915232500,0,44,0,40,2026091523,2026-09-15 23:29:26
4050420900,20260915232500,0,45,0,42,2026091523,2026-09-15 23:29:26
4060393300,20260915232500,0,27,0,35,2026091523,2026-09-15 23:29:26
4060521400,20260915232500,0,12,0,60,2026091523,2026-09-15 23:29:26
4050007602,20260915232500,0,38,0,150,2026091523,2026-09-15 23:29:26
4050007601,20260915232500,0,36,0,90,2026091523,2026-09-15 23:29:26
4050005424,20260915232500,0,20,0,38,2026091523,2026-09-15 23:29:26
4050005423,20260915232500,0,46,0,31,2026091523,2026-09-15 23:29:26
4050005422,20260915232500,0,43,0,93,2026091523,2026-09-15 23:29:26
4050419700,20260915232500,0,80,0,28,2026091523,2026-09-15 23:29:26
4050528100,20260915232500,0,61,0,29,2026091523,2026-09-15 23:29:26
4060417200,20260915232500,0,49,0,14,2026091523,2026-09-15 23:29:26
4060445000,20260915232500,0,53,0,101,2026091523,2026-09-15 23:29:26
4060439600,20260915232500,0,46,0,52,2026091523,2026-09-15 23:29:26
4050475300,20260915232500,0,60,0,65,2026091523,2026-09-15 23:29:26
4050469900,20260915232500,0,49,0,24,2026091523,2026-09-15 23:29:26
4050500400,20260915232500,0,63,0,72,2026091523,2026-09-15 23:29:26
4060467400,20260915232500,0,41,0,19,2026091523,2026-09-15 23:29:26
4060392200,20260915232500,0,25,0,5,2026091523,2026-09-15 23:29:26
4060495200,20260915232500,0,65,0,89,2026091523,2026-09-15 23:29:26
4060386800,20260915232500,0,53,0,35,2026091523,2026-09-15 23:29:26
4060520300,20260915232500,0,51,0,4,2026091523,2026-09-15 23:29:26
4060411900,20260915232500,0,69,0,63,2026091523,2026-09-15 23:29:26
4060514900,20260915232500,0,26,0,13,2026091523,2026-09-15 23:29:26
4060004002,20260915232500,0,55,0,5,2026091523,2026-09-15 23:29:26
4060004001,20260915232500,0,54,0,2,2026091523,2026-09-15 23:29:26
4050028902,20260915232500,0,22,0,22,2026091523,2026-09-15 23:29:26
4050028901,20260915232500,0,22,0,11,2026091523,2026-09-15 23:29:26
4050424000,20260915232500,0,46,0,28,2026091523,2026-09-15 23:29:26
4050418600,20260915232500,0,48,0,75,2026091523,2026-09-15 23:29:26
4060416100,20260915232500,0,59,0,41,2026091523,2026-09-15 23:29:26
4060519100,20260915232500,0,27,0,33,2026091523,2026-09-15 23:29:26
4050549400,20260915232500,0,51,0,49,2026091523,2026-09-15 23:29:26
4060335500,20260915232500,0,52,0,12,2026091523,2026-09-15 23:29:26
4060438500,20260915232500,0,55,0,120,2026091523,2026-09-15 23:29:26
4060357900,20260915232500,0,41,0,42,2026091523,2026-09-15 23:29:26
4060466300,20260915232500,0,58,0,137,2026091523,2026-09-15 23:29:26
4050393600,20260915232500,0,27,0,4,2026091523,2026-09-15 23:29:26
4060391100,20260915232500,0,53,0,6,2026091523,2026-09-15 23:29:26
4060488700,20260915232500,0,36,0,25,2026091523,2026-09-15 23:29:26
4060513800,20260915232500,6,76,0,16,2026091523,2026-09-15 23:29:26
4050027802,20260915232500,0,33,0,9,2026091523,2026-09-15 23:29:26
4050027801,20260915232500,0,33,0,12,2026091523,2026-09-15 23:29:26
4050571900,20260915232500,0,44,0,24,2026091523,2026-09-15 23:29:26
4060518000,20260915232500,0,51,0,11,2026091523,2026-09-15 23:29:26
4050548300,20260915232500,0,57,0,34,2026091523,2026-09-15 23:29:26
4050364700,20260915232500,0,42,0,39,2026091523,2026-09-15 23:29:26
4050473100,20260915232500,0,34,0,32,2026091523,2026-09-15 23:29:26
4050467700,20260915232500,0,63,0,90,2026091523,2026-09-15 23:29:26
4060465200,20260915232500,0,53,0,22,2026091523,2026-09-15 23:29:26
4060459800,20260915232500,0,48,0,66,2026091523,2026-09-15 23:29:26
4050495500,20260915232500,0,26,0,31,2026091523,2026-09-15 23:29:26
4060390000,20260915232500,0,43,0,37,2026091523,2026-09-15 23:29:26
4050623601,20260915232500,0,38,0,5,2026091523,2026-09-15 23:29:26
4060384600,20260915232500,0,72,0,33,2026091523,2026-09-15 23:29:26
4050520600,20260915232500,0,69,0,83,2026091523,2026-09-15 23:29:26
4060512700,20260915232500,0,39,0,45,2026091523,2026-09-15 23:29:26
4050570800,20260915232500,0,54,0,22,2026091523,2026-09-15 23:29:26
4060018802,20260915232500,0,57,0,29,2026091523,2026-09-15 23:29:26
4060018801,20260915232500,0,58,0,35,2026091523,2026-09-15 23:29:26
4050179904,20260915232500,0,42,0,10,2026091523,2026-09-15 23:29:26
4050179903,20260915232500,0,42,0,6,2026091523,2026-09-15 23:29:26
4050179901,20260915232500,0,42,0,13,2026091523,2026-09-15 23:29:26
4050416400,20260915232500,0,59,0,60,2026091523,2026-09-15 23:29:26
4050519400,20260915232500,0,45,0,32,2026091523,2026-09-15 23:29:26
4050438800,20260915232500,0,46,0,10,2026091523,2026-09-15 23:29:26
4060333300,20260915232500,0,58,0,4,2026091523,2026-09-15 23:29:26
4060436300,20260915232500,0,22,0,46,2026091523,2026-09-15 23:29:26
4050363600,20260915232500,0,54,0,61,2026091523,2026-09-15 23:29:26
4050466600,20260915232500,0,55,0,75,2026091523,2026-09-15 23:29:26
4050600100,20260915232500,0,77,0,41,2026091523,2026-09-15 23:29:26
4060464100,20260915232500,0,52,0,57,2026091523,2026-09-15 23:29:26
4060458700,20260915232500,0,65,0,34,2026091523,2026-09-15 23:29:26
4060383500,20260915232500,0,58,0,13,2026091523,2026-09-15 23:29:26
4050622501,20260915232500,0,25,0,7,2026091523,2026-09-15 23:29:26
4060511600,20260915232500,0,45,0,79,2026091523,2026-09-15 23:29:26
4050178802,20260915232500,0,19,0,18,2026091523,2026-09-15 23:29:26
4050178801,20260915232500,0,23,0,31,2026091523,2026-09-15 23:29:26
4050409900,20260915232500,0,42,0,39,2026091523,2026-09-15 23:29:26
4050518300,20260915232500,0,61,0,16,2026091523,2026-09-15 23:29:26
4050437700,20260915232500,0,43,0,15,2026091523,2026-09-15 23:29:26
4060538201,20260915232500,0,45,0,52,2026091523,2026-09-15 23:29:26
4060354600,20260915232500,0,73,0,36,2026091523,2026-09-15 23:29:26
4060457600,20260915232500,0,47,0,60,2026091523,2026-09-15 23:29:26
4050493300,20260915232500,0,40,0,31,2026091523,2026-09-15 23:29:26
4050127502,20260915232500,0,17,0,76,2026091523,2026-09-15 23:29:26
4050127501,20260915232500,0,44,0,22,2026091523,2026-09-15 23:29:26
4050023414,20260915232500,0,35,0,6,2026091523,2026-09-15 23:29:26
4050023413,20260915232500,0,35,0,26,2026091523,2026-09-15 23:29:26
4050023412,20260915232500,0,44,0,102,2026091523,2026-09-15 23:29:26
4050023411,20260915232500,0,47,0,32,2026091523,2026-09-15 23:29:26
4050414200,20260915232500,0,65,0,20,2026091523,2026-09-15 23:29:26
4050408800,20260915232500,0,48,0,85,2026091523,2026-09-15 23:29:26
4050517200,20260915232500,0,69,0,26,2026091523,2026-09-15 23:29:26
4050545000,20260915232500,0,38,0,21,2026091523,2026-09-15 23:29:26
4050539600,20260915232500,0,52,0,21,2026091523,2026-09-15 23:29:26
4060428700,20260915232500,0,72,0,8,2026091523,2026-09-15 23:29:26
4050464400,20260915232500,0,72,0,57,2026091523,2026-09-15 23:29:26
4060456500,20260915232500,0,53,0,8,2026091523,2026-09-15 23:29:26
4050486800,20260915232500,0,54,0,21,2026091523,2026-09-15 23:29:26
4050595200,20260915232500,0,58,0,25,2026091523,2026-09-15 23:29:26
4060381300,20260915232500,0,29,0,27,2026091523,2026-09-15 23:29:26
4060375900,20260915232500,0,52,0,10,2026091523,2026-09-15 23:29:26
4050023408,20260915232500,0,21,0,15,2026091523,2026-09-15 23:29:26
4050001003,20260915232500,0,58,0,11,2026091523,2026-09-15 23:29:26
4050207004,20260915232500,0,30,0,36,2026091523,2026-09-15 23:29:26
4050023407,20260915232500,0,21,0,11,2026091523,2026-09-15 23:29:26
4060478900,20260915232500,0,48,0,2,2026091523,2026-09-15 23:29:26
4050001002,20260915232500,0,58,0,56,2026091523,2026-09-15 23:29:26
4050207003,20260915232500,0,23,0,19,2026091523,2026-09-15 23:29:26
4050023406,20260915232500,0,28,0,101,2026091523,2026-09-15 23:29:26
4050207002,20260915232500,0,17,0,21,2026091523,2026-09-15 23:29:26
4050023405,20260915232500,0,21,0,6,2026091523,2026-09-15 23:29:26
4060015502,20260915232500,0,62,0,15,2026091523,2026-09-15 23:29:26
4060015501,20260915232500,0,62,0,36,2026091523,2026-09-15 23:29:26
4050176602,20260915232500,0,15,0,26,2026091523,2026-09-15 23:29:26
4050176601,20260915232500,0,40,0,14,2026091523,2026-09-15 23:29:26
4050407700,20260915232500,0,52,0,11,2026091523,2026-09-15 23:29:26
4050516100,20260915232500,0,53,0,222,2026091523,2026-09-15 23:29:26
4050619101,20260915232500,0,27,0,21,2026091523,2026-09-15 23:29:26
4060508200,20260915232500,0,72,0,1,2026091523,2026-09-15 23:29:26
4060299500,20260915232500,0,53,0,24,2026091523,2026-09-15 23:29:26
4050435500,20260915232500,0,32,0,2,2026091523,2026-09-15 23:29:26
4050538500,20260915232500,0,30,0,20,2026091523,2026-09-15 23:29:26
4060330000,20260915232500,0,51,0,99,2026091523,2026-09-15 23:29:26
4060536001,20260915232500,0,36,0,111,2026091523,2026-09-15 23:29:26
4050457900,20260915232500,0,60,0,4,2026091523,2026-09-15 23:29:26
4050613800,20260915232500,0,44,0,15,2026091523,2026-09-15 23:29:26
4060477800,20260915232500,0,51,0,215,2026091523,2026-09-15 23:29:26
4050406600,20260915232500,0,78,0,1,2026091523,2026-09-15 23:29:26
4050515000,20260915232500,0,54,0,9,2026091523,2026-09-15 23:29:26
4050618001,20260915232500,0,25,0,90,2026091523,2026-09-15 23:29:26
4050509600,20260915232500,0,58,0,32,2026091523,2026-09-15 23:29:26
4050537400,20260915232500,0,60,0,2,2026091523,2026-09-15 23:29:26
4060426500,20260915232500,0,62,0,14,2026091523,2026-09-15 23:29:26
4060529500,20260915232500,0,37,0,22,2026091523,2026-09-15 23:29:26
4060345900,20260915232500,0,50,0,9,2026091523,2026-09-15 23:29:26
4060454300,20260915232500,0,37,0,28,2026091523,2026-09-15 23:29:26
4050484600,20260915232500,0,72,0,10,2026091523,2026-09-15 23:29:26
4050587600,20260915232500,0,41,0,5,2026091523,2026-09-15 23:29:26
4060373700,20260915232500,0,59,0,21,2026091523,2026-09-15 23:29:26
4060482100,20260915232500,0,53,0,197,2026091523,2026-09-15 23:29:26
4060501800,20260915232500,0,39,0,8,2026091523,2026-09-15 23:29:26
4060007902,20260915232500,0,59,0,8,2026091523,2026-09-15 23:29:26
4060007901,20260915232500,0,59,0,67,2026091523,2026-09-15 23:29:26
4060403000,20260915232500,0,21,0,47,2026091523,2026-09-15 23:29:26
4050433300,20260915232500,0,73,0,24,2026091523,2026-09-15 23:29:26
4050427900,20260915232500,0,56,0,120,2026091523,2026-09-15 23:29:26
4060528400,20260915232500,0,32,0,43,2026091523,2026-09-15 23:29:26
4050455700,20260915232500,0,54,0,14,2026091523,2026-09-15 23:29:26
4060344800,20260915232500,0,42,0,22,2026091523,2026-09-15 23:29:26
4050380500,20260915232500,0,38,0,97,2026091523,2026-09-15 23:29:26
4050586500,20260915232500,0,39,0,22,2026091523,2026-09-15 23:29:26
4050611600,20260915232500,0,54,0,30,2026091523,2026-09-15 23:29:26
4060475600,20260915232500,0,59,0,347,2026091523,2026-09-15 23:29:26
4060006804,20260915232500,0,26,0,60,2026091523,2026-09-15 23:29:26
4060006803,20260915232500,0,50,0,18,2026091523,2026-09-15 23:29:26
4050379300,20260915232500,0,35,0,31,2026091523,2026-09-15 23:29:26
4050507400,20260915232500,0,56,0,16,2026091523,2026-09-15 23:29:26
4050432200,20260915232500,0,48,0,40,2026091523,2026-09-15 23:29:26
4050535200,20260915232500,0,30,0,39,2026091523,2026-09-15 23:29:26
4060399200,20260915232500,0,50,0,62,2026091523,2026-09-15 23:29:26
4060321300,20260915232500,0,51,0,50,2026091523,2026-09-15 23:29:26
4060315900,20260915232500,0,33,0,24,2026091523,2026-09-15 23:29:26
4060418900,20260915232500,0,44,0,68,2026091523,2026-09-15 23:29:26
4060527300,20260915232500,0,43,0,35,2026091523,2026-09-15 23:29:26
4050460000,20260915232500,0,51,0,128,2026091523,2026-09-15 23:29:26
4050557600,20260915232500,0,27,0,35,2026091523,2026-09-15 23:29:26
4050610500,20260915232500,0,55,0,41,2026091523,2026-09-15 23:29:26
4060393900,20260915232500,0,30,0,2,2026091523,2026-09-15 23:29:26
4050219600,20260915232500,0,70,0,76,2026091523,2026-09-15 23:29:26
4050609300,20260915232500,0,50,0,55,2026091523,2026-09-15 23:29:26
4050431100,20260915232500,0,64,0,49,2026091523,2026-09-15 23:29:26
4050425700,20260915232500,0,74,0,32,2026091523,2026-09-15 23:29:26
4060320200,20260915232500,0,64,0,35,2026091523,2026-09-15 23:29:26
4050528700,20260915232500,0,52,0,4,2026091523,2026-09-15 23:29:26
4060314800,20260915232500,0,70,0,45,2026091523,2026-09-15 23:29:26
4060417800,20260915232500,0,47,0,20,2026091523,2026-09-15 23:29:26
4060526200,20260915232500,0,63,0,6,2026091523,2026-09-15 23:29:26
4050556500,20260915232500,0,51,0,322,2026091523,2026-09-15 23:29:26
4050475900,20260915232500,0,52,0,56,2026091523,2026-09-15 23:29:26
4050578900,20260915232500,0,39,0,89,2026091523,2026-09-15 23:29:26
4060392800,20260915232500,0,51,0,118,2026091523,2026-09-15 23:29:26
4050115502,20260915232500,0,2,0,122,2026091523,2026-09-15 23:29:26
4050115501,20260915232500,0,36,0,26,2026091523,2026-09-15 23:29:26
4060319000,20260915232500,0,42,0,57,2026091523,2026-09-15 23:29:26
4050246300,20260915232500,0,33,0,33,2026091523,2026-09-15 23:29:26
4060369200,20260915232500,0,63,0,5,2026091523,2026-09-15 23:29:26
4050608200,20260915232500,0,52,0,11,2026091523,2026-09-15 23:29:26
4060397000,20260915232500,0,68,0,19,2026091523,2026-09-15 23:29:26
4050533000,20260915232500,0,74,0,13,2026091523,2026-09-15 23:29:26
4050527600,20260915232500,0,61,0,27,2026091523,2026-09-15 23:29:26
4060416700,20260915232500,0,37,0,22,2026091523,2026-09-15 23:29:26
4050555400,20260915232500,0,46,0,37,2026091523,2026-09-15 23:29:26
4060444500,20260915232500,0,45,0,152,2026091523,2026-09-15 23:29:26
4050474800,20260915232500,0,43,0,27,2026091523,2026-09-15 23:29:26
4060472300,20260915232500,0,44,0,88,2026091523,2026-09-15 23:29:26
4060031302,20260915232500,0,42,0,9,2026091523,2026-09-15 23:29:26
4060031301,20260915232500,0,36,0,12,2026091523,2026-09-15 23:29:26
4050504100,20260915232500,0,60,0,15,2026091523,2026-09-15 23:29:26
4050607100,20260915232500,0,64,0,52,2026091523,2026-09-15 23:29:26
4060518600,20260915232500,0,51,0,157,2026091523,2026-09-15 23:29:26
4050548900,20260915232500,0,24,0,47,2026091523,2026-09-15 23:29:26
4060471200,20260915232500,0,50,0,29,2026091523,2026-09-15 23:29:26
4060002407,20260915232500,0,50,0,5,2026091523,2026-09-15 23:29:26
4060002406,20260915232500,0,44,0,7,2026091523,2026-09-15 23:29:26
4060493600,20260915232500,0,44,0,14,2026091523,2026-09-15 23:29:26
4060002405,20260915232500,0,44,0,24,2026091523,2026-09-15 23:29:26
4060002404,20260915232500,0,44,0,10,2026091523,2026-09-15 23:29:26
4050060506,20260915232500,0,42,0,18,2026091523,2026-09-15 23:29:26
4050060505,20260915232500,0,35,0,18,2026091523,2026-09-15 23:29:26
4050060503,20260915232500,0,45,0,74,2026091523,2026-09-15 23:29:26
4050060502,20260915232500,0,41,0,35,2026091523,2026-09-15 23:29:26
4060001310,20260915232500,0,50,0,54,2026091523,2026-09-15 23:29:26
4050369500,20260915232500,0,46,0,21,2026091523,2026-09-15 23:29:26
4050400000,20260915232500,0,47,0,2,2026091523,2026-09-15 23:29:26
4060367000,20260915232500,0,56,0,103,2026091523,2026-09-15 23:29:26
4050606000,20260915232500,0,23,0,5,2026091523,2026-09-15 23:29:26
4050397300,20260915232500,0,51,0,34,2026091523,2026-09-15 23:29:26
4050422400,20260915232500,0,45,0,12,2026091523,2026-09-15 23:29:26
4050450200,20260915232500,0,52,0,6,2026091523,2026-09-15 23:29:26
4050444800,20260915232500,0,71,0,7,2026091523,2026-09-15 23:29:26
4050547800,20260915232500,0,47,0,6,2026091523,2026-09-15 23:29:26
4060442300,20260915232500,0,74,0,1,2026091523,2026-09-15 23:29:26
4050575600,20260915232500,30,60,0,77,2026091523,2026-09-15 23:29:26
4060470100,20260915232500,0,42,0,1,2026091523,2026-09-15 23:29:26
4060464700,20260915232500,0,51,0,11,2026091523,2026-09-15 23:29:26
4060001309,20260915232500,0,52,0,8,2026091523,2026-09-15 23:29:26
4060001308,20260915232500,0,27,0,18,2026091523,2026-09-15 23:29:26
4060001307,20260915232500,0,34,0,45,2026091523,2026-09-15 23:29:26
4060001306,20260915232500,0,50,0,67,2026091523,2026-09-15 23:29:26
4050112202,20260915232500,0,22,0,13,2026091523,2026-09-15 23:29:26
4050112201,20260915232500,0,22,0,33,2026091523,2026-09-15 23:29:26
4050346000,20260915232500,0,29,0,6,2026091523,2026-09-15 23:29:26
4050421300,20260915232500,0,54,0,474,2026091523,2026-09-15 23:29:26
4050008004,20260915232500,0,50,0,7,2026091523,2026-09-15 23:29:26
4050524300,20260915232500,8,29,0,144,2026091523,2026-09-15 23:29:26
4050415900,20260915232500,0,84,0,25,2026091523,2026-09-15 23:29:26
4050008003,20260915232500,0,31,0,11,2026091523,2026-09-15 23:29:26
4060413400,20260915232500,0,54,0,42,2026091523,2026-09-15 23:29:26
4060516400,20260915232500,0,26,0,32,2026091523,2026-09-15 23:29:26
4050443700,20260915232500,0,70,0,1,2026091523,2026-09-15 23:29:26
4050552100,20260915232500,0,52,0,14,2026091523,2026-09-15 23:29:26
4060332800,20260915232500,0,49,0,5,2026091523,2026-09-15 23:29:26
4050058204,20260915232500,0,21,0,17,2026091523,2026-09-15 23:29:26
4050058203,20260915232500,0,21,0,10,2026091523,2026-09-15 23:29:26
4050058202,20260915232500,0,50,0,45,2026091523,2026-09-15 23:29:26
4050596900,20260915232500,0,60,0,3,2026091523,2026-09-15 23:29:26
4060000207,20260915232500,0,45,0,8,2026091523,2026-09-15 23:29:26
4060000206,20260915232500,0,55,0,11,2026091523,2026-09-15 23:29:26
4060000205,20260915232500,0,36,0,23,2026091523,2026-09-15 23:29:26
4060000204,20260915232500,0,47,0,40,2026091523,2026-09-15 23:29:26
4060000203,20260915232500,0,45,0,11,2026091523,2026-09-15 23:29:26
4060022602,20260915232500,0,51,0,30,2026091523,2026-09-15 23:29:26
4060022601,20260915232500,0,54,0,101,2026091523,2026-09-15 23:29:26
4050367300,20260915232500,0,46,0,37,2026091523,2026-09-15 23:29:26
4050389700,20260915232500,0,38,0,9,2026091523,2026-09-15 23:29:26
4050311800,20260915232500,0,15,0,49,2026091523,2026-09-15 23:29:26
4050517800,20260915232500,0,69,0,5,2026091523,2026-09-15 23:29:26
4060412300,20260915232500,0,58,0,51,2026091523,2026-09-15 23:29:26
4060303900,20260915232500,0,48,0,36,2026091523,2026-09-15 23:29:26
4060515300,20260915232500,0,51,0,11,2026091523,2026-09-15 23:29:26
4050551000,20260915232500,0,53,0,109,2026091523,2026-09-15 23:29:26
4050545600,20260915232500,0,52,0,23,2026091523,2026-09-15 23:29:26
4060331700,20260915232500,0,35,0,47,2026091523,2026-09-15 23:29:26
4050492800,20260915232500,0,50,0,71,2026091523,2026-09-15 23:29:26
4050595800,20260915232500,0,60,0,7,2026091523,2026-09-15 23:29:26
4060381900,20260915232500,0,56,0,40,2026091523,2026-09-15 23:29:26
4060484900,20260915232500,0,54,0,1,2026091523,2026-09-15 23:29:26
4050394000,20260915232500,0,52,0,36,2026091523,2026-09-15 23:29:26
4050497000,20260915232500,0,50,0,42,2026091523,2026-09-15 23:29:26
4050413700,20260915232500,0,58,0,9,2026091523,2026-09-15 23:29:26
4050619701,20260915232500,0,45,0,39,2026091523,2026-09-15 23:29:26
4060489100,20260915232500,0,29,0,26,2026091523,2026-09-15 23:29:26
4050516700,20260915232500,0,43,0,7,2026091523,2026-09-15 23:29:26
4060514200,20260915232500,0,52,0,48,2026091523,2026-09-15 23:29:26
4050441500,20260915232500,0,39,0,54,2026091523,2026-09-15 23:29:26
4060508800,20260915232500,0,51,0,88,2026091523,2026-09-15 23:29:26
4050544500,20260915232500,0,44,0,5,2026091523,2026-09-15 23:29:26
4060461400,20260915232500,0,56,0,62,2026091523,2026-09-15 23:29:26
4050491700,20260915232500,0,75,0,10,2026091523,2026-09-15 23:29:26
4050206506,20260915232500,0,45,0,19,2026091523,2026-09-15 23:29:26
4060380800,20260915232500,0,35,0,5,2026091523,2026-09-15 23:29:26
4050206505,20260915232500,0,44,0,5,2026091523,2026-09-15 23:29:26
4050206504,20260915232500,0,45,0,8,2026091523,2026-09-15 23:29:26
4050206501,20260915232500,0,33,0,9,2026091523,2026-09-15 23:29:26
4060329400,20260915232500,0,37,0,16,2026091523,2026-09-15 23:29:26
4050365100,20260915232500,0,53,0,58,2026091523,2026-09-15 23:29:26
4050468100,20260915232500,0,59,0,34,2026091523,2026-09-15 23:29:26
4050181502,20260915232500,0,26,0,27,2026091523,2026-09-15 23:29:26
4050181501,20260915232500,0,28,0,29,2026091523,2026-09-15 23:29:26
4060385000,20260915232500,0,70,0,20,2026091523,2026-09-15 23:29:26
4050521000,20260915232500,0,62,0,33,2026091523,2026-09-15 23:29:26
4050412600,20260915232500,0,48,0,11,2026091523,2026-09-15 23:29:26
4050515600,20260915232500,0,66,0,50,2026091523,2026-09-15 23:29:26
4060488000,20260915232500,0,49,0,4,2026091523,2026-09-15 23:29:26
4060410100,20260915232500,2,37,0,83,2026091523,2026-09-15 23:29:26
4060404700,20260915232500,0,53,0,23,2026091523,2026-09-15 23:29:26
4060513100,20260915232500,0,56,0,47,2026091523,2026-09-15 23:29:26
4060507700,20260915232500,0,59,0,5,2026091523,2026-09-15 23:29:26
4050571200,20260915232500,0,30,0,30,2026091523,2026-09-15 23:29:26
4060460300,20260915232500,0,53,0,5,2026091523,2026-09-15 23:29:26
4050439200,20260915232500,0,29,0,23,2026091523,2026-09-15 23:29:26
4050180404,20260915232500,0,32,0,14,2026091523,2026-09-15 23:29:26
4050364000,20260915232500,0,54,0,42,2026091523,2026-09-15 23:29:26
4050180403,20260915232500,0,37,0,10,2026091523,2026-09-15 23:29:26
4050180402,20260915232500,0,29,0,3,2026091523,2026-09-15 23:29:26
4060356100,20260915232500,0,49,0,39,2026091523,2026-09-15 23:29:26
4060459100,20260915232500,0,48,0,121,2026091523,2026-09-15 23:29:26
4050489400,20260915232500,0,39,0,7,2026091523,2026-09-15 23:29:26
4050617501,20260915232500,0,30,0,57,2026091523,2026-09-15 23:29:26
4050433900,20260915232500,0,50,0,112,2026091523,2026-09-15 23:29:26
4050570100,20260915232500,0,32,0,8,2026091523,2026-09-15 23:29:26
4050564700,20260915232500,0,57,0,78,2026091523,2026-09-15 23:29:26
4060453800,20260915232500,0,48,0,39,2026091523,2026-09-15 23:29:26
4060481600,20260915232500,0,38,0,101,2026091523,2026-09-15 23:29:26
4050438100,20260915232500,2,74,0,73,2026091523,2026-09-15 23:29:26
4060458000,20260915232500,0,56,0,9,2026091523,2026-09-15 23:29:26
4050410400,20260915232500,0,45,0,239,2026091523,2026-09-15 23:29:26
4060377400,20260915232500,0,39,0,34,2026091523,2026-09-15 23:29:26
4050616401,20260915232500,0,22,0,36,2026091523,2026-09-15 23:29:26
4050541200,20260915232500,0,54,0,136,2026091523,2026-09-15 23:29:26
4050535800,20260915232500,0,48,0,48,2026091523,2026-09-15 23:29:26
4060017002,20260915232500,0,39,0,17,2026091523,2026-09-15 23:29:26
4060017001,20260915232500,0,46,0,29,2026091523,2026-09-15 23:29:26
4050178106,20260915232500,0,44,0,8,2026091523,2026-09-15 23:29:26
4050178105,20260915232500,0,45,0,7,2026091523,2026-09-15 23:29:26
4050178104,20260915232500,0,49,0,18,2026091523,2026-09-15 23:29:26
4050178103,20260915232500,0,40,0,2,2026091523,2026-09-15 23:29:26
4060011708,20260915232500,0,27,0,15,2026091523,2026-09-15 23:29:26
4060011707,20260915232500,0,44,0,57,2026091523,2026-09-15 23:29:26
4060011706,20260915232500,0,41,0,22,2026091523,2026-09-15 23:29:26
4060011705,20260915232500,0,13,0,52,2026091523,2026-09-15 23:29:26
4060142502,20260915232500,0,14,0,93,2026091523,2026-09-15 23:29:26
4060429100,20260915232500,0,62,0,117,2026091523,2026-09-15 23:29:26
4060142501,20260915232500,0,14,0,53,2026091523,2026-09-15 23:29:26
4050459400,20260915232500,0,31,0,8,2026091523,2026-09-15 23:29:26
4060273300,20260915232500,0,33,0,27,2026091523,2026-09-15 23:29:26
4060376300,20260915232500,0,67,0,128,2026091523,2026-09-15 23:29:26
4050506900,20260915232500,0,63,0,60,2026091523,2026-09-15 23:29:26
4060479300,20260915232500,0,49,0,60,2026091523,2026-09-15 23:29:26
4050609900,20260915232500,0,53,0,6,2026091523,2026-09-15 23:29:26
4060504400,20260915232500,0,43,0,7,2026091523,2026-09-15 23:29:26
4050540100,20260915232500,0,36,0,50,2026091523,2026-09-15 23:29:26
4050534700,20260915232500,0,42,0,79,2026091523,2026-09-15 23:29:26
4050562500,20260915232500,0,52,0,19,2026091523,2026-09-15 23:29:26
4060451600,20260915232500,0,40,0,29,2026091523,2026-09-15 23:29:26
4050481900,20260915232500,0,52,0,3,2026091523,2026-09-15 23:29:26
4060428000,20260915232500,0,53,0,67,2026091523,2026-09-15 23:29:26
4050377700,20260915232500,0,43,0,161,2026091523,2026-09-15 23:29:26
4050589100,20260915232500,0,57,0,115,2026091523,2026-09-15 23:29:26
4060369800,20260915232500,0,63,0,34,2026091523,2026-09-15 23:29:26
4050614200,20260915232500,0,45,0,25,2026091523,2026-09-15 23:29:26
4050608800,20260915232500,0,63,0,88,2026091523,2026-09-15 23:29:26
4050430600,20260915232500,0,48,0,37,2026091523,2026-09-15 23:29:26
4050533600,20260915232500,0,45,0,38,2026091523,2026-09-15 23:29:26
4060525700,20260915232500,0,37,0,50,2026091523,2026-09-15 23:29:26
4050480800,20260915232500,0,67,0,3,2026091523,2026-09-15 23:29:26
4050089902,20260915232500,0,18,0,26,2026091523,2026-09-15 23:29:26
4050407000,20260915232500,0,78,0,31,2026091523,2026-09-15 23:29:26
4060140304,20260915232500,0,29,0,106,2026091523,2026-09-15 23:29:26
4050429400,20260915232500,0,55,0,9,2026091523,2026-09-15 23:29:26
4060140303,20260915232500,0,27,0,22,2026091523,2026-09-15 23:29:26
4060318500,20260915232500,0,32,0,16,2026091523,2026-09-15 23:29:26
4060140302,20260915232500,0,35,0,67,2026091523,2026-09-15 23:29:26
4060140301,20260915232500,0,28,0,64,2026091523,2026-09-15 23:29:26
4050245800,20260915232500,0,28,0,29,2026091523,2026-09-15 23:29:26
4050457200,20260915232500,0,74,0,10,2026091523,2026-09-15 23:29:26
4060346300,20260915232500,0,45,0,1,2026091523,2026-09-15 23:29:26
4060449300,20260915232500,0,38,0,53,2026091523,2026-09-15 23:29:26
4050485000,20260915232500,0,41,0,30,2026091523,2026-09-15 23:29:26
4050479600,20260915232500,0,72,0,1,2026091523,2026-09-15 23:29:26
4050588000,20260915232500,0,56,0,40,2026091523,2026-09-15 23:29:26
4060477100,20260915232500,0,55,0,36,2026091523,2026-09-15 23:29:26
4050613100,20260915232500,0,46,0,11,2026091523,2026-09-15 23:29:26
4050607700,20260915232500,0,44,0,4,2026091523,2026-09-15 23:29:26
4050532500,20260915232500,0,74,0,8,2026091523,2026-09-15 23:29:26
4060499500,20260915232500,0,51,0,28,2026091523,2026-09-15 23:29:26
4050451900,20260915232500,0,36,0,12,2026091523,2026-09-15 23:29:26
4060471800,20260915232500,0,63,0,76,2026091523,2026-09-15 23:29:26
4050222300,20260915232500,0,58,0,4,2026091523,2026-09-15 23:29:26
4060317400,20260915232500,0,49,0,31,2026091523,2026-09-15 23:29:26
4050244700,20260915232500,0,44,0,50,2026091523,2026-09-15 23:29:26
4050456100,20260915232500,0,33,0,57,2026091523,2026-09-15 23:29:26
4050478500,20260915232500,0,44,0,104,2026091523,2026-09-15 23:29:26
4050400600,20260915232500,0,32,0,25,2026091523,2026-09-15 23:29:26
4060501100,20260915232500,0,49,0,6,2026091523,2026-09-15 23:29:26
4050015105,20260915232500,0,14,0,55,2026091523,2026-09-15 23:29:26
4060395400,20260915232500,0,20,0,83,2026091523,2026-09-15 23:29:26
4050015104,20260915232500,0,14,0,39,2026091523,2026-09-15 23:29:26
4050531400,20260915232500,0,61,0,16,2026091523,2026-09-15 23:29:26
4060498400,20260915232500,0,50,0,19,2026091523,2026-09-15 23:29:26
4050581600,20260915232500,0,52,0,29,2026091523,2026-09-15 23:29:26
4060470700,20260915232500,0,42,0,43,2026091523,2026-09-15 23:29:26
4050168302,20260915232500,0,14,0,98,2026091523,2026-09-15 23:29:26
4050168301,20260915232500,0,31,0,28,2026091523,2026-09-15 23:29:26
4060419300,20260915232500,0,57,0,15,2026091523,2026-09-15 23:29:26
4050455000,20260915232500,0,50,0,2,2026091523,2026-09-15 23:29:26
4050558000,20260915232500,0,44,0,190,2026091523,2026-09-15 23:29:26
4050374400,20260915232500,0,52,0,112,2026091523,2026-09-15 23:29:26
4050477400,20260915232500,0,44,0,126,2026091523,2026-09-15 23:29:26
4050502500,20260915232500,3,74,0,60,2026091523,2026-09-15 23:29:26
4050499800,20260915232500,0,54,0,15,2026091523,2026-09-15 23:29:26
4050421900,20260915232500,0,53,0,5,2026091523,2026-09-15 23:29:26
4060497300,20260915232500,0,50,0,4,2026091523,2026-09-15 23:29:26
4050014002,20260915232500,0,25,0,23,2026091523,2026-09-15 23:29:26
4050014001,20260915232500,0,25,0,9,2026091523,2026-09-15 23:29:26
4050552700,20260915232500,0,49,0,158,2026091523,2026-09-15 23:29:26
4050036402,20260915232500,0,47,0,45,2026091523,2026-09-15 23:29:26
4050092002,20260915232500,0,36,0,14,2026091523,2026-09-15 23:29:26
4050092001,20260915232500,0,36,0,13,2026091523,2026-09-15 23:29:26
4050220100,20260915232500,21,67,0,62,2026091523,2026-09-15 23:29:26
4050426100,20260915232500,0,9,0,77,2026091523,2026-09-15 23:29:26
4050529100,20260915232500,0,63,0,41,2026091523,2026-09-15 23:29:26
4060418200,20260915232500,0,45,0,4,2026091523,2026-09-15 23:29:26
4050448500,20260915232500,0,36,0,10,2026091523,2026-09-15 23:29:26
4060343000,20260915232500,0,29,0,14,2026091523,2026-09-15 23:29:26
4050476300,20260915232500,0,55,0,88,2026091523,2026-09-15 23:29:26
4050367900,20260915232500,0,52,0,49,2026091523,2026-09-15 23:29:26
4060393200,20260915232500,0,27,0,35,2026091523,2026-09-15 23:29:26
4050420800,20260915232500,0,45,0,44,2026091523,2026-09-15 23:29:26
4060496200,20260915232500,0,35,0,74,2026091523,2026-09-15 23:29:26
4060521300,20260915232500,0,34,0,21,2026091523,2026-09-15 23:29:26
4050007502,20260915232500,0,31,0,104,2026091523,2026-09-15 23:29:26
4060005004,20260915232500,0,33,0,32,2026091523,2026-09-15 23:29:26
4060412900,20260915232500,0,54,0,10,2026091523,2026-09-15 23:29:26
4050007501,20260915232500,0,42,0,135,2026091523,2026-09-15 23:29:26
4060005003,20260915232500,0,33,0,19,2026091523,2026-09-15 23:29:26
4060515900,20260915232500,0,50,0,30,2026091523,2026-09-15 23:29:26
4050005324,20260915232500,0,50,0,29,2026091523,2026-09-15 23:29:26
4050005323,20260915232500,0,51,0,15,2026091523,2026-09-15 23:29:26
4050005322,20260915232500,0,46,0,87,2026091523,2026-09-15 23:29:26
4060077604,20260915232500,0,25,0,6,2026091523,2026-09-15 23:29:26
4060077603,20260915232500,0,37,0,20,2026091523,2026-09-15 23:29:26
4060077601,20260915232500,0,33,0,8,2026091523,2026-09-15 23:29:26
4050419600,20260915232500,0,77,0,29,2026091523,2026-09-15 23:29:26
4050528000,20260915232500,0,71,0,25,2026091523,2026-09-15 23:29:26
4060439500,20260915232500,0,46,0,51,2026091523,2026-09-15 23:29:26
4050475200,20260915232500,0,52,0,75,2026091523,2026-09-15 23:29:26
4050469800,20260915232500,0,58,0,20,2026091523,2026-09-15 23:29:26
4060467300,20260915232500,0,42,0,18,2026091523,2026-09-15 23:29:26
4060392100,20260915232500,0,53,0,9,2026091523,2026-09-15 23:29:26
4060386700,20260915232500,0,56,0,3,2026091523,2026-09-15 23:29:26
4060495100,20260915232500,0,49,0,118,2026091523,2026-09-15 23:29:26
4060411800,20260915232500,0,65,0,28,2026091523,2026-09-15 23:29:26
4050131908,20260915232500,0,44,0,138,2026091523,2026-09-15 23:29:26
4050131907,20260915232500,0,25,0,18,2026091523,2026-09-15 23:29:26
4050131906,20260915232500,0,40,0,38,2026091523,2026-09-15 23:29:26
4050131905,20260915232500,0,38,0,6,2026091523,2026-09-15 23:29:26
4050131903,20260915232500,0,33,0,26,2026091523,2026-09-15 23:29:26
4060313000,20260915232500,0,26,0,58,2026091523,2026-09-15 23:29:26
4060416000,20260915232500,0,71,0,34,2026091523,2026-09-15 23:29:26
4060335400,20260915232500,0,45,0,113,2026091523,2026-09-15 23:29:26
4050371100,20260915232500,0,44,0,20,2026091523,2026-09-15 23:29:26
4050365700,20260915232500,0,43,0,43,2026091523,2026-09-15 23:29:26
4050474100,20260915232500,9,83,0,27,2026091523,2026-09-15 23:29:26
4060357800,20260915232500,0,61,0,28,2026091523,2026-09-15 23:29:26
4060391000,20260915232500,0,63,0,5,2026091523,2026-09-15 23:29:26
4060488600,20260915232500,0,49,0,25,2026091523,2026-09-15 23:29:26
4060513700,20260915232500,3,52,0,23,2026091523,2026-09-15 23:29:26
4050027702,20260915232500,0,30,0,13,2026091523,2026-09-15 23:29:26
4050027701,20260915232500,0,30,0,10,2026091523,2026-09-15 23:29:26
4050571800,20260915232500,0,46,0,22,2026091523,2026-09-15 23:29:26
4060460900,20260915232500,0,53,0,3,2026091523,2026-09-15 23:29:26
4060409500,20260915232500,0,76,0,27,2026091523,2026-09-15 23:29:26
4050548200,20260915232500,0,46,0,43,2026091523,2026-09-15 23:29:26
4050364600,20260915232500,0,43,0,37,2026091523,2026-09-15 23:29:26
4050473000,20260915232500,0,43,0,25,2026091523,2026-09-15 23:29:26
4050467600,20260915232500,0,55,0,103,2026091523,2026-09-15 23:29:26
4060356700,20260915232500,0,39,0,45,2026091523,2026-09-15 23:29:26
4060465100,20260915232500,0,48,0,24,2026091523,2026-09-15 23:29:26
4060459700,20260915232500,0,47,0,66,2026091523,2026-09-15 23:29:26
4050495400,20260915232500,0,12,0,69,2026091523,2026-09-15 23:29:26
4050623501,20260915232500,0,28,0,51,2026091523,2026-09-15 23:29:26
4060512600,20260915232500,0,43,0,45,2026091523,2026-09-15 23:29:26
4050032004,20260915232500,0,48,0,2,2026091523,2026-09-15 23:29:26
4050032003,20260915232500,0,48,0,17,2026091523,2026-09-15 23:29:26
4060018702,20260915232500,0,63,0,33,2026091523,2026-09-15 23:29:26
4060018701,20260915232500,0,63,0,27,2026091523,2026-09-15 23:29:26
4060333200,20260915232500,0,69,0,79,2026091523,2026-09-15 23:29:26
4060539201,20260915232500,0,44,0,80,2026091523,2026-09-15 23:29:26
4050363500,20260915232500,0,44,0,162,2026091523,2026-09-15 23:29:26
4050466500,20260915232500,0,53,0,150,2026091523,2026-09-15 23:29:26
4050600000,20260915232500,0,60,0,53,2026091523,2026-09-15 23:29:26
4050391300,20260915232500,0,81,0,25,2026091523,2026-09-15 23:29:26
4050494300,20260915232500,0,67,0,37,2026091523,2026-09-15 23:29:26
4060383400,20260915232500,0,62,0,12,2026091523,2026-09-15 23:29:26
4050622401,20260915232500,0,14,0,13,2026091523,2026-09-15 23:29:26
4060486400,20260915232500,0,74,0,59,2026091523,2026-09-15 23:29:26
4060511500,20260915232500,0,44,0,81,2026091523,2026-09-15 23:29:26
4050178702,20260915232500,0,17,0,42,2026091523,2026-09-15 23:29:26
4050178701,20260915232500,0,20,0,17,2026091523,2026-09-15 23:29:26
4050518200,20260915232500,0,69,0,14,2026091523,2026-09-15 23:29:26
4050409800,20260915232500,0,38,0,43,2026091523,2026-09-15 23:29:26
4060407300,20260915232500,0,53,0,119,2026091523,2026-09-15 23:29:26
4050437600,20260915232500,0,42,0,15,2026091523,2026-09-15 23:29:26
4060354500,20260915232500,0,45,0,12,2026091523,2026-09-15 23:29:26
4050493200,20260915232500,0,40,0,31,2026091523,2026-09-15 23:29:26
4050596200,20260915232500,0,49,0,5,2026091523,2026-09-15 23:29:26
4050002002,20260915232500,0,51,0,125,2026091523,2026-09-15 23:29:26
4050002001,20260915232500,0,51,0,48,2026091523,2026-09-15 23:29:26
4050540700,20260915232500,0,63,0,28,2026091523,2026-09-15 23:29:26
4060532801,20260915232500,0,27,0,79,2026091523,2026-09-15 23:29:26
4050023314,20260915232500,0,27,0,36,2026091523,2026-09-15 23:29:26
4050023313,20260915232500,0,27,0,8,2026091523,2026-09-15 23:29:26
4050023312,20260915232500,0,36,0,43,2026091523,2026-09-15 23:29:26
4050023311,20260915232500,0,44,0,102,2026091523,2026-09-15 23:29:26
4060072102,20260915232500,0,35,0,11,2026091523,2026-09-15 23:29:26
4060072101,20260915232500,0,40,0,11,2026091523,2026-09-15 23:29:26
4050414100,20260915232500,0,83,0,9,2026091523,2026-09-15 23:29:26
4050517100,20260915232500,0,43,0,4,2026091523,2026-09-15 23:29:26
4050539500,20260915232500,0,44,0,225,2026091523,2026-09-15 23:29:26
4060428600,20260915232500,0,69,0,8,2026091523,2026-09-15 23:29:26
4050458900,20260915232500,0,74,0,20,2026091523,2026-09-15 23:29:26
4060456400,20260915232500,0,53,0,4,2026091523,2026-09-15 23:29:26
4050595100,20260915232500,0,40,0,36,2026091523,2026-09-15 23:29:26
4060381200,20260915232500,0,28,0,29,2026091523,2026-09-15 23:29:26
4060375800,20260915232500,0,47,0,11,2026091523,2026-09-15 23:29:26
4050023308,20260915232500,0,45,0,5,2026091523,2026-09-15 23:29:26
4050023307,20260915232500,0,45,0,7,2026091523,2026-09-15 23:29:26
4050023306,20260915232500,0,45,0,2,2026091523,2026-09-15 23:29:26
4060015408,20260915232500,0,51,0,33,2026091523,2026-09-15 23:29:26
4050023305,20260915232500,0,41,0,68,2026091523,2026-09-15 23:29:26
4060015407,20260915232500,0,51,0,3,2026091523,2026-09-15 23:29:26
4060015406,20260915232500,0,59,0,24,2026091523,2026-09-15 23:29:26
4060015405,20260915232500,0,67,0,51,2026091523,2026-09-15 23:29:26
4050176502,20260915232500,0,50,0,11,2026091523,2026-09-15 23:29:26
4050176501,20260915232500,0,50,0,7,2026091523,2026-09-15 23:29:26
4050198902,20260915232500,0,45,0,60,2026091523,2026-09-15 23:29:26
4050407600,20260915232500,0,49,0,12,2026091523,2026-09-15 23:29:26
4050516000,20260915232500,0,55,0,213,2026091523,2026-09-15 23:29:26
4050198901,20260915232500,0,12,0,91,2026091523,2026-09-15 23:29:26
4050619001,20260915232500,0,20,0,28,2026091523,2026-09-15 23:29:26
4060302100,20260915232500,0,66,0,97,2026091523,2026-09-15 23:29:26
4060508100,20260915232500,0,59,0,2,2026091523,2026-09-15 23:29:26
4060299400,20260915232500,0,52,0,24,2026091523,2026-09-15 23:29:26
4050435400,20260915232500,0,47,0,1,2026091523,2026-09-15 23:29:26
4050538400,20260915232500,0,47,0,13,2026091523,2026-09-15 23:29:26
4060140904,20260915232500,0,38,0,15,2026091523,2026-09-15 23:29:26
4060140903,20260915232500,0,40,0,18,2026091523,2026-09-15 23:29:26
4060427500,20260915232500,2,53,0,64,2026091523,2026-09-15 23:29:26
4060140902,20260915232500,0,44,0,39,2026091523,2026-09-15 23:29:26
4050457800,20260915232500,0,53,0,4,2026091523,2026-09-15 23:29:26
4050566200,20260915232500,0,43,0,5,2026091523,2026-09-15 23:29:26
4060352300,20260915232500,0,37,0,73,2026091523,2026-09-15 23:29:26
4050594000,20260915232500,0,58,0,75,2026091523,2026-09-15 23:29:26
4060374700,20260915232500,0,59,0,8,2026091523,2026-09-15 23:29:26
4060477700,20260915232500,0,48,0,228,2026091523,2026-09-15 23:29:26
4050022202,20260915232500,0,48,0,9,2026091523,2026-09-15 23:29:26
4050022201,20260915232500,0,43,0,2,2026091523,2026-09-15 23:29:26
4060530600,20260915232500,0,33,0,17,2026091523,2026-09-15 23:29:26
4050044602,20260915232500,0,24,0,36,2026091523,2026-09-15 23:29:26
4050044601,20260915232500,0,42,0,34,2026091523,2026-09-15 23:29:26
4050406500,20260915232500,0,67,0,22,2026091523,2026-09-15 23:29:26
4050537300,20260915232500,0,58,0,54,2026091523,2026-09-15 23:29:26
4050428900,20260915232500,0,43,0,2,2026091523,2026-09-15 23:29:26
4060426400,20260915232500,0,62,0,14,2026091523,2026-09-15 23:29:26
4060529400,20260915232500,0,35,0,16,2026091523,2026-09-15 23:29:26
4050565100,20260915232500,0,36,0,44,2026091523,2026-09-15 23:29:26
4050559700,20260915232500,0,54,0,24,2026091523,2026-09-15 23:29:26
4060345800,20260915232500,0,56,0,8,2026091523,2026-09-15 23:29:26
4060373600,20260915232500,0,48,0,26,2026091523,2026-09-15 23:29:26
4060482000,20260915232500,0,54,0,36,2026091523,2026-09-15 23:29:26
4060501700,20260915232500,0,39,0,8,2026091523,2026-09-15 23:29:26
4050065902,20260915232500,0,45,0,30,2026091523,2026-09-15 23:29:26
4050065901,20260915232500,0,45,0,26,2026091523,2026-09-15 23:29:26
4050433200,20260915232500,0,71,0,25,2026091523,2026-09-15 23:29:26
4050427800,20260915232500,0,52,0,129,2026091523,2026-09-15 23:29:26
4060316900,20260915232500,0,35,0,23,2026091523,2026-09-15 23:29:26
4060528300,20260915232500,0,37,0,37,2026091523,2026-09-15 23:29:26
4050455600,20260915232500,0,50,0,15,2026091523,2026-09-15 23:29:26
4050380400,20260915232500,0,40,0,92,2026091523,2026-09-15 23:29:26
4050586400,20260915232500,0,42,0,20,2026091523,2026-09-15 23:29:26
4060475500,20260915232500,0,61,0,336,2026091523,2026-09-15 23:29:26
4050611500,20260915232500,0,40,0,64,2026091523,2026-09-15 23:29:26
4060497900,20260915232500,0,36,0,45,2026091523,2026-09-15 23:29:26
4060006704,20260915232500,0,53,0,17,2026091523,2026-09-15 23:29:26
4060006703,20260915232500,0,58,0,26,2026091523,2026-09-15 23:29:26
4050379200,20260915232500,0,32,0,33,2026091523,2026-09-15 23:29:26
4050426700,20260915232500,0,41,0,8,2026091523,2026-09-15 23:29:26
4050535100,20260915232500,0,55,0,9,2026091523,2026-09-15 23:29:26
4060418800,20260915232500,0,57,0,52,2026091523,2026-09-15 23:29:26
4060527200,20260915232500,0,32,0,92,2026091523,2026-09-15 23:29:26
4060452000,20260915232500,0,43,0,14,2026091523,2026-09-15 23:29:26
4050482300,20260915232500,0,29,0,5,2026091523,2026-09-15 23:29:26
4050476900,20260915232500,0,46,0,2,2026091523,2026-09-15 23:29:26
4050610400,20260915232500,0,70,0,32,2026091523,2026-09-15 23:29:26
4060393800,20260915232500,0,39,0,1,2026091523,2026-09-15 23:29:26
4060521900,20260915232500,0,53,0,133,2026091523,2026-09-15 23:29:26
4050219502,20260915232500,0,60,0,48,2026091523,2026-09-15 23:29:26
4060005602,20260915232500,0,25,0,87,2026091523,2026-09-15 23:29:26
4050219501,20260915232500,10,58,0,35,2026091523,2026-09-15 23:29:26
4060005601,20260915232500,0,25,0,5,2026091523,2026-09-15 23:29:26
4050378100,20260915232500,0,37,0,56,2026091523,2026-09-15 23:29:26
4050609200,20260915232500,0,61,0,44,2026091523,2026-09-15 23:29:26
4050431000,20260915232500,0,60,0,52,2026091523,2026-09-15 23:29:26
4050425600,20260915232500,0,77,0,31,2026091523,2026-09-15 23:29:26
4050528600,20260915232500,0,54,0,4,2026091523,2026-09-15 23:29:26
4060320100,20260915232500,0,31,0,73,2026091523,2026-09-15 23:29:26
4060314700,20260915232500,0,51,0,62,2026091523,2026-09-15 23:29:26
4060423100,20260915232500,0,57,0,58,2026091523,2026-09-15 23:29:26
4060526100,20260915232500,0,47,0,8,2026091523,2026-09-15 23:29:26
4060417700,20260915232500,0,27,0,35,2026091523,2026-09-15 23:29:26
4050556400,20260915232500,0,52,0,316,2026091523,2026-09-15 23:29:26
4050475800,20260915232500,0,65,0,45,2026091523,2026-09-15 23:29:26
4050578800,20260915232500,0,42,0,83,2026091523,2026-09-15 23:29:26
4060392700,20260915232500,0,40,0,68,2026091523,2026-09-15 23:29:26
4050012404,20260915232500,0,60,0,9,2026091523,2026-09-15 23:29:26
4050012403,20260915232500,0,60,0,3,2026091523,2026-09-15 23:29:26
4050012402,20260915232500,0,46,0,37,2026091523,2026-09-15 23:29:26
4060520800,20260915232500,0,42,0,102,2026091523,2026-09-15 23:29:26
4050246200,20260915232500,0,37,0,30,2026091523,2026-09-15 23:29:26
4060369100,20260915232500,0,80,0,4,2026091523,2026-09-15 23:29:26
4050527500,20260915232500,0,61,0,23,2026091523,2026-09-15 23:29:26
4060416600,20260915232500,0,62,0,13,2026091523,2026-09-15 23:29:26
4050452300,20260915232500,0,54,0,9,2026091523,2026-09-15 23:29:26
4060341400,20260915232500,0,32,0,20,2026091523,2026-09-15 23:29:26
4050371700,20260915232500,0,45,0,46,2026091523,2026-09-15 23:29:26
4050577700,20260915232500,0,41,0,10,2026091523,2026-09-15 23:29:26
4060466800,20260915232500,0,44,0,8,2026091523,2026-09-15 23:29:26
4050245100,20260915232500,0,46,0,47,2026091523,2026-09-15 23:29:26
4050504000,20260915232500,0,57,0,16,2026091523,2026-09-15 23:29:26
4050607000,20260915232500,0,67,0,49,2026091523,2026-09-15 23:29:26
4050398300,20260915232500,0,82,0,22,2026091523,2026-09-15 23:29:26
4060518500,20260915232500,0,50,0,161,2026091523,2026-09-15 23:29:26
4050548800,20260915232500,0,53,0,21,2026091523,2026-09-15 23:29:26
4060471100,20260915232500,0,52,0,28,2026091523,2026-09-15 23:29:26
4060390500,20260915232500,0,74,0,16,2026091523,2026-09-15 23:29:26
4060002307,20260915232500,0,31,0,10,2026091523,2026-09-15 23:29:26
4060002306,20260915232500,0,48,0,5,2026091523,2026-09-15 23:29:26
4050004804,20260915232500,4,49,0,126,2026091523,2026-09-15 23:29:26
4060493500,20260915232500,0,38,0,17,2026091523,2026-09-15 23:29:26
4060002305,20260915232500,0,43,0,10,2026091523,2026-09-15 23:29:26
4050004803,20260915232500,0,49,0,4,2026091523,2026-09-15 23:29:26
4060002304,20260915232500,0,41,0,26,2026091523,2026-09-15 23:29:26
4050191202,20260915232500,0,40,0,9,2026091523,2026-09-15 23:29:26
4050191201,20260915232500,0,30,0,12,2026091523,2026-09-15 23:29:26
4050397200,20260915232500,0,52,0,33,2026091523,2026-09-15 23:29:26
4050422300,20260915232500,0,46,0,77,2026091523,2026-09-15 23:29:26
4050519900,20260915232500,0,55,0,23,2026091523,2026-09-15 23:29:26
4060311400,20260915232500,0,53,0,12,2026091523,2026-09-15 23:29:26
4050553100,20260915232500,0,52,0,14,2026091523,2026-09-15 23:29:26
4050547700,20260915232500,0,35,0,27,2026091523,2026-09-15 23:29:26
4060333800,20260915232500,0,42,0,102,2026091523,2026-09-15 23:29:26
4060436800,20260915232500,0,46,0,45,2026091523,2026-09-15 23:29:26
4060470000,20260915232500,0,50,0,239,2026091523,2026-09-15 23:29:26
4060464600,20260915232500,0,53,0,7,2026091523,2026-09-15 23:29:26
4050112102,20260915232500,0,9,0,81,2026091523,2026-09-15 23:29:26
4050112101,20260915232500,0,9,0,34,2026091523,2026-09-15 23:29:26
4050023928,20260915232500,0,59,0,61,2026091523,2026-09-15 23:29:26
4050023927,20260915232500,0,39,0,8,2026091523,2026-09-15 23:29:26
4050023926,20260915232500,0,45,0,31,2026091523,2026-09-15 23:29:26
4050396100,20260915232500,0,45,0,152,2026091523,2026-09-15 23:29:26
4050421200,20260915232500,0,53,0,483,2026091523,2026-09-15 23:29:26
4050524200,20260915232500,16,60,0,69,2026091523,2026-09-15 23:29:26
4050415800,20260915232500,0,77,0,28,2026091523,2026-09-15 23:29:26
4060413300,20260915232500,0,55,0,41,2026091523,2026-09-15 23:29:26
4060516300,20260915232500,0,42,0,19,2026091523,2026-09-15 23:29:26
4050552000,20260915232500,0,49,0,15,2026091523,2026-09-15 23:29:26
4050443600,20260915232500,0,71,0,1,2026091523,2026-09-15 23:29:26
4050058104,20260915232500,0,55,0,4,2026091523,2026-09-15 23:29:26
4050058103,20260915232500,0,55,0,6,2026091523,2026-09-15 23:29:26
4050058101,20260915232500,0,53,0,43,2026091523,2026-09-15 23:29:26
4060000107,20260915232500,0,55,0,34,2026091523,2026-09-15 23:29:26
4060000106,20260915232500,0,52,0,9,2026091523,2026-09-15 23:29:26
4060000105,20260915232500,0,48,0,17,2026091523,2026-09-15 23:29:26
4060000104,20260915232500,0,45,0,13,2026091523,2026-09-15 23:29:26
4060000103,20260915232500,0,47,0,7,2026091523,2026-09-15 23:29:26
4060022502,20260915232500,0,54,0,100,2026091523,2026-09-15 23:29:26
4050023916,20260915232500,0,54,0,20,2026091523,2026-09-15 23:29:26
4060022501,20260915232500,0,49,0,31,2026091523,2026-09-15 23:29:26
4050389600,20260915232500,0,39,0,9,2026091523,2026-09-15 23:29:26
4050311700,20260915232500,0,31,0,8,2026091523,2026-09-15 23:29:26
4050517700,20260915232500,3,61,0,119,2026091523,2026-09-15 23:29:26
4060412200,20260915232500,0,51,0,57,2026091523,2026-09-15 23:29:26
4060515200,20260915232500,0,26,0,27,2026091523,2026-09-15 23:29:26
4060434600,20260915232500,0,55,0,118,2026091523,2026-09-15 23:29:26
4050470300,20260915232500,0,51,0,48,2026091523,2026-09-15 23:29:26
4050464900,20260915232500,0,59,0,27,2026091523,2026-09-15 23:29:26
4050057002,20260915232500,0,42,0,1,2026091523,2026-09-15 23:29:26
4060462400,20260915232500,0,47,0,24,2026091523,2026-09-15 23:29:26
4050057001,20260915232500,0,42,0,8,2026091523,2026-09-15 23:29:26
4050595700,20260915232500,0,49,0,9,2026091523,2026-09-15 23:29:26
4060484800,20260915232500,0,28,0,51,2026091523,2026-09-15 23:29:26
4050366100,20260915232500,0,74,0,12,2026091523,2026-09-15 23:29:26
4050388500,20260915232500,0,43,0,29,2026091523,2026-09-15 23:29:26
4050413600,20260915232500,0,48,0,11,2026091523,2026-09-15 23:29:26
4050619601,20260915232500,0,16,0,111,2026091523,2026-09-15 23:29:26
4060489000,20260915232500,0,36,0,43,2026091523,2026-09-15 23:29:26
4050619301,20260915232500,0,51,0,144,2026091523,2026-09-15 23:29:26
4050619201,20260915232500,0,66,0,110,2026091523,2026-09-15 23:29:26
4060132300,20260915232500,0,32,0,18,2026091523,2026-09-15 23:29:26
4060048600,20260915232500,0,38,0,17,2026091523,2026-09-15 23:29:26
4050513800,20260915232500,0,36,0,61,2026091523,2026-09-15 23:29:26
4060448900,20260915232500,0,33,0,33,2026091523,2026-09-15 23:29:26
4060401400,20260915232500,0,38,0,126,2026091523,2026-09-15 23:29:26
4060317700,20260915232500,0,26,0,44,2026091523,2026-09-15 23:29:26
4050383500,20260915232500,0,29,0,9,2026091523,2026-09-15 23:29:26
4050299800,20260915232500,0,40,0,5,2026091523,2026-09-15 23:29:26
4050252300,20260915232500,0,29,0,12,2026091523,2026-09-15 23:29:26
4050121100,20260915232500,0,16,0,26,2026091523,2026-09-15 23:29:26
4050037400,20260915232500,0,48,0,127,2026091523,2026-09-15 23:29:26
4060050900,20260915232500,0,37,0,50,2026091523,2026-09-15 23:29:26
4060271100,20260915232500,0,52,0,59,2026091523,2026-09-15 23:29:26
4060187400,20260915232500,0,39,0,16,2026091523,2026-09-15 23:29:26
4060056200,20260915232500,0,28,0,64,2026091523,2026-09-15 23:29:26
4050568900,20260915232500,0,50,0,139,2026091523,2026-09-15 23:29:26
4050521400,20260915232500,0,30,0,36,2026091523,2026-09-15 23:29:26
4050306500,20260915232500,0,34,0,34,2026091523,2026-09-15 23:29:26
4050170900,20260915232500,0,33,0,15,2026091523,2026-09-15 23:29:26
4050176203,20260915232500,0,6,0,51,2026091523,2026-09-15 23:29:26
4050391100,20260915232500,0,22,0,45,2026091523,2026-09-15 23:29:26
4050176202,20260915232500,0,22,0,12,2026091523,2026-09-15 23:29:26
4050176201,20260915232500,0,23,0,4,2026091523,2026-09-15 23:29:26
4050045002,20260915232500,0,16,0,31,2026091523,2026-09-15 23:29:26
4050045001,20260915232500,0,14,0,58,2026091523,2026-09-15 23:29:26
4060195000,20260915232500,0,33,0,41,2026091523,2026-09-15 23:29:26
4050445300,20260915232500,0,47,0,14,2026091523,2026-09-15 23:29:26
4050314100,20260915232500,0,43,0,19,2026091523,2026-09-15 23:29:26
4060243900,20260915232500,0,36,0,16,2026091523,2026-09-15 23:29:26
4050094800,20260915232500,0,18,0,11,2026091523,2026-09-15 23:29:26
4060249200,20260915232500,0,42,0,13,2026091523,2026-09-15 23:29:26
4060118000,20260915232500,0,31,0,40,2026091523,2026-09-15 23:29:26
4050363900,20260915232500,0,43,0,194,2026091523,2026-09-15 23:29:26
4060518300,20260915232500,0,15,0,15,2026091523,2026-09-15 23:29:26
4050232700,20260915232500,0,12,0,69,2026091523,2026-09-15 23:29:26
4050584100,20260915232500,0,32,0,5,2026091523,2026-09-15 23:29:26
4050101500,20260915232500,0,27,0,21,2026091523,2026-09-15 23:29:26
4050369200,20260915232500,0,46,0,84,2026091523,2026-09-15 23:29:26
4050238000,20260915232500,0,28,0,4,2026091523,2026-09-15 23:29:26
4060382700,20260915232500,0,44,0,16,2026091523,2026-09-15 23:29:26
4060251500,20260915232500,0,53,0,57,2026091523,2026-09-15 23:29:26
4060120300,20260915232500,0,35,0,10,2026091523,2026-09-15 23:29:26
4050501800,20260915232500,0,28,0,14,2026091523,2026-09-15 23:29:26
4050507100,20260915232500,0,26,0,68,2026091523,2026-09-15 23:29:26
4060520600,20260915232500,0,32,0,9,2026091523,2026-09-15 23:29:26
4060436900,20260915232500,0,28,0,18,2026091523,2026-09-15 23:29:26
4050287800,20260915232500,0,26,0,13,2026091523,2026-09-15 23:29:26
4050240300,20260915232500,0,33,0,11,2026091523,2026-09-15 23:29:26
4060390300,20260915232500,0,40,0,10,2026091523,2026-09-15 23:29:26
4050556900,20260915232500,0,39,0,123,2026091523,2026-09-15 23:29:26
4060313300,20260915232500,0,31,0,5,2026091523,2026-09-15 23:29:26
4060229600,20260915232500,0,27,0,24,2026091523,2026-09-15 23:29:26
4050295400,20260915232500,0,3,0,193,2026091523,2026-09-15 23:29:26
4050164200,20260915232500,0,16,0,8,2026091523,2026-09-15 23:29:26
4050033000,20260915232500,0,38,0,283,2026091523,2026-09-15 23:29:26
4060183000,20260915232500,0,28,0,11,2026091523,2026-09-15 23:29:26
4060099300,20260915232500,0,30,0,31,2026091523,2026-09-15 23:29:26
4050564500,20260915232500,0,36,0,10,2026091523,2026-09-15 23:29:26
4050349600,20260915232500,0,33,0,20,2026091523,2026-09-15 23:29:26
4050302100,20260915232500,0,30,0,14,2026091523,2026-09-15 23:29:26
4060231900,20260915232500,0,41,0,14,2026091523,2026-09-15 23:29:26
4060100700,20260915232500,0,39,0,3,2026091523,2026-09-15 23:29:26
4060452100,20260915232500,0,32,0,8,2026091523,2026-09-15 23:29:26
4060368400,20260915232500,0,27,0,8,2026091523,2026-09-15 23:29:26
4050082800,20260915232500,0,51,0,8,2026091523,2026-09-15 23:29:26
4060237200,20260915232500,0,38,0,17,2026091523,2026-09-15 23:29:26
4060106000,20260915232500,0,34,0,9,2026091523,2026-09-15 23:29:26
4050351900,20260915232500,0,19,0,39,2026091523,2026-09-15 23:29:26
4050357200,20260915232500,0,45,0,3,2026091523,2026-09-15 23:29:26
4060370700,20260915232500,0,29,0,84,2026091523,2026-09-15 23:29:26
4060155800,20260915232500,0,40,0,46,2026091523,2026-09-15 23:29:26
4060424900,20260915232500,0,24,0,6,2026091523,2026-09-15 23:29:26
4050490700,20260915232500,0,40,0,20,2026091523,2026-09-15 23:29:26
4050275800,20260915232500,0,37,0,17,2026091523,2026-09-15 23:29:26
4050144600,20260915232500,0,11,0,23,2026091523,2026-09-15 23:29:26
4060294600,20260915232500,0,8,0,118,2026091523,2026-09-15 23:29:26
4060032202,20260915232500,0,27,0,24,2026091523,2026-09-15 23:29:26
4060032201,20260915232500,0,30,0,26,2026091523,2026-09-15 23:29:26
4060079700,20260915232500,0,16,0,21,2026091523,2026-09-15 23:29:26
4050419000,20260915232500,0,52,0,106,2026091523,2026-09-15 23:29:26
4060432500,20260915232500,0,37,0,16,2026091523,2026-09-15 23:29:26
4060348800,20260915232500,0,10,0,60,2026091523,2026-09-15 23:29:26
4060301300,20260915232500,0,37,0,12,2026091523,2026-09-15 23:29:26
4060217600,20260915232500,0,39,0,48,2026091523,2026-09-15 23:29:26
4050283400,20260915232500,0,28,0,8,2026091523,2026-09-15 23:29:26
4050068500,20260915232500,0,15,0,18,2026091523,2026-09-15 23:29:26
4060087300,20260915232500,0,31,0,5,2026091523,2026-09-15 23:29:26
4050552500,20260915232500,0,33,0,16,2026091523,2026-09-15 23:29:26
4050468800,20260915232500,0,45,0,32,2026091523,2026-09-15 23:29:26
4050337600,20260915232500,0,42,0,5,2026091523,2026-09-15 23:29:26
4060487600,20260915232500,0,23,0,46,2026091523,2026-09-15 23:29:26
4060440100,20260915232500,0,40,0,101,2026091523,2026-09-15 23:29:26
4060225200,20260915232500,0,38,0,13,2026091523,2026-09-15 23:29:26
4050291000,20260915232500,0,25,0,191,2026091523,2026-09-15 23:29:26
4050606700,20260915232500,0,34,0,241,2026091523,2026-09-15 23:29:26
4050076100,20260915232500,0,10,0,20,2026091523,2026-09-15 23:29:26
4050560100,20260915232500,0,38,0,13,2026091523,2026-09-15 23:29:26
4050476400,20260915232500,0,56,0,90,2026091523,2026-09-15 23:29:26
4050214002,20260915232500,0,25,0,43,2026091523,2026-09-15 23:29:26
4050345200,20260915232500,0,43,0,6,2026091523,2026-09-15 23:29:26
4050214001,20260915232500,0,8,0,87,2026091523,2026-09-15 23:29:26
4060364000,20260915232500,0,37,0,17,2026091523,2026-09-15 23:29:26
4050263800,20260915232500,0,20,0,63,2026091523,2026-09-15 23:29:26
4050132600,20260915232500,0,5,0,121,2026091523,2026-09-15 23:29:26
4050281000,20260915232500,0,64,0,63,2026091523,2026-09-15 23:29:26
4050233500,20260915232500,13,69,0,129,2026091523,2026-09-15 23:29:26
4050233400,20260915232500,9,73,0,120,2026091523,2026-09-15 23:29:26
4050281900,20260915232500,1,51,0,9,2026091523,2026-09-15 23:29:26
4050281100,20260915232500,1,40,0,100,2026091523,2026-09-15 23:29:26
4050222400,20260915232500,8,48,0,43,2026091523,2026-09-15 23:29:26
4050269100,20260915232500,0,32,0,13,2026091523,2026-09-15 23:29:26
4060198900,20260915232500,0,32,0,4,2026091523,2026-09-15 23:29:26
4060067700,20260915232500,0,22,0,53,2026091523,2026-09-15 23:29:26
4050401700,20260915232500,0,55,0,38,2026091523,2026-09-15 23:29:26
4060420500,20260915232500,0,38,0,45,2026091523,2026-09-15 23:29:26
4060336800,20260915232500,0,40,0,69,2026091523,2026-09-15 23:29:26
4060205600,20260915232500,0,41,0,4,2026091523,2026-09-15 23:29:26
4050271400,20260915232500,0,28,0,8,2026091523,2026-09-15 23:29:26
4050140200,20260915232500,0,27,0,5,2026091523,2026-09-15 23:29:26
4050056500,20260915232500,0,25,0,12,2026091523,2026-09-15 23:29:26
4050456800,20260915232500,0,37,0,47,2026091523,2026-09-15 23:29:26
4050325600,20260915232500,0,37,0,21,2026091523,2026-09-15 23:29:26
4060344400,20260915232500,0,35,0,4,2026091523,2026-09-15 23:29:26
4060213200,20260915232500,0,31,0,9,2026091523,2026-09-15 23:29:26
4060129500,20260915232500,0,33,0,16,2026091523,2026-09-15 23:29:26
4050195300,20260915232500,0,33,0,14,2026091523,2026-09-15 23:29:26
4050333200,20260915232500,0,19,0,11,2026091523,2026-09-15 23:29:26
4050249500,20260915232500,0,30,0,13,2026091523,2026-09-15 23:29:26
4050202000,20260915232500,0,24,0,19,2026091523,2026-09-15 23:29:26
4050118300,20260915232500,0,24,0,18,2026091523,2026-09-15 23:29:26
4060131800,20260915232500,0,39,0,5,2026091523,2026-09-15 23:29:26
4060483200,20260915232500,0,22,0,21,2026091523,2026-09-15 23:29:26
4060352000,20260915232500,0,44,0,111,2026091523,2026-09-15 23:29:26
4060268300,20260915232500,0,39,0,33,2026091523,2026-09-15 23:29:26
4060137100,20260915232500,0,33,0,55,2026091523,2026-09-15 23:29:26
4050602300,20260915232500,0,14,0,58,2026091523,2026-09-15 23:29:26
4060400900,20260915232500,0,48,0,44,2026091523,2026-09-15 23:29:26
4060537401,20260915232500,0,47,0,18,2026091523,2026-09-15 23:29:26
4050251800,20260915232500,0,37,0,2,2026091523,2026-09-15 23:29:26
4060406200,20260915232500,0,36,0,298,2026091523,2026-09-15 23:29:26
4050120600,20260915232500,0,10,0,42,2026091523,2026-09-15 23:29:26
4050036900,20260915232500,0,37,0,60,2026091523,2026-09-15 23:29:26
4050472000,20260915232500,0,32,0,10,2026091523,2026-09-15 23:29:26
4050388300,20260915232500,0,30,0,24,2026091523,2026-09-15 23:29:26
4050257100,20260915232500,0,30,0,4,2026091523,2026-09-15 23:29:26
4060270600,20260915232500,0,40,0,20,2026091523,2026-09-15 23:29:26
4060186900,20260915232500,0,45,0,15,2026091523,2026-09-15 23:29:26
4060055700,20260915232500,0,30,0,5,2026091523,2026-09-15 23:29:26
4050520900,20260915232500,0,9,0,71,2026091523,2026-09-15 23:29:26
4050526200,20260915232500,0,31,0,23,2026091523,2026-09-15 23:29:26
4060324800,20260915232500,0,50,0,34,2026091523,2026-09-15 23:29:26
4050390600,20260915232500,0,33,0,54,2026091523,2026-09-15 23:29:26
4060109900,20260915232500,0,1,0,392,2026091523,2026-09-15 23:29:26
4050175700,20260915232500,0,24,0,93,2026091523,2026-09-15 23:29:26
4060194500,20260915232500,0,31,0,25,2026091523,2026-09-15 23:29:26
4050313600,20260915232500,0,44,0,7,2026091523,2026-09-15 23:29:26
4050229900,20260915232500,0,32,0,3,2026091523,2026-09-15 23:29:26
4060463600,20260915232500,0,34,0,19,2026091523,2026-09-15 23:29:26
4060248700,20260915232500,0,51,0,82,2026091523,2026-09-15 23:29:26
4060201200,20260915232500,0,49,0,2,2026091523,2026-09-15 23:29:26
4060117500,20260915232500,0,27,0,10,2026091523,2026-09-15 23:29:26
4050099600,20260915232500,0,11,0,99,2026091523,2026-09-15 23:29:26
4050583600,20260915232500,0,22,0,11,2026091523,2026-09-15 23:29:26
4050452400,20260915232500,0,32,0,57,2026091523,2026-09-15 23:29:26
4050321200,20260915232500,0,38,0,9,2026091523,2026-09-15 23:29:26
4050237500,20260915232500,0,30,0,13,2026091523,2026-09-15 23:29:26
4050106300,20260915232500,0,16,0,23,2026091523,2026-09-15 23:29:26
4060387500,20260915232500,0,31,0,28,2026091523,2026-09-15 23:29:26
4060340000,20260915232500,0,45,0,82,2026091523,2026-09-15 23:29:26
4060256300,20260915232500,0,54,0,60,2026091523,2026-09-15 23:29:26
4050591200,20260915232500,0,14,0,9,2026091523,2026-09-15 23:29:26
4060043700,20260915232500,0,18,0,68,2026091523,2026-09-15 23:29:26
4060395100,20260915232500,0,48,0,47,2026091523,2026-09-15 23:29:26
4060049000,20260915232500,0,49,0,13,2026091523,2026-09-15 23:29:26
4050514200,20260915232500,0,33,0,105,2026091523,2026-09-15 23:29:26
4060533001,20260915232500,0,47,0,156,2026091523,2026-09-15 23:29:26
4050294900,20260915232500,0,30,0,8,2026091523,2026-09-15 23:29:26
4050163700,20260915232500,0,24,0,47,2026091523,2026-09-15 23:29:26
4060318100,20260915232500,0,36,0,65,2026091523,2026-09-15 23:29:26
4050032500,20260915232500,0,18,0,174,2026091523,2026-09-15 23:29:26
4050169000,20260915232500,0,2,0,97,2026091523,2026-09-15 23:29:26
4060182500,20260915232500,0,34,0,20,2026091523,2026-09-15 23:29:26
4060051300,20260915232500,0,38,0,19,2026091523,2026-09-15 23:29:26
4050432800,20260915232500,0,59,0,28,2026091523,2026-09-15 23:29:26
4050301600,20260915232500,0,37,0,3,2026091523,2026-09-15 23:29:26
4050569300,20260915232500,0,55,0,25,2026091523,2026-09-15 23:29:26
4060367900,20260915232500,0,32,0,11,2026091523,2026-09-15 23:29:26
4060320400,20260915232500,0,52,0,43,2026091523,2026-09-15 23:29:26
4060236700,20260915232500,0,34,0,5,2026091523,2026-09-15 23:29:26
4060105500,20260915232500,0,31,0,4,2026091523,2026-09-15 23:29:26
4050171300,20260915232500,0,31,0,6,2026091523,2026-09-15 23:29:26
4060505800,20260915232500,0,34,0,76,2026091523,2026-09-15 23:29:26
4050571600,20260915232500,0,34,0,165,2026091523,2026-09-15 23:29:26
4050487900,20260915232500,0,36,0,23,2026091523,2026-09-15 23:29:26
4050440400,20260915232500,0,22,0,50,2026091523,2026-09-15 23:29:26
4050356700,20260915232500,0,40,0,15,2026091523,2026-09-15 23:29:26
4060375500,20260915232500,0,50,0,27,2026091523,2026-09-15 23:29:26
4060244300,20260915232500,0,37,0,58,2026091523,2026-09-15 23:29:26
4060113100,20260915232500,0,46,0,87,2026091523,2026-09-15 23:29:26
4060029400,20260915232500,0,21,0,3,2026091523,2026-09-15 23:29:26
4060513400,20260915232500,0,15,0,76,2026091523,2026-09-15 23:29:26
4060429700,20260915232500,0,36,0,13,2026091523,2026-09-15 23:29:26
4050233100,20260915232500,0,14,0,90,2026091523,2026-09-15 23:29:26
4060031700,20260915232500,0,22,0,71,2026091523,2026-09-15 23:29:26
4060383100,20260915232500,0,39,0,32,2026091523,2026-09-15 23:29:26
4060037000,20260915232500,0,10,0,16,2026091523,2026-09-15 23:29:26
4050549700,20260915232500,0,33,0,37,2026091523,2026-09-15 23:29:26
4050502200,20260915232500,0,6,0,103,2026091523,2026-09-15 23:29:26
4050418500,20260915232500,0,18,0,135,2026091523,2026-09-15 23:29:26
4060300800,20260915232500,0,5,0,31,2026091523,2026-09-15 23:29:26
4060262500,20260915232500,0,49,0,89,2026091523,2026-09-15 23:29:26
4060178800,20260915232500,0,14,0,51,2026091523,2026-09-15 23:29:26
4060131300,20260915232500,0,28,0,16,2026091523,2026-09-15 23:29:26
4060399000,20260915232500,0,33,0,69,2026091523,2026-09-15 23:29:26
4050512800,20260915232500,0,46,0,70,2026091523,2026-09-15 23:29:26
4050518100,20260915232500,0,43,0,8,2026091523,2026-09-15 23:29:26
4060531600,20260915232500,0,21,0,91,2026091523,2026-09-15 23:29:26
4060447900,20260915232500,0,39,0,9,2026091523,2026-09-15 23:29:26
4060316700,20260915232500,0,27,0,22,2026091523,2026-09-15 23:29:26
4050167602,20260915232500,0,12,0,89,2026091523,2026-09-15 23:29:26
4050298800,20260915232500,0,38,0,10,2026091523,2026-09-15 23:29:26
4050167601,20260915232500,0,25,0,30,2026091523,2026-09-15 23:29:26
4050251300,20260915232500,0,49,0,11,2026091523,2026-09-15 23:29:26
4050036401,20260915232500,0,43,0,127,2026091523,2026-09-15 23:29:26
4050120100,20260915232500,0,22,0,14,2026091523,2026-09-15 23:29:26
4060270100,20260915232500,0,39,0,32,2026091523,2026-09-15 23:29:26
4060186400,20260915232500,0,44,0,49,2026091523,2026-09-15 23:29:26
4060055200,20260915232500,0,46,0,36,2026091523,2026-09-15 23:29:26
4050567900,20260915232500,0,33,0,10,2026091523,2026-09-15 23:29:26
4050520400,20260915232500,0,46,0,67,2026091523,2026-09-15 23:29:26
4050436700,20260915232500,0,40,0,16,2026091523,2026-09-15 23:29:26
4050305500,20260915232500,0,34,0,9,2026091523,2026-09-15 23:29:26
4060455500,20260915232500,0,41,0,7,2026091523,2026-09-15 23:29:26
4050390100,20260915232500,0,53,0,202,2026091523,2026-09-15 23:29:26
4060109400,20260915232500,0,16,0,7,2026091523,2026-09-15 23:29:26
4050044000,20260915232500,0,16,0,32,2026091523,2026-09-15 23:29:26
4060194000,20260915232500,0,35,0,2,2026091523,2026-09-15 23:29:26
4060509700,20260915232500,0,34,0,27,2026091523,2026-09-15 23:29:26
4050575500,20260915232500,0,24,0,23,2026091523,2026-09-15 23:29:26
4050444300,20260915232500,0,33,0,15,2026091523,2026-09-15 23:29:26
4050313100,20260915232500,0,31,0,6,2026091523,2026-09-15 23:29:26
4050229400,20260915232500,0,18,0,63,2026091523,2026-09-15 23:29:26
4060111702,20260915232500,0,34,0,14,2026091523,2026-09-15 23:29:26
4060242900,20260915232500,0,27,0,28,2026091523,2026-09-15 23:29:26
4060111701,20260915232500,0,33,0,15,2026091523,2026-09-15 23:29:26
4060379400,20260915232500,0,25,0,24,2026091523,2026-09-15 23:29:26
4050093800,20260915232500,0,22,0,72,2026091523,2026-09-15 23:29:26
4060248200,20260915232500,0,49,0,39,2026091523,2026-09-15 23:29:26
4060117000,20260915232500,0,37,0,11,2026091523,2026-09-15 23:29:26
4050099100,20260915232500,0,5,0,51,2026091523,2026-09-15 23:29:26
4050231700,20260915232500,0,16,0,94,2026091523,2026-09-15 23:29:26
4050583100,20260915232500,0,13,0,27,2026091523,2026-09-15 23:29:26
4050100500,20260915232500,0,12,0,19,2026091523,2026-09-15 23:29:26
4050499400,20260915232500,0,25,0,10,2026091523,2026-09-15 23:29:26
4050368200,20260915232500,0,32,0,25,2026091523,2026-09-15 23:29:26
4050237000,20260915232500,0,37,0,4,2026091523,2026-09-15 23:29:26
4060381700,20260915232500,0,43,0,36,2026091523,2026-09-15 23:29:26
4060250500,20260915232500,0,47,0,67,2026091523,2026-09-15 23:29:26
4060035600,20260915232500,0,23,0,30,2026091523,2026-09-15 23:29:26
4060387000,20260915232500,0,50,0,31,2026091523,2026-09-15 23:29:26
4050500800,20260915232500,0,30,0,6,2026091523,2026-09-15 23:29:26
4050506100,20260915232500,0,44,0,98,2026091523,2026-09-15 23:29:26
4060435900,20260915232500,0,39,0,40,2026091523,2026-09-15 23:29:26
4060304700,20260915232500,0,39,0,22,2026091523,2026-09-15 23:29:26
4050370500,20260915232500,0,36,0,56,2026091523,2026-09-15 23:29:26
4050286800,20260915232500,0,50,0,48,2026091523,2026-09-15 23:29:26
4060043202,20260915232500,0,39,0,49,2026091523,2026-09-15 23:29:26
4060043201,20260915232500,0,10,0,22,2026091523,2026-09-15 23:29:26
4050555900,20260915232500,0,36,0,58,2026091523,2026-09-15 23:29:26
4050424700,20260915232500,0,49,0,138,2026091523,2026-09-15 23:29:26
4050209800,20260915232500,0,20,0,65,2026091523,2026-09-15 23:29:26
4060443500,20260915232500,0,62,0,46,2026091523,2026-09-15 23:29:26
4060359800,20260915232500,0,34,0,62,2026091523,2026-09-15 23:29:26
4060312300,20260915232500,0,34,0,19,2026091523,2026-09-15 23:29:26
4060228600,20260915232500,0,34,0,9,2026091523,2026-09-15 23:29:26
4050079500,20260915232500,0,21,0,18,2026091523,2026-09-15 23:29:26
4060182002,20260915232500,0,28,0,43,2026091523,2026-09-15 23:29:26
4060182001,20260915232500,0,32,0,12,2026091523,2026-09-15 23:29:26
4060098300,20260915232500,0,37,0,5,2026091523,2026-09-15 23:29:26
4050563500,20260915232500,0,51,0,145,2026091523,2026-09-15 23:29:26
4050348600,20260915232500,0,45,0,3,2026091523,2026-09-15 23:29:26
4050301100,20260915232500,0,53,0,3,2026091523,2026-09-15 23:29:26
4060230900,20260915232500,0,31,0,8,2026091523,2026-09-15 23:29:26
4060498600,20260915232500,0,31,0,65,2026091523,2026-09-15 23:29:26
4060451100,20260915232500,0,25,0,61,2026091523,2026-09-15 23:29:26
4060367400,20260915232500,0,27,0,14,2026091523,2026-09-15 23:29:26
4050081800,20260915232500,0,6,0,72,2026091523,2026-09-15 23:29:26
4060236200,20260915232500,0,34,0,4,2026091523,2026-09-15 23:29:26
4060105000,20260915232500,0,17,0,9,2026091523,2026-09-15 23:29:26
4050087100,20260915232500,0,24,0,8,2026091523,2026-09-15 23:29:26
4050350900,20260915232500,0,31,0,31,2026091523,2026-09-15 23:29:26
4060505300,20260915232500,0,50,0,80,2026091523,2026-09-15 23:29:26
4050487400,20260915232500,0,46,0,120,2026091523,2026-09-15 23:29:26
4050356200,20260915232500,0,38,0,10,2026091523,2026-09-15 23:29:26
4060423900,20260915232500,0,23,0,9,2026091523,2026-09-15 23:29:26
4050274800,20260915232500,0,34,0,64,2026091523,2026-09-15 23:29:26
4050143600,20260915232500,0,20,0,19,2026091523,2026-09-15 23:29:26
4060031200,20260915232500,0,34,0,36,2026091523,2026-09-15 23:29:26
4050549200,20260915232500,0,45,0,4,2026091523,2026-09-15 23:29:26
4060431500,20260915232500,0,37,0,7,2026091523,2026-09-15 23:29:26
4060347800,20260915232500,0,33,0,5,2026091523,2026-09-15 23:29:26
4060300300,20260915232500,0,66,0,22,2026091523,2026-09-15 23:29:26
4060216600,20260915232500,0,37,0,5,2026091523,2026-09-15 23:29:26
4050282400,20260915232500,0,50,0,43,2026091523,2026-09-15 23:29:26
4050198700,20260915232500,0,18,0,56,2026091523,2026-09-15 23:29:26
4050151200,20260915232500,0,19,0,6,2026091523,2026-09-15 23:29:26
4050067500,20260915232500,0,15,0,29,2026091523,2026-09-15 23:29:26
4060170004,20260915232500,0,37,0,19,2026091523,2026-09-15 23:29:26
4060170003,20260915232500,0,43,0,11,2026091523,2026-09-15 23:29:26
4060170001,20260915232500,0,37,0,7,2026091523,2026-09-15 23:29:26
4060086300,20260915232500,0,6,0,79,2026091523,2026-09-15 23:29:26
4050467800,20260915232500,0,38,0,20,2026091523,2026-09-15 23:29:26
4050420300,20260915232500,0,21,0,165,2026091523,2026-09-15 23:29:26
4050336600,20260915232500,0,40,0,3,2026091523,2026-09-15 23:29:26
4050205400,20260915232500,0,19,0,54,2026091523,2026-09-15 23:29:26
4060486600,20260915232500,0,39,0,176,2026091523,2026-09-15 23:29:26
4050282900,20260915232500,0,36,0,20,2026091523,2026-09-15 23:29:26
4060521000,20260915232500,0,5,0,44,2026091523,2026-09-15 23:29:26
4060437300,20260915232500,0,37,0,34,2026091523,2026-09-15 23:29:26
4050151700,20260915232500,0,9,0,95,2026091523,2026-09-15 23:29:26
4050288200,20260915232500,0,26,0,35,2026091523,2026-09-15 23:29:26
4050157000,20260915232500,0,19,0,60,2026091523,2026-09-15 23:29:26
4060086800,20260915232500,0,22,0,11,2026091523,2026-09-15 23:29:26
4050205906,20260915232500,0,34,0,3,2026091523,2026-09-15 23:29:26
4050205905,20260915232500,0,34,0,40,2026091523,2026-09-15 23:29:26
4050205904,20260915232500,0,4,0,76,2026091523,2026-09-15 23:29:26
4050205902,20260915232500,0,33,0,12,2026091523,2026-09-15 23:29:26
4060355900,20260915232500,0,33,0,4,2026091523,2026-09-15 23:29:26
4060224700,20260915232500,0,42,0,9,2026091523,2026-09-15 23:29:26
4050290500,20260915232500,0,22,0,59,2026091523,2026-09-15 23:29:26
4050075600,20260915232500,0,23,0,11,2026091523,2026-09-15 23:29:26
4060094400,20260915232500,0,16,0,13,2026091523,2026-09-15 23:29:26
4050344700,20260915232500,0,44,0,8,2026091523,2026-09-15 23:29:26
4050213500,20260915232500,0,17,0,12,2026091523,2026-09-15 23:29:26
4050129800,20260915232500,0,39,0,14,2026091523,2026-09-15 23:29:26
4060494700,20260915232500,0,25,0,5,2026091523,2026-09-15 23:29:26
4060363500,20260915232500,0,26,0,5,2026091523,2026-09-15 23:29:26
4060232300,20260915232500,0,23,0,42,2026091523,2026-09-15 23:29:26
4060101100,20260915232500,0,7,0,34,2026091523,2026-09-15 23:29:26
4060017400,20260915232500,0,42,0,10,2026091523,2026-09-15 23:29:26
4050083200,20260915232500,0,18,0,26,2026091523,2026-09-15 23:29:26
4060501400,20260915232500,0,38,0,154,2026091523,2026-09-15 23:29:26
4050483500,20260915232500,0,19,0,67,2026091523,2026-09-15 23:29:26
4050352300,20260915232500,0,39,0,53,2026091523,2026-09-15 23:29:26
4050268600,20260915232500,0,34,0,3,2026091523,2026-09-15 23:29:26
4050221100,20260915232500,0,64,0,78,2026091523,2026-09-15 23:29:26
4050137400,20260915232500,0,6,0,46,2026091523,2026-09-15 23:29:26
4060371100,20260915232500,0,29,0,63,2026091523,2026-09-15 23:29:26
4050270900,20260915232500,0,37,0,9,2026091523,2026-09-15 23:29:26
4060425300,20260915232500,0,42,0,171,2026091523,2026-09-15 23:29:26
4050491100,20260915232500,0,22,0,9,2026091523,2026-09-15 23:29:26
4050276200,20260915232500,0,24,0,40,2026091523,2026-09-15 23:29:26
4050145000,20260915232500,0,3,0,78,2026091523,2026-09-15 23:29:26
4060074800,20260915232500,0,34,0,12,2026091523,2026-09-15 23:29:26
4060343900,20260915232500,0,35,0,25,2026091523,2026-09-15 23:29:26
4060212700,20260915232500,0,40,0,12,2026091523,2026-09-15 23:29:26
4050194800,20260915232500,0,26,0,18,2026091523,2026-09-15 23:29:26
4060349200,20260915232500,0,26,0,19,2026091523,2026-09-15 23:29:26
4060218000,20260915232500,0,53,0,11,2026091523,2026-09-15 23:29:26
4060082400,20260915232500,0,15,0,17,2026091523,2026-09-15 23:29:26
4050463900,20260915232500,0,26,0,14,2026091523,2026-09-15 23:29:26
4050332700,20260915232500,0,44,0,6,2026091523,2026-09-15 23:29:26
4050117800,20260915232500,0,16,0,26,2026091523,2026-09-15 23:29:26
4050469200,20260915232500,0,49,0,84,2026091523,2026-09-15 23:29:26
4050338000,20260915232500,0,38,0,5,2026091523,2026-09-15 23:29:26
4060482700,20260915232500,0,39,0,20,2026091523,2026-09-15 23:29:26
4060351500,20260915232500,0,45,0,42,2026091523,2026-09-15 23:29:26
4060136602,20260915232500,0,27,0,14,2026091523,2026-09-15 23:29:26
4060267800,20260915232500,0,32,0,69,2026091523,2026-09-15 23:29:26
4060136601,20260915232500,0,22,0,28,2026091523,2026-09-15 23:29:26
4060220300,20260915232500,0,58,0,39,2026091523,2026-09-15 23:29:26
4050601800,20260915232500,0,31,0,70,2026091523,2026-09-15 23:29:26
4050071200,20260915232500,0,4,0,66,2026091523,2026-09-15 23:29:26
4060090002,20260915232500,0,40,0,42,2026091523,2026-09-15 23:29:26
4060090001,20260915232500,0,37,0,32,2026091523,2026-09-15 23:29:26
4060536901,20260915232500,0,47,0,7,2026091523,2026-09-15 23:29:26
4060405700,20260915232500,0,44,0,167,2026091523,2026-09-15 23:29:26
4050471500,20260915232500,0,45,0,2,2026091523,2026-09-15 23:29:26
4050387800,20260915232500,0,47,0,4,2026091523,2026-09-15 23:29:26
4050340300,20260915232500,0,17,0,12,2026091523,2026-09-15 23:29:26
4050256600,20260915232500,0,33,0,4,2026091523,2026-09-15 23:29:26
4050125400,20260915232500,0,22,0,35,2026091523,2026-09-15 23:29:26
4060490300,20260915232500,0,44,0,6,2026091523,2026-09-15 23:29:26
4060275400,20260915232500,0,36,0,6,2026091523,2026-09-15 23:29:26
4050525700,20260915232500,0,32,0,46,2026091523,2026-09-15 23:29:26
4050264200,20260915232500,0,34,0,4,2026091523,2026-09-15 23:29:26
4050133000,20260915232500,0,16,0,83,2026091523,2026-09-15 23:29:26
4060062800,20260915232500,0,35,0,7,2026091523,2026-09-15 23:29:26
4060199300,20260915232500,0,32,0,83,2026091523,2026-09-15 23:29:26
4050449600,20260915232500,0,33,0,25,2026091523,2026-09-15 23:29:26
4050402100,20260915232500,0,32,0,14,2026091523,2026-09-15 23:29:26
4050318400,20260915232500,0,42,0,6,2026091523,2026-09-15 23:29:26
4060200700,20260915232500,0,33,0,38,2026091523,2026-09-15 23:29:26
4060468400,20260915232500,0,38,0,14,2026091523,2026-09-15 23:29:26
4050182800,20260915232500,0,24,0,61,2026091523,2026-09-15 23:29:26
4060337200,20260915232500,0,40,0,36,2026091523,2026-09-15 23:29:26
4050051600,20260915232500,0,13,0,25,2026091523,2026-09-15 23:29:26
4060206000,20260915232500,0,44,0,3,2026091523,2026-09-15 23:29:26
4050188100,20260915232500,0,27,0,11,2026091523,2026-09-15 23:29:26
4060070400,20260915232500,0,17,0,14,2026091523,2026-09-15 23:29:26
4050320700,20260915232500,0,30,0,12,2026091523,2026-09-15 23:29:26
4050588400,20260915232500,0,65,0,44,2026091523,2026-09-15 23:29:26
4050105800,20260915232500,0,13,0,34,2026091523,2026-09-15 23:29:26
4050326000,20260915232500,0,40,0,22,2026091523,2026-09-15 23:29:26
4060255800,20260915232500,0,38,0,29,2026091523,2026-09-15 23:29:26
4050190402,20260915232500,0,24,0,14,2026091523,2026-09-15 23:29:26
4060124600,20260915232500,0,30,0,14,2026091523,2026-09-15 23:29:26
4050190401,20260915232500,0,24,0,20,2026091523,2026-09-15 23:29:26
4060524900,20260915232500,0,48,0,181,2026091523,2026-09-15 23:29:26
4050590700,20260915232500,0,23,0,20,2026091523,2026-09-15 23:29:26
4050375800,20260915232500,0,54,0,137,2026091523,2026-09-15 23:29:26
4060394600,20260915232500,0,16,0,60,2026091523,2026-09-15 23:29:26
4060179702,20260915232500,0,22,0,20,2026091523,2026-09-15 23:29:26
4060179701,20260915232500,0,17,0,23,2026091523,2026-09-15 23:29:26
4060263400,20260915232500,0,39,0,59,2026091523,2026-09-15 23:29:26
4060132200,20260915232500,0,22,0,14,2026091523,2026-09-15 23:29:26
4060048500,20260915232500,0,35,0,18,2026091523,2026-09-15 23:29:26
4050513700,20260915232500,0,32,0,27,2026091523,2026-09-15 23:29:26
4060448800,20260915232500,0,20,0,33,2026091523,2026-09-15 23:29:26
4060401300,20260915232500,0,49,0,43,2026091523,2026-09-15 23:29:26
4050383400,20260915232500,0,21,0,13,2026091523,2026-09-15 23:29:26
4050299700,20260915232500,0,38,0,10,2026091523,2026-09-15 23:29:26
4050252200,20260915232500,0,33,0,11,2026091523,2026-09-15 23:29:26
4050121000,20260915232500,0,15,0,28,2026091523,2026-09-15 23:29:26
4050037300,20260915232500,0,49,0,125,2026091523,2026-09-15 23:29:26
4060050800,20260915232500,0,31,0,58,2026091523,2026-09-15 23:29:26
4060271000,20260915232500,0,49,0,63,2026091523,2026-09-15 23:29:26
4060056102,20260915232500,0,39,0,104,2026091523,2026-09-15 23:29:26
4060187300,20260915232500,0,35,0,15,2026091523,2026-09-15 23:29:26
4060056101,20260915232500,0,39,0,11,2026091523,2026-09-15 23:29:26
4050568800,20260915232500,0,51,0,137,2026091523,2026-09-15 23:29:26
4050521300,20260915232500,0,6,0,43,2026091523,2026-09-15 23:29:26
4050306400,20260915232500,0,45,0,27,2026091523,2026-09-15 23:29:26
4060325200,20260915232500,0,36,0,77,2026091523,2026-09-15 23:29:26
4050176103,20260915232500,0,22,0,4,2026091523,2026-09-15 23:29:26
4050391000,20260915232500,0,43,0,23,2026091523,2026-09-15 23:29:26
4050176102,20260915232500,0,25,0,10,2026091523,2026-09-15 23:29:26
4050176101,20260915232500,0,22,0,13,2026091523,2026-09-15 23:29:26
4050445200,20260915232500,0,54,0,12,2026091523,2026-09-15 23:29:26
4050314000,20260915232500,0,38,0,23,2026091523,2026-09-15 23:29:26
4060243800,20260915232500,0,37,0,15,2026091523,2026-09-15 23:29:26
4060112600,20260915232500,0,35,0,8,2026091523,2026-09-15 23:29:26
4060464000,20260915232500,0,44,0,106,2026091523,2026-09-15 23:29:26
4050094700,20260915232500,0,3,0,64,2026091523,2026-09-15 23:29:26
4060249100,20260915232500,0,37,0,12,2026091523,2026-09-15 23:29:26
4050363800,20260915232500,0,43,0,193,2026091523,2026-09-15 23:29:26
4050232600,20260915232500,0,23,0,36,2026091523,2026-09-15 23:29:26
4050584000,20260915232500,0,32,0,5,2026091523,2026-09-15 23:29:26
4050101400,20260915232500,0,19,0,28,2026091523,2026-09-15 23:29:26
4050369100,20260915232500,0,46,0,52,2026091523,2026-09-15 23:29:26
4060382600,20260915232500,0,40,0,18,2026091523,2026-09-15 23:29:26
4060298900,20260915232500,0,45,0,25,2026091523,2026-09-15 23:29:26
4060251400,20260915232500,0,47,0,66,2026091523,2026-09-15 23:29:26
4060120200,20260915232500,0,36,0,9,2026091523,2026-09-15 23:29:26
4050501700,20260915232500,0,33,0,7,2026091523,2026-09-15 23:29:26
4050507000,20260915232500,0,31,0,57,2026091523,2026-09-15 23:29:26
4060520500,20260915232500,0,4,0,73,2026091523,2026-09-15 23:29:26
4060305600,20260915232500,0,33,0,25,2026091523,2026-09-15 23:29:26
4050287700,20260915232500,0,23,0,33,2026091523,2026-09-15 23:29:26
4050240200,20260915232500,0,33,0,11,2026091523,2026-09-15 23:29:26
4060390200,20260915232500,0,51,0,8,2026091523,2026-09-15 23:29:26
4050556800,20260915232500,0,48,0,100,2026091523,2026-09-15 23:29:26
4060229500,20260915232500,0,7,0,96,2026091523,2026-09-15 23:29:26
4050295300,20260915232500,0,36,0,182,2026091523,2026-09-15 23:29:26
4050164100,20260915232500,0,18,0,8,2026091523,2026-09-15 23:29:26
4060093900,20260915232500,0,1,0,176,2026091523,2026-09-15 23:29:26
4050564400,20260915232500,0,32,0,12,2026091523,2026-09-15 23:29:26
4050349500,20260915232500,0,33,0,5,2026091523,2026-09-15 23:29:26
4050302000,20260915232500,0,28,0,15,2026091523,2026-09-15 23:29:26
4060231800,20260915232500,0,34,0,18,2026091523,2026-09-15 23:29:26
4060100600,20260915232500,0,30,0,4,2026091523,2026-09-15 23:29:26
4060368300,20260915232500,0,16,0,14,2026091523,2026-09-15 23:29:26
4050082700,20260915232500,0,15,0,30,2026091523,2026-09-15 23:29:26
4060237100,20260915232500,0,36,0,35,2026091523,2026-09-15 23:29:26
4050088000,20260915232500,0,9,0,88,2026091523,2026-09-15 23:29:26
4050351800,20260915232500,0,25,0,29,2026091523,2026-09-15 23:29:26
4060506200,20260915232500,0,74,0,54,2026091523,2026-09-15 23:29:26
4050488300,20260915232500,0,57,0,108,2026091523,2026-09-15 23:29:26
4050357100,20260915232500,0,38,0,13,2026091523,2026-09-15 23:29:26
4060370600,20260915232500,0,37,0,10,2026091523,2026-09-15 23:29:26
4060155700,20260915232500,0,53,0,100,2026091523,2026-09-15 23:29:26
4060424800,20260915232500,0,25,0,8,2026091523,2026-09-15 23:29:26
4050490600,20260915232500,0,52,0,16,2026091523,2026-09-15 23:29:26
4060209900,20260915232500,0,34,0,17,2026091523,2026-09-15 23:29:26
4050275700,20260915232500,0,35,0,13,2026091523,2026-09-15 23:29:26
4050144500,20260915232500,0,19,0,13,2026091523,2026-09-15 23:29:26
4060032102,20260915232500,0,11,0,70,2026091523,2026-09-15 23:29:26
4060032101,20260915232500,0,16,0,41,2026091523,2026-09-15 23:29:26
4060079600,20260915232500,0,15,0,19,2026091523,2026-09-15 23:29:26
4050329900,20260915232500,0,38,0,10,2026091523,2026-09-15 23:29:26
4060479900,20260915232500,0,39,0,24,2026091523,2026-09-15 23:29:26
4060432400,20260915232500,0,39,0,20,2026091523,2026-09-15 23:29:26
4060348700,20260915232500,0,39,0,48,2026091523,2026-09-15 23:29:26
4060301200,20260915232500,0,36,0,13,2026091523,2026-09-15 23:29:26
4060217500,20260915232500,0,44,0,13,2026091523,2026-09-15 23:29:26
4050283300,20260915232500,0,24,0,8,2026091523,2026-09-15 23:29:26
4050199600,20260915232500,0,27,0,10,2026091523,2026-09-15 23:29:26
4050068400,20260915232500,0,15,0,38,2026091523,2026-09-15 23:29:26
4060081900,20260915232500,0,14,0,24,2026091523,2026-09-15 23:29:26
4060087200,20260915232500,0,19,0,8,2026091523,2026-09-15 23:29:26
4050599900,20260915232500,0,43,0,122,2026091523,2026-09-15 23:29:26
4050552400,20260915232500,0,24,0,21,2026091523,2026-09-15 23:29:26
4050468700,20260915232500,0,53,0,28,2026091523,2026-09-15 23:29:26
4050337500,20260915232500,0,37,0,1,2026091523,2026-09-15 23:29:26
4060487500,20260915232500,0,21,0,51,2026091523,2026-09-15 23:29:26
4060356300,20260915232500,0,32,0,44,2026091523,2026-09-15 23:29:26
4060225100,20260915232500,0,28,0,47,2026091523,2026-09-15 23:29:26
4050606600,20260915232500,0,33,0,249,2026091523,2026-09-15 23:29:26
4050560000,20260915232500,0,34,0,14,2026091523,2026-09-15 23:29:26
4050345100,20260915232500,0,46,0,26,2026091523,2026-09-15 23:29:26
4060412800,20260915232500,0,40,0,42,2026091523,2026-09-15 23:29:26
4050394900,20260915232500,0,71,0,1,2026091523,2026-09-15 23:29:26
4050263700,20260915232500,0,27,0,27,2026091523,2026-09-15 23:29:26
4050132500,20260915232500,0,26,0,23,2026091523,2026-09-15 23:29:26
4050269000,20260915232500,0,29,0,14,2026091523,2026-09-15 23:29:26
4060198800,20260915232500,0,42,0,3,2026091523,2026-09-15 23:29:26
4060067600,20260915232500,0,26,0,19,2026091523,2026-09-15 23:29:26
4050401600,20260915232500,0,60,0,35,2026091523,2026-09-15 23:29:26
4050317900,20260915232500,0,45,0,19,2026091523,2026-09-15 23:29:26
4050538100,20260915232500,0,11,0,32,2026091523,2026-09-15 23:29:26
4060467900,20260915232500,0,35,0,41,2026091523,2026-09-15 23:29:26
4060420400,20260915232500,0,33,0,51,2026091523,2026-09-15 23:29:26
4060336700,20260915232500,0,36,0,19,2026091523,2026-09-15 23:29:26
4060205500,20260915232500,0,48,0,4,2026091523,2026-09-15 23:29:26
4050271300,20260915232500,0,28,0,8,2026091523,2026-09-15 23:29:26
4050140100,20260915232500,0,23,0,6,2026091523,2026-09-15 23:29:26
4050056400,20260915232500,0,25,0,13,2026091523,2026-09-15 23:29:26
4050456700,20260915232500,0,27,0,21,2026091523,2026-09-15 23:29:26
4050325500,20260915232500,0,40,0,13,2026091523,2026-09-15 23:29:26
4060344300,20260915232500,0,6,0,78,2026091523,2026-09-15 23:29:26
4060213100,20260915232500,0,35,0,10,2026091523,2026-09-15 23:29:26
4060129400,20260915232500,0,22,0,9,2026091523,2026-09-15 23:29:26
4050112900,20260915232500,0,1,0,421,2026091523,2026-09-15 23:29:26
4050464300,20260915232500,0,9,0,89,2026091523,2026-09-15 23:29:26
4050333100,20260915232500,0,31,0,7,2026091523,2026-09-15 23:29:26
4050249400,20260915232500,0,48,0,8,2026091523,2026-09-15 23:29:26
4050118200,20260915232500,0,26,0,13,2026091523,2026-09-15 23:29:26
4060262900,20260915232500,0,29,0,126,2026091523,2026-09-15 23:29:26
4060131700,20260915232500,0,31,0,6,2026091523,2026-09-15 23:29:26
4060483100,20260915232500,0,33,0,14,2026091523,2026-09-15 23:29:26
4060137002,20260915232500,0,32,0,17,2026091523,2026-09-15 23:29:26
4060268200,20260915232500,0,39,0,34,2026091523,2026-09-15 23:29:26
4060137001,20260915232500,0,39,0,117,2026091523,2026-09-15 23:29:26
4050602200,20260915232500,0,19,0,45,2026091523,2026-09-15 23:29:26
4050518500,20260915232500,0,33,0,141,2026091523,2026-09-15 23:29:26
4060400800,20260915232500,0,47,0,45,2026091523,2026-09-15 23:29:26
4050382900,20260915232500,0,49,0,59,2026091523,2026-09-15 23:29:26
4060537301,20260915232500,0,49,0,17,2026091523,2026-09-15 23:29:26
4050251700,20260915232500,0,40,0,55,2026091523,2026-09-15 23:29:26
4050036802,20260915232500,0,37,0,62,2026091523,2026-09-15 23:29:26
4050120500,20260915232500,0,18,0,23,2026091523,2026-09-15 23:29:26
4050388200,20260915232500,0,33,0,22,2026091523,2026-09-15 23:29:26
4050257000,20260915232500,0,33,0,4,2026091523,2026-09-15 23:29:26
4060270500,20260915232500,0,46,0,15,2026091523,2026-09-15 23:29:26
4060186800,20260915232500,0,33,0,18,2026091523,2026-09-15 23:29:26
4060055600,20260915232500,0,37,0,3,2026091523,2026-09-15 23:29:26
4050520800,20260915232500,0,35,0,18,2026091523,2026-09-15 23:29:26
4050305900,20260915232500,0,37,0,4,2026091523,2026-09-15 23:29:26
4050526100,20260915232500,0,31,0,186,2026091523,2026-09-15 23:29:26
4060455900,20260915232500,0,32,0,24,2026091523,2026-09-15 23:29:26
4060324700,20260915232500,0,51,0,34,2026091523,2026-09-15 23:29:26
4050390500,20260915232500,0,30,0,144,2026091523,2026-09-15 23:29:26
4060109800,20260915232500,0,15,0,14,2026091523,2026-09-15 23:29:26
4060194400,20260915232500,0,32,0,25,2026091523,2026-09-15 23:29:26
4050444700,20260915232500,0,40,0,11,2026091523,2026-09-15 23:29:26
4050313500,20260915232500,0,49,0,7,2026091523,2026-09-15 23:29:26
4050229800,20260915232500,0,26,0,4,2026091523,2026-09-15 23:29:26
4060463500,20260915232500,0,29,0,24,2026091523,2026-09-15 23:29:26
4060248600,20260915232500,0,52,0,81,2026091523,2026-09-15 23:29:26
4060201100,20260915232500,0,40,0,2,2026091523,2026-09-15 23:29:26
4050099500,20260915232500,0,13,0,84,2026091523,2026-09-15 23:29:26
4050583500,20260915232500,0,31,0,5,2026091523,2026-09-15 23:29:26
4050100900,20260915232500,0,7,0,152,2026091523,2026-09-15 23:29:26
4050321100,20260915232500,0,33,0,9,2026091523,2026-09-15 23:29:26
4050237400,20260915232500,0,33,0,11,2026091523,2026-09-15 23:29:26
4050106200,20260915232500,0,10,0,42,2026091523,2026-09-15 23:29:26
4060387400,20260915232500,0,26,0,34,2026091523,2026-09-15 23:29:26
4060256200,20260915232500,0,43,0,73,2026091523,2026-09-15 23:29:26
4060125000,20260915232500,0,35,0,22,2026091523,2026-09-15 23:29:26
4050370900,20260915232500,0,10,0,96,2026091523,2026-09-15 23:29:26
4050591100,20260915232500,0,11,0,71,2026091523,2026-09-15 23:29:26
4060043600,20260915232500,0,29,0,40,2026091523,2026-09-15 23:29:26
4060395000,20260915232500,0,42,0,54,2026091523,2026-09-15 23:29:26
4050514100,20260915232500,0,39,0,1,2026091523,2026-09-15 23:29:26
4060443900,20260915232500,0,32,0,18,2026091523,2026-09-15 23:29:26
4050294800,20260915232500,0,32,0,7,2026091523,2026-09-15 23:29:26
4050163600,20260915232500,0,11,0,36,2026091523,2026-09-15 23:29:26
4050079900,20260915232500,0,14,0,32,2026091523,2026-09-15 23:29:26
4060318000,20260915232500,0,34,0,4,2026091523,2026-09-15 23:29:26
4050032400,20260915232500,0,31,0,25,2026091523,2026-09-15 23:29:26
4060182400,20260915232500,0,32,0,21,2026091523,2026-09-15 23:29:26
4060051200,20260915232500,0,37,0,19,2026091523,2026-09-15 23:29:26
4050563900,20260915232500,0,45,0,123,2026091523,2026-09-15 23:29:26
4050301500,20260915232500,0,34,0,5,2026091523,2026-09-15 23:29:26
4050569200,20260915232500,0,55,0,25,2026091523,2026-09-15 23:29:26
4060367800,20260915232500,0,45,0,99,2026091523,2026-09-15 23:29:26
4060320300,20260915232500,0,53,0,42,2026091523,2026-09-15 23:29:26
4060236600,20260915232500,0,38,0,4,2026091523,2026-09-15 23:29:26
4060105400,20260915232500,0,22,0,7,2026091523,2026-09-15 23:29:26
4050171200,20260915232500,0,25,0,9,2026091523,2026-09-15 23:29:26
4060505700,20260915232500,0,18,0,144,2026091523,2026-09-15 23:29:26
4050571500,20260915232500,0,17,0,76,2026091523,2026-09-15 23:29:26
4050487800,20260915232500,0,35,0,24,2026091523,2026-09-15 23:29:26
4050356600,20260915232500,0,43,0,12,2026091523,2026-09-15 23:29:26
4060375400,20260915232500,0,37,0,36,2026091523,2026-09-15 23:29:26
4060244200,20260915232500,0,50,0,43,2026091523,2026-09-15 23:29:26
4060113000,20260915232500,0,35,0,99,2026091523,2026-09-15 23:29:26
4060029300,20260915232500,0,6,0,12,2026091523,2026-09-15 23:29:26
4060513300,20260915232500,0,39,0,29,2026091523,2026-09-15 23:29:26
4060429600,20260915232500,0,33,0,5,2026091523,2026-09-15 23:29:26
4050233000,20260915232500,0,44,0,27,2026091523,2026-09-15 23:29:26
4060031602,20260915232500,0,13,0,42,2026091523,2026-09-15 23:29:26
4060031601,20260915232500,0,17,0,24,2026091523,2026-09-15 23:29:26
4060383000,20260915232500,0,54,0,22,2026091523,2026-09-15 23:29:26
4060299300,20260915232500,0,35,0,32,2026091523,2026-09-15 23:29:26
4050549600,20260915232500,0,33,0,38,2026091523,2026-09-15 23:29:26
4050502100,20260915232500,0,12,0,40,2026091523,2026-09-15 23:29:26
4050418400,20260915232500,0,48,0,50,2026091523,2026-09-15 23:29:26
4060300700,20260915232500,0,16,0,102,2026091523,2026-09-15 23:29:26
4050282800,20260915232500,0,40,0,18,2026091523,2026-09-15 23:29:26
4050151600,20260915232500,0,29,0,28,2026091523,2026-09-15 23:29:26
4050067900,20260915232500,0,17,0,20,2026091523,2026-09-15 23:29:26
4060306000,20260915232500,0,55,0,112,2026091523,2026-09-15 23:29:26
4050288100,20260915232500,0,28,0,3,2026091523,2026-09-15 23:29:26
4060086700,20260915232500,0,3,0,57,2026091523,2026-09-15 23:29:26
4050551900,20260915232500,0,25,0,7,2026091523,2026-09-15 23:29:26
4050205800,20260915232500,0,11,0,28,2026091523,2026-09-15 23:29:26
4060355800,20260915232500,0,35,0,4,2026091523,2026-09-15 23:29:26
4060224600,20260915232500,0,49,0,8,2026091523,2026-09-15 23:29:26
4050290400,20260915232500,0,27,0,47,2026091523,2026-09-15 23:29:26
4050075500,20260915232500,0,4,0,64,2026091523,2026-09-15 23:29:26
4060094300,20260915232500,0,31,0,6,2026091523,2026-09-15 23:29:26
4050344600,20260915232500,0,42,0,8,2026091523,2026-09-15 23:29:26
4050213400,20260915232500,0,40,0,19,2026091523,2026-09-15 23:29:26
4050129700,20260915232500,0,45,0,12,2026091523,2026-09-15 23:29:26
4060494600,20260915232500,0,43,0,5,2026091523,2026-09-15 23:29:26
4060363400,20260915232500,0,39,0,16,2026091523,2026-09-15 23:29:26
4060232200,20260915232500,0,23,0,42,2026091523,2026-09-15 23:29:26
4060101000,20260915232500,0,21,0,11,2026091523,2026-09-15 23:29:26
4060017300,20260915232500,0,45,0,9,2026091523,2026-09-15 23:29:26
4050083100,20260915232500,0,32,0,14,2026091523,2026-09-15 23:29:26
4050613700,20260915232500,0,41,0,61,2026091523,2026-09-15 23:29:26
4060501300,20260915232500,0,27,0,223,2026091523,2026-09-15 23:29:26
4050483400,20260915232500,0,21,0,61,2026091523,2026-09-15 23:29:26
4050352200,20260915232500,0,37,0,56,2026091523,2026-09-15 23:29:26
4050268500,20260915232500,0,33,0,6,2026091523,2026-09-15 23:29:26
4050221000,20260915232500,5,34,0,146,2026091523,2026-09-15 23:29:26
4050137300,20260915232500,0,7,0,40,2026091523,2026-09-15 23:29:26
4060371000,20260915232500,0,7,0,58,2026091523,2026-09-15 23:29:26
4060156100,20260915232500,0,59,0,45,2026091523,2026-09-15 23:29:26
4050270800,20260915232500,0,39,0,9,2026091523,2026-09-15 23:29:26
4060425200,20260915232500,0,45,0,159,2026091523,2026-09-15 23:29:26
4050055900,20260915232500,0,24,0,12,2026091523,2026-09-15 23:29:26
4050491000,20260915232500,0,28,0,7,2026091523,2026-09-15 23:29:26
4050276100,20260915232500,0,31,0,12,2026091523,2026-09-15 23:29:26
4060074700,20260915232500,0,30,0,24,2026091523,2026-09-15 23:29:26
4060343800,20260915232500,0,28,0,32,2026091523,2026-09-15 23:29:26
4060212600,20260915232500,0,47,0,10,2026091523,2026-09-15 23:29:26
4050194700,20260915232500,0,30,0,15,2026091523,2026-09-15 23:29:26
4060349100,20260915232500,0,34,0,15,2026091523,2026-09-15 23:29:26
4060082300,20260915232500,0,8,0,26,2026091523,2026-09-15 23:29:26
4050463800,20260915232500,0,53,0,7,2026091523,2026-09-15 23:29:26
4050332600,20260915232500,0,37,0,7,2026091523,2026-09-15 23:29:26
4050248900,20260915232500,0,38,0,29,2026091523,2026-09-15 23:29:26
4050201400,20260915232500,0,33,0,2,2026091523,2026-09-15 23:29:26
4050117700,20260915232500,0,5,0,85,2026091523,2026-09-15 23:29:26
4050469100,20260915232500,0,32,0,56,2026091523,2026-09-15 23:29:26
4060351400,20260915232500,0,30,0,62,2026091523,2026-09-15 23:29:26
4060136502,20260915232500,0,25,0,24,2026091523,2026-09-15 23:29:26
4060267700,20260915232500,0,14,0,95,2026091523,2026-09-15 23:29:26
4060136501,20260915232500,0,30,0,12,2026091523,2026-09-15 23:29:26
4060220200,20260915232500,0,51,0,45,2026091523,2026-09-15 23:29:26
4050071100,20260915232500,0,43,0,6,2026091523,2026-09-15 23:29:26
4050601700,20260915232500,0,67,0,22,2026091523,2026-09-15 23:29:26
4060536801,20260915232500,0,43,0,18,2026091523,2026-09-15 23:29:26
4060405600,20260915232500,0,42,0,173,2026091523,2026-09-15 23:29:26
4050471400,20260915232500,0,45,0,2,2026091523,2026-09-15 23:29:26
4050340200,20260915232500,0,15,0,13,2026091523,2026-09-15 23:29:26
4050256500,20260915232500,0,35,0,4,2026091523,2026-09-15 23:29:26
4050125300,20260915232500,0,6,0,122,2026091523,2026-09-15 23:29:26
4060490200,20260915232500,0,47,0,3,2026091523,2026-09-15 23:29:26
4060275300,20260915232500,0,33,0,7,2026091523,2026-09-15 23:29:26
4050525600,20260915232500,0,32,0,46,2026091523,2026-09-15 23:29:26
4060413200,20260915232500,0,44,0,3,2026091523,2026-09-15 23:29:26
4050043900,20260915232500,0,18,0,29,2026091523,2026-09-15 23:29:26
4050395300,20260915232500,0,56,0,37,2026091523,2026-09-15 23:29:26
4050264100,20260915232500,0,35,0,35,2026091523,2026-09-15 23:29:26
4060193900,20260915232500,0,37,0,32,2026091523,2026-09-15 23:29:26
4060062700,20260915232500,0,10,0,36,2026091523,2026-09-15 23:29:26
4060199200,20260915232500,0,35,0,75,2026091523,2026-09-15 23:29:26
4050449500,20260915232500,0,7,0,14,2026091523,2026-09-15 23:29:26
4050402000,20260915232500,0,31,0,15,2026091523,2026-09-15 23:29:26
4050318300,20260915232500,0,17,0,18,2026091523,2026-09-15 23:29:26
4060200600,20260915232500,0,33,0,38,2026091523,2026-09-15 23:29:26
4060116900,20260915232500,0,38,0,10,2026091523,2026-09-15 23:29:26
4060468300,20260915232500,0,40,0,13,2026091523,2026-09-15 23:29:26
4050182700,20260915232500,0,22,0,63,2026091523,2026-09-15 23:29:26
4060337100,20260915232500,0,72,0,57,2026091523,2026-09-15 23:29:26
4050051500,20260915232500,0,15,0,19,2026091523,2026-09-15 23:29:26
4050188000,20260915232500,0,5,0,92,2026091523,2026-09-15 23:29:26
4060070300,20260915232500,0,15,0,27,2026091523,2026-09-15 23:29:26
4050320600,20260915232500,0,45,0,8,2026091523,2026-09-15 23:29:26
4050236900,20260915232500,0,21,0,7,2026091523,2026-09-15 23:29:26
4050588300,20260915232500,0,31,0,29,2026091523,2026-09-15 23:29:26
4050105700,20260915232500,0,12,0,37,2026091523,2026-09-15 23:29:26
4050457100,20260915232500,0,38,0,58,2026091523,2026-09-15 23:29:26
4060470600,20260915232500,0,34,0,70,2026091523,2026-09-15 23:29:26
4060255700,20260915232500,0,41,0,35,2026091523,2026-09-15 23:29:26
4050190302,20260915232500,0,27,0,18,2026091523,2026-09-15 23:29:26
4060124500,20260915232500,0,30,0,14,2026091523,2026-09-15 23:29:26
4050190301,20260915232500,0,7,0,49,2026091523,2026-09-15 23:29:26
4060524800,20260915232500,0,36,0,75,2026091523,2026-09-15 23:29:26
4050590600,20260915232500,0,28,0,17,2026091523,2026-09-15 23:29:26
4050375700,20260915232500,0,59,0,89,2026091523,2026-09-15 23:29:26
4050244500,20260915232500,0,35,0,4,2026091523,2026-09-15 23:29:26
4060179602,20260915232500,0,9,0,44,2026091523,2026-09-15 23:29:26
4060179601,20260915232500,0,19,0,23,2026091523,2026-09-15 23:29:26
4060263300,20260915232500,0,42,0,9,2026091523,2026-09-15 23:29:26
4060132100,20260915232500,0,31,0,11,2026091523,2026-09-15 23:29:26
4050513600,20260915232500,0,28,0,31,2026091523,2026-09-15 23:29:26
4060532400,20260915232500,0,31,0,80,2026091523,2026-09-15 23:29:26
4060448700,20260915232500,0,30,0,21,2026091523,2026-09-15 23:29:26
4060401200,20260915232500,0,68,0,31,2026091523,2026-09-15 23:29:26
4050299600,20260915232500,0,44,0,9,2026091523,2026-09-15 23:29:26
4050252100,20260915232500,0,31,0,5,2026091523,2026-09-15 23:29:26
4060181902,20260915232500,0,26,0,24,2026091523,2026-09-15 23:29:26
4060181901,20260915232500,0,13,0,62,2026091523,2026-09-15 23:29:26
4050037200,20260915232500,0,37,0,33,2026091523,2026-09-15 23:29:26
4060050700,20260915232500,0,43,0,39,2026091523,2026-09-15 23:29:26
4060056002,20260915232500,0,8,0,56,2026091523,2026-09-15 23:29:26
4060187200,20260915232500,0,44,0,13,2026091523,2026-09-15 23:29:26
4060056001,20260915232500,0,32,0,129,2026091523,2026-09-15 23:29:26
4050521200,20260915232500,0,32,0,9,2026091523,2026-09-15 23:29:26
4050306300,20260915232500,0,30,0,4,2026091523,2026-09-15 23:29:26
4060104900,20260915232500,0,27,0,6,2026091523,2026-09-15 23:29:26
4060325100,20260915232500,0,47,0,59,2026091523,2026-09-15 23:29:26
4050576300,20260915232500,0,38,0,22,2026091523,2026-09-15 23:29:26
4050445100,20260915232500,0,47,0,1,2026091523,2026-09-15 23:29:26
4060374900,20260915232500,0,41,0,84,2026091523,2026-09-15 23:29:26
4060243700,20260915232500,0,43,0,19,2026091523,2026-09-15 23:29:26
4060112500,20260915232500,0,18,0,15,2026091523,2026-09-15 23:29:26
4050094600,20260915232500,0,14,0,15,2026091523,2026-09-15 23:29:26
4060249000,20260915232500,0,46,0,10,2026091523,2026-09-15 23:29:26
4050494900,20260915232500,0,33,0,4,2026091523,2026-09-15 23:29:26
4050232500,20260915232500,0,15,0,57,2026091523,2026-09-15 23:29:26
4050101300,20260915232500,0,21,0,26,2026091523,2026-09-15 23:29:26
4050369000,20260915232500,0,29,0,82,2026091523,2026-09-15 23:29:26
4060382500,20260915232500,0,39,0,8,2026091523,2026-09-15 23:29:26
4060298800,20260915232500,0,45,0,25,2026091523,2026-09-15 23:29:26
4060120100,20260915232500,0,34,0,13,2026091523,2026-09-15 23:29:26
4060036400,20260915232500,0,22,0,22,2026091523,2026-09-15 23:29:26
4050501600,20260915232500,0,6,0,40,2026091523,2026-09-15 23:29:26
4060305500,20260915232500,0,28,0,30,2026091523,2026-09-15 23:29:26
4050287600,20260915232500,0,16,0,49,2026091523,2026-09-15 23:29:26
4050240100,20260915232500,0,44,0,19,2026091523,2026-09-15 23:29:26
4060229400,20260915232500,0,48,0,13,2026091523,2026-09-15 23:29:26
4050295200,20260915232500,0,35,0,187,2026091523,2026-09-15 23:29:26
4060093800,20260915232500,0,21,0,21,2026091523,2026-09-15 23:29:26
4050212900,20260915232500,0,30,0,21,2026091523,2026-09-15 23:29:26
4050564300,20260915232500,0,44,0,401,2026091523,2026-09-15 23:29:26
4050433100,20260915232500,0,46,0,24,2026091523,2026-09-15 23:29:26
4050349400,20260915232500,0,27,0,8,2026091523,2026-09-15 23:29:26
4060362900,20260915232500,0,20,0,18,2026091523,2026-09-15 23:29:26
4060231700,20260915232500,0,38,0,11,2026091523,2026-09-15 23:29:26
4060100500,20260915232500,0,22,0,9,2026091523,2026-09-15 23:29:26
4060016800,20260915232500,0,43,0,23,2026091523,2026-09-15 23:29:26
4060368200,20260915232500,0,29,0,42,2026091523,2026-09-15 23:29:26
4050082600,20260915232500,0,12,0,16,2026091523,2026-09-15 23:29:26
4060237000,20260915232500,0,34,0,35,2026091523,2026-09-15 23:29:26
4060500800,20260915232500,0,29,0,72,2026091523,2026-09-15 23:29:26
4050482900,20260915232500,0,50,0,12,2026091523,2026-09-15 23:29:26
4050351700,20260915232500,0,44,0,17,2026091523,2026-09-15 23:29:26
4060506100,20260915232500,0,59,0,69,2026091523,2026-09-15 23:29:26
4050136800,20260915232500,0,36,0,10,2026091523,2026-09-15 23:29:26
4050488200,20260915232500,0,51,0,121,2026091523,2026-09-15 23:29:26
4050357000,20260915232500,0,36,0,13,2026091523,2026-09-15 23:29:26
4060370500,20260915232500,0,24,0,15,2026091523,2026-09-15 23:29:26
4060155600,20260915232500,0,55,0,97,2026091523,2026-09-15 23:29:26
4050090200,20260915232500,0,16,0,78,2026091523,2026-09-15 23:29:26
4050405900,20260915232500,0,52,0,62,2026091523,2026-09-15 23:29:26
4060209800,20260915232500,0,32,0,18,2026091523,2026-09-15 23:29:26
4050275600,20260915232500,0,44,0,11,2026091523,2026-09-15 23:29:26
4050144400,20260915232500,0,21,0,10,2026091523,2026-09-15 23:29:26
4060079500,20260915232500,0,10,0,20,2026091523,2026-09-15 23:29:26
4060032000,20260915232500,0,26,0,18,2026091523,2026-09-15 23:29:26
4050329800,20260915232500,0,40,0,11,2026091523,2026-09-15 23:29:26
4060479800,20260915232500,0,48,0,15,2026091523,2026-09-15 23:29:26
4060432300,20260915232500,0,35,0,22,2026091523,2026-09-15 23:29:26
4060348600,20260915232500,0,41,0,45,2026091523,2026-09-15 23:29:26
4060301100,20260915232500,0,34,0,49,2026091523,2026-09-15 23:29:26
4060217400,20260915232500,0,49,0,12,2026091523,2026-09-15 23:29:26
4050283200,20260915232500,0,6,0,33,2026091523,2026-09-15 23:29:26
4050199500,20260915232500,0,2,0,138,2026091523,2026-09-15 23:29:26
4050068300,20260915232500,0,11,0,52,2026091523,2026-09-15 23:29:26
4060081800,20260915232500,0,22,0,31,2026091523,2026-09-15 23:29:26
4060087100,20260915232500,0,18,0,6,2026091523,2026-09-15 23:29:26
4050200900,20260915232500,0,27,0,10,2026091523,2026-09-15 23:29:26
4050599800,20260915232500,0,58,0,90,2026091523,2026-09-15 23:29:26
4050552300,20260915232500,0,29,0,30,2026091523,2026-09-15 23:29:26
4050468600,20260915232500,0,44,0,33,2026091523,2026-09-15 23:29:26
4050337400,20260915232500,0,35,0,2,2026091523,2026-09-15 23:29:26
4060350900,20260915232500,0,34,0,33,2026091523,2026-09-15 23:29:26
4060487400,20260915232500,0,48,0,34,2026091523,2026-09-15 23:29:26
4060356200,20260915232500,0,31,0,47,2026091523,2026-09-15 23:29:26
4050070600,20260915232500,0,21,0,20,2026091523,2026-09-15 23:29:26
4060225000,20260915232500,0,40,0,35,2026091523,2026-09-15 23:29:26
4050470900,20260915232500,0,43,0,128,2026091523,2026-09-15 23:29:26
4050345000,20260915232500,0,41,0,29,2026091523,2026-09-15 23:29:26
4060059900,20260915232500,0,31,0,15,2026091523,2026-09-15 23:29:26
4060495000,20260915232500,0,35,0,6,2026091523,2026-09-15 23:29:26
4050614100,20260915232500,0,33,0,43,2026091523,2026-09-15 23:29:26
4060412700,20260915232500,0,33,0,50,2026091523,2026-09-15 23:29:26
4050394800,20260915232500,0,46,0,1,2026091523,2026-09-15 23:29:26
4050263600,20260915232500,0,20,0,37,2026091523,2026-09-15 23:29:26
4050132400,20260915232500,0,11,0,109,2026091523,2026-09-15 23:29:26
4060198700,20260915232500,0,35,0,8,2026091523,2026-09-15 23:29:26
4060067500,20260915232500,0,23,0,20,2026091523,2026-09-15 23:29:26
4050401500,20260915232500,0,42,0,387,2026091523,2026-09-15 23:29:26
4050317800,20260915232500,0,54,0,16,2026091523,2026-09-15 23:29:26
4050538000,20260915232500,0,4,0,89,2026091523,2026-09-15 23:29:26
4060420300,20260915232500,0,37,0,263,2026091523,2026-09-15 23:29:26
4060336600,20260915232500,0,29,0,24,2026091523,2026-09-15 23:29:26
4060205400,20260915232500,0,49,0,4,2026091523,2026-09-15 23:29:26
4050271200,20260915232500,0,32,0,7,2026091523,2026-09-15 23:29:26
4050140000,20260915232500,0,3,0,819,2026091523,2026-09-15 23:29:26
4050056300,20260915232500,0,16,0,20,2026091523,2026-09-15 23:29:26
4060075100,20260915232500,0,26,0,19,2026091523,2026-09-15 23:29:26
4050456600,20260915232500,0,23,0,24,2026091523,2026-09-15 23:29:26
4050325400,20260915232500,0,38,0,14,2026091523,2026-09-15 23:29:26
4060475400,20260915232500,0,34,0,179,2026091523,2026-09-15 23:29:26
4060344200,20260915232500,0,25,0,18,2026091523,2026-09-15 23:29:26
4060213000,20260915232500,0,49,0,7,2026091523,2026-09-15 23:29:26
4060129300,20260915232500,0,19,0,9,2026091523,2026-09-15 23:29:26
4050464200,20260915232500,0,30,0,27,2026091523,2026-09-15 23:29:26
4050333000,20260915232500,0,40,0,6,2026091523,2026-09-15 23:29:26
4050249300,20260915232500,0,35,0,4,2026091523,2026-09-15 23:29:26
4050118100,20260915232500,0,21,0,17,2026091523,2026-09-15 23:29:26
4060262800,20260915232500,0,35,0,108,2026091523,2026-09-15 23:29:26
4060131600,20260915232500,0,20,0,20,2026091523,2026-09-15 23:29:26
4060047900,20260915232500,0,23,0,13,2026091523,2026-09-15 23:29:26
4060268100,20260915232500,0,35,0,33,2026091523,2026-09-15 23:29:26
4050602100,20260915232500,0,37,0,88,2026091523,2026-09-15 23:29:26
4050518400,20260915232500,0,24,0,194,2026091523,2026-09-15 23:29:26
4060531900,20260915232500,0,50,0,3,2026091523,2026-09-15 23:29:26
4050382800,20260915232500,0,43,0,68,2026091523,2026-09-15 23:29:26
4060537201,20260915232500,0,53,0,17,2026091523,2026-09-15 23:29:26
4050251600,20260915232500,0,43,0,52,2026091523,2026-09-15 23:29:26
4050167900,20260915232500,0,8,0,15,2026091523,2026-09-15 23:29:26
4050036701,20260915232500,0,41,0,56,2026091523,2026-09-15 23:29:26
4050120400,20260915232500,0,18,0,14,2026091523,2026-09-15 23:29:26
4050388100,20260915232500,0,11,0,60,2026091523,2026-09-15 23:29:26
4060270400,20260915232500,0,35,0,19,2026091523,2026-09-15 23:29:26
4060186700,20260915232500,0,41,0,5,2026091523,2026-09-15 23:29:26
4060055500,20260915232500,0,36,0,51,2026091523,2026-09-15 23:29:26
4050305800,20260915232500,0,34,0,5,2026091523,2026-09-15 23:29:26
4050526000,20260915232500,0,32,0,180,2026091523,2026-09-15 23:29:26
4060455800,20260915232500,0,44,0,58,2026091523,2026-09-15 23:29:26
4060324600,20260915232500,0,38,0,205,2026091523,2026-09-15 23:29:26
4050390400,20260915232500,0,43,0,100,2026091523,2026-09-15 23:29:26
4060109700,20260915232500,0,20,0,10,2026091523,2026-09-15 23:29:26
4060194300,20260915232500,0,36,0,15,2026091523,2026-09-15 23:29:26
4060063100,20260915232500,0,3,0,122,2026091523,2026-09-15 23:29:26
4050444600,20260915232500,0,38,0,12,2026091523,2026-09-15 23:29:26
4050313400,20260915232500,0,6,0,57,2026091523,2026-09-15 23:29:26
4050229700,20260915232500,0,12,0,37,2026091523,2026-09-15 23:29:26
4060463400,20260915232500,0,19,0,36,2026091523,2026-09-15 23:29:26
4060379700,20260915232500,0,30,0,37,2026091523,2026-09-15 23:29:26
4060332200,20260915232500,0,28,0,83,2026091523,2026-09-15 23:29:26
4060248500,20260915232500,0,24,0,90,2026091523,2026-09-15 23:29:26
4060201000,20260915232500,0,45,0,2,2026091523,2026-09-15 23:29:26
4060117300,20260915232500,0,35,0,3,2026091523,2026-09-15 23:29:26
4050099400,20260915232500,0,11,0,74,2026091523,2026-09-15 23:29:26
4060517600,20260915232500,0,25,0,28,2026091523,2026-09-15 23:29:26
4050583400,20260915232500,0,34,0,5,2026091523,2026-09-15 23:29:26
4050100800,20260915232500,0,51,0,8,2026091523,2026-09-15 23:29:26
4050368500,20260915232500,0,40,0,16,2026091523,2026-09-15 23:29:26
4050321000,20260915232500,0,42,0,9,2026091523,2026-09-15 23:29:26
4050237300,20260915232500,0,53,0,9,2026091523,2026-09-15 23:29:26
4050106100,20260915232500,0,11,0,38,2026091523,2026-09-15 23:29:26
4060471000,20260915232500,0,41,0,49,2026091523,2026-09-15 23:29:26
4060035900,20260915232500,0,29,0,7,2026091523,2026-09-15 23:29:26
4060387300,20260915232500,0,28,0,18,2026091523,2026-09-15 23:29:26
4060256100,20260915232500,0,42,0,25,2026091523,2026-09-15 23:29:26
4050370800,20260915232500,0,23,0,40,2026091523,2026-09-15 23:29:26
4050155902,20260915232500,0,26,0,118,2026091523,2026-09-15 23:29:26
4050155901,20260915232500,0,22,0,17,2026091523,2026-09-15 23:29:26
4060525200,20260915232500,0,46,0,187,2026091523,2026-09-15 23:29:26
4050591000,20260915232500,0,28,0,27,2026091523,2026-09-15 23:29:26
4060098610,20260915232500,0,27,0,24,2026091523,2026-09-15 23:29:26
4060043500,20260915232500,0,19,0,57,2026091523,2026-09-15 23:29:26
4050514000,20260915232500,0,38,0,1,2026091523,2026-09-15 23:29:26
4060312600,20260915232500,0,27,0,34,2026091523,2026-09-15 23:29:26
4060228900,20260915232500,0,6,0,173,2026091523,2026-09-15 23:29:26
4050294700,20260915232500,0,26,0,8,2026091523,2026-09-15 23:29:26
4050163500,20260915232500,0,16,0,24,2026091523,2026-09-15 23:29:26
4050079800,20260915232500,0,9,0,23,2026091523,2026-09-15 23:29:26
4060098609,20260915232500,0,25,0,16,2026091523,2026-09-15 23:29:26
4050032300,20260915232500,0,33,0,24,2026091523,2026-09-15 23:29:26
4060098608,20260915232500,0,28,0,16,2026091523,2026-09-15 23:29:26
4060098607,20260915232500,0,22,0,26,2026091523,2026-09-15 23:29:26
4060098606,20260915232500,0,30,0,13,2026091523,2026-09-15 23:29:26
4060051106,20260915232500,0,31,0,15,2026091523,2026-09-15 23:29:26
4060051105,20260915232500,0,35,0,17,2026091523,2026-09-15 23:29:26
4060051104,20260915232500,0,30,0,38,2026091523,2026-09-15 23:29:26
4060051103,20260915232500,0,22,0,23,2026091523,2026-09-15 23:29:26
4060098602,20260915232500,0,9,0,46,2026091523,2026-09-15 23:29:26
4060182300,20260915232500,0,26,0,40,2026091523,2026-09-15 23:29:26
4050563800,20260915232500,0,61,0,91,2026091523,2026-09-15 23:29:26
4050348900,20260915232500,0,20,0,52,2026091523,2026-09-15 23:29:26
4050301400,20260915232500,0,36,0,4,2026091523,2026-09-15 23:29:26
4050569100,20260915232500,0,43,0,23,2026091523,2026-09-15 23:29:26
4060451400,20260915232500,0,23,0,12,2026091523,2026-09-15 23:29:26
4060367700,20260915232500,0,31,0,144,2026091523,2026-09-15 23:29:26
4060236500,20260915232500,0,37,0,8,2026091523,2026-09-15 23:29:26
4060105300,20260915232500,0,27,0,5,2026091523,2026-09-15 23:29:26
4050171100,20260915232500,0,18,0,11,2026091523,2026-09-15 23:29:26
4050087400,20260915232500,0,15,0,26,2026091523,2026-09-15 23:29:26
4060505600,20260915232500,0,36,0,2,2026091523,2026-09-15 23:29:26
4050571400,20260915232500,0,27,0,47,2026091523,2026-09-15 23:29:26
4050487700,20260915232500,0,37,0,7,2026091523,2026-09-15 23:29:26
4050356500,20260915232500,0,56,0,3,2026091523,2026-09-15 23:29:26
4060244100,20260915232500,0,39,0,26,2026091523,2026-09-15 23:29:26
4060029200,20260915232500,0,22,0,6,2026091523,2026-09-15 23:29:26
4050095000,20260915232500,0,40,0,39,2026091523,2026-09-15 23:29:26
4060429500,20260915232500,0,24,0,8,2026091523,2026-09-15 23:29:26
4050143900,20260915232500,0,16,0,27,2026091523,2026-09-15 23:29:26
4050495300,20260915232500,0,32,0,46,2026091523,2026-09-15 23:29:26
4060293900,20260915232500,0,23,0,65,2026091523,2026-09-15 23:29:26
4060031502,20260915232500,0,36,0,11,2026091523,2026-09-15 23:29:26
4060031501,20260915232500,0,28,0,19,2026091523,2026-09-15 23:29:26
4060299200,20260915232500,0,19,0,59,2026091523,2026-09-15 23:29:26
4050502000,20260915232500,0,28,0,19,2026091523,2026-09-15 23:29:26
4060300600,20260915232500,0,29,0,56,2026091523,2026-09-15 23:29:26
4060216900,20260915232500,0,43,0,14,2026091523,2026-09-15 23:29:26
4050282700,20260915232500,0,44,0,149,2026091523,2026-09-15 23:29:26
4050151500,20260915232500,0,24,0,35,2026091523,2026-09-15 23:29:26
4050067800,20260915232500,0,8,0,81,2026091523,2026-09-15 23:29:26
4050288000,20260915232500,0,28,0,3,2026091523,2026-09-15 23:29:26
4060086600,20260915232500,0,15,0,11,2026091523,2026-09-15 23:29:26
4050551800,20260915232500,0,8,0,28,2026091523,2026-09-15 23:29:26
4050336900,20260915232500,0,44,0,10,2026091523,2026-09-15 23:29:26
4050205700,20260915232500,0,22,0,13,2026091523,2026-09-15 23:29:26
4060355700,20260915232500,0,12,0,64,2026091523,2026-09-15 23:29:26
4060224500,20260915232500,0,47,0,17,2026091523,2026-09-15 23:29:26
4050290300,20260915232500,0,35,0,187,2026091523,2026-09-15 23:29:26
4050075400,20260915232500,0,30,0,9,2026091523,2026-09-15 23:29:26
4060094200,20260915232500,0,17,0,9,2026091523,2026-09-15 23:29:26
4060409900,20260915232500,0,34,0,12,2026091523,2026-09-15 23:29:26
4050475700,20260915232500,0,36,0,34,2026091523,2026-09-15 23:29:26
4050344500,20260915232500,0,51,0,12,2026091523,2026-09-15 23:29:26
4050213300,20260915232500,0,19,0,41,2026091523,2026-09-15 23:29:26
4060011902,20260915232500,0,25,0,32,2026091523,2026-09-15 23:29:26
4060494500,20260915232500,0,44,0,5,2026091523,2026-09-15 23:29:26
4060011901,20260915232500,0,28,0,14,2026091523,2026-09-15 23:29:26
4060363300,20260915232500,0,39,0,16,2026091523,2026-09-15 23:29:26
4060232100,20260915232500,0,29,0,34,2026091523,2026-09-15 23:29:26
4050083000,20260915232500,0,14,0,13,2026091523,2026-09-15 23:29:26
4050613600,20260915232500,0,44,0,54,2026091523,2026-09-15 23:29:26
4050529900,20260915232500,0,45,0,3,2026091523,2026-09-15 23:29:26
4050483300,20260915232500,0,24,0,31,2026091523,2026-09-15 23:29:26
4050352100,20260915232500,0,41,0,13,2026091523,2026-09-15 23:29:26
4050268400,20260915232500,0,32,0,6,2026091523,2026-09-15 23:29:26
4060156000,20260915232500,0,57,0,47,2026091523,2026-09-15 23:29:26
4050406300,20260915232500,0,26,0,41,2026091523,2026-09-15 23:29:26
4060204900,20260915232500,0,35,0,25,2026091523,2026-09-15 23:29:26
4050270700,20260915232500,0,37,0,3,2026091523,2026-09-15 23:29:26
4050276000,20260915232500,0,32,0,12,2026091523,2026-09-15 23:29:26
4060074600,20260915232500,0,30,0,24,2026091523,2026-09-15 23:29:26
4050324900,20260915232500,0,41,0,15,2026091523,2026-09-15 23:29:26
4060474900,20260915232500,0,40,0,9,2026091523,2026-09-15 23:29:26
4060343700,20260915232500,0,25,0,14,2026091523,2026-09-15 23:29:26
4060212500,20260915232500,0,36,0,11,2026091523,2026-09-15 23:29:26
4060128800,20260915232500,0,9,0,71,2026091523,2026-09-15 23:29:26
4050194600,20260915232500,0,38,0,6,2026091523,2026-09-15 23:29:26
4060349000,20260915232500,0,40,0,12,2026091523,2026-09-15 23:29:26
4050063400,20260915232500,0,15,0,14,2026091523,2026-09-15 23:29:26
4060082200,20260915232500,0,23,0,9,2026091523,2026-09-15 23:29:26
4050594900,20260915232500,0,28,0,30,2026091523,2026-09-15 23:29:26
4050332500,20260915232500,0,42,0,15,2026091523,2026-09-15 23:29:26
4050248800,20260915232500,0,33,0,35,2026091523,2026-09-15 23:29:26
4050201300,20260915232500,0,30,0,3,2026091523,2026-09-15 23:29:26
4050469000,20260915232500,0,39,0,45,2026091523,2026-09-15 23:29:26
4060351300,20260915232500,0,22,0,90,2026091523,2026-09-15 23:29:26
4060267600,20260915232500,0,46,0,28,2026091523,2026-09-15 23:29:26
4060136400,20260915232500,0,35,0,13,2026091523,2026-09-15 23:29:26
4050601600,20260915232500,0,68,0,22,2026091523,2026-09-15 23:29:26
4060536701,20260915232500,0,37,0,24,2026091523,2026-09-15 23:29:26
4060405500,20260915232500,0,41,0,1,2026091523,2026-09-15 23:29:26
4050340100,20260915232500,0,6,0,72,2026091523,2026-09-15 23:29:26
4050256400,20260915232500,0,33,0,4,2026091523,2026-09-15 23:29:26
4050125200,20260915232500,0,15,0,21,2026091523,2026-09-15 23:29:26
4060490100,20260915232500,0,37,0,4,2026091523,2026-09-15 23:29:26
4060275200,20260915232500,0,35,0,7,2026091523,2026-09-15 23:29:26
4050525500,20260915232500,0,29,0,71,2026091523,2026-09-15 23:29:26
4060413100,20260915232500,0,52,0,2,2026091523,2026-09-15 23:29:26
4050395200,20260915232500,0,54,0,38,2026091523,2026-09-15 23:29:26
4050264000,20260915232500,0,38,0,35,2026091523,2026-09-15 23:29:26
4060193800,20260915232500,0,39,0,30,2026091523,2026-09-15 23:29:26
4060062602,20260915232500,0,28,0,15,2026091523,2026-09-15 23:29:26
4060062601,20260915232500,0,30,0,18,2026091523,2026-09-15 23:29:26
4060199100,20260915232500,0,52,0,2,2026091523,2026-09-15 23:29:26
4050312900,20260915232500,0,38,0,15,2026091523,2026-09-15 23:29:26
4050449400,20260915232500,0,19,0,5,2026091523,2026-09-15 23:29:26
4050318200,20260915232500,0,33,0,9,2026091523,2026-09-15 23:29:26
4060462900,20260915232500,0,47,0,70,2026091523,2026-09-15 23:29:26
4060116800,20260915232500,0,27,0,15,2026091523,2026-09-15 23:29:26
4060468200,20260915232500,0,50,0,1,2026091523,2026-09-15 23:29:26
4060337000,20260915232500,0,76,0,54,2026091523,2026-09-15 23:29:26
4050051400,20260915232500,0,36,0,204,2026091523,2026-09-15 23:29:26
4060070200,20260915232500,0,44,0,7,2026091523,2026-09-15 23:29:26
4050582900,20260915232500,0,10,0,12,2026091523,2026-09-15 23:29:26
4050320500,20260915232500,0,37,0,12,2026091523,2026-09-15 23:29:26
4050236800,20260915232500,0,27,0,6,2026091523,2026-09-15 23:29:26
4050588200,20260915232500,0,33,0,27,2026091523,2026-09-15 23:29:26
4050105600,20260915232500,0,5,0,84,2026091523,2026-09-15 23:29:26
4050457000,20260915232500,0,32,0,67,2026091523,2026-09-15 23:29:26
4060470500,20260915232500,0,38,0,63,2026091523,2026-09-15 23:29:26
4060255600,20260915232500,0,41,0,35,2026091523,2026-09-15 23:29:26
4060124400,20260915232500,0,33,0,14,2026091523,2026-09-15 23:29:26
4050190200,20260915232500,0,16,0,35,2026091523,2026-09-15 23:29:26
4050505900,20260915232500,0,8,0,56,2026091523,2026-09-15 23:29:26
4060524700,20260915232500,0,35,0,78,2026091523,2026-09-15 23:29:26
4050590500,20260915232500,0,31,0,12,2026091523,2026-09-15 23:29:26
4060309800,20260915232500,0,23,0,39,2026091523,2026-09-15 23:29:26
4050375600,20260915232500,0,51,0,103,2026091523,2026-09-15 23:29:26
4050244400,20260915232500,0,44,0,3,2026091523,2026-09-15 23:29:26
4060132002,20260915232500,0,31,0,32,2026091523,2026-09-15 23:29:26
4060263200,20260915232500,0,40,0,9,2026091523,2026-09-15 23:29:26
4060132001,20260915232500,0,36,0,13,2026091523,2026-09-15 23:29:26
4060179500,20260915232500,0,26,0,40,2026091523,2026-09-15 23:29:26
4050513500,20260915232500,0,31,0,122,2026091523,2026-09-15 23:29:26
4060532300,20260915232500,0,38,0,64,2026091523,2026-09-15 23:29:26
4060448600,20260915232500,0,22,0,30,2026091523,2026-09-15 23:29:26
4060401100,20260915232500,0,45,0,31,2026091523,2026-09-15 23:29:26
4050299500,20260915232500,0,59,0,2,2026091523,2026-09-15 23:29:26
4050252000,20260915232500,0,37,0,4,2026091523,2026-09-15 23:29:26
4060181802,20260915232500,0,31,0,26,2026091523,2026-09-15 23:29:26
4060181801,20260915232500,0,33,0,20,2026091523,2026-09-15 23:29:26
4050037100,20260915232500,0,43,0,29,2026091523,2026-09-15 23:29:26
4060050600,20260915232500,0,38,0,44,2026091523,2026-09-15 23:29:26
4060187100,20260915232500,0,37,0,5,2026091523,2026-09-15 23:29:26
4050300900,20260915232500,0,36,0,5,2026091523,2026-09-15 23:29:26
4050306200,20260915232500,0,33,0,4,2026091523,2026-09-15 23:29:26
4060450900,20260915232500,0,29,0,48,2026091523,2026-09-15 23:29:26
4060104800,20260915232500,0,37,0,11,2026091523,2026-09-15 23:29:26
4060456200,20260915232500,0,34,0,40,2026091523,2026-09-15 23:29:26
4050170600,20260915232500,0,15,0,18,2026091523,2026-09-15 23:29:26
4050086900,20260915232500,0,12,0,16,2026091523,2026-09-15 23:29:26
4060325000,20260915232500,0,46,0,170,2026091523,2026-09-15 23:29:26
4050576200,20260915232500,0,34,0,26,2026091523,2026-09-15 23:29:26
4050445000,20260915232500,0,49,0,1,2026091523,2026-09-15 23:29:26
4060374800,20260915232500,0,53,0,65,2026091523,2026-09-15 23:29:26
4060243600,20260915232500,0,50,0,15,2026091523,2026-09-15 23:29:26
4060112400,20260915232500,0,34,0,7,2026091523,2026-09-15 23:29:26
4050094500,20260915232500,0,14,0,15,2026091523,2026-09-15 23:29:26
4050494800,20260915232500,0,28,0,4,2026091523,2026-09-15 23:29:26
4050279900,20260915232500,0,31,0,58,2026091523,2026-09-15 23:29:26
4050232400,20260915232500,0,10,0,86,2026091523,2026-09-15 23:29:26
4050101200,20260915232500,0,16,0,50,2026091523,2026-09-15 23:29:26
4060382400,20260915232500,0,37,0,8,2026091523,2026-09-15 23:29:26
4060298700,20260915232500,0,22,0,35,2026091523,2026-09-15 23:29:26
4060120000,20260915232500,0,35,0,13,2026091523,2026-09-15 23:29:26
4060036300,20260915232500,0,37,0,22,2026091523,2026-09-15 23:29:26
4050501500,20260915232500,0,40,0,27,2026091523,2026-09-15 23:29:26
4060305400,20260915232500,0,34,0,25,2026091523,2026-09-15 23:29:26
4050287500,20260915232500,0,43,0,6,2026091523,2026-09-15 23:29:26
4050240000,20260915232500,0,38,0,19,2026091523,2026-09-15 23:29:26
4050074900,20260915232500,0,13,0,18,2026091523,2026-09-15 23:29:26
4060229300,20260915232500,0,38,0,10,2026091523,2026-09-15 23:29:26
4050295100,20260915232500,0,30,0,4,2026091523,2026-09-15 23:29:26
4060093700,20260915232500,0,18,0,24,2026091523,2026-09-15 23:29:26
4050212800,20260915232500,0,32,0,19,2026091523,2026-09-15 23:29:26
4050564200,20260915232500,0,36,0,490,2026091523,2026-09-15 23:29:26
4050433000,20260915232500,0,40,0,28,2026091523,2026-09-15 23:29:26
4050349300,20260915232500,0,34,0,5,2026091523,2026-09-15 23:29:26
4060362800,20260915232500,0,30,0,55,2026091523,2026-09-15 23:29:26
4060231600,20260915232500,0,36,0,12,2026091523,2026-09-15 23:29:26
4060100400,20260915232500,0,11,0,19,2026091523,2026-09-15 23:29:26
4060016700,20260915232500,0,42,0,24,2026091523,2026-09-15 23:29:26
4060368100,20260915232500,0,37,0,32,2026091523,2026-09-15 23:29:26
4050082500,20260915232500,0,12,0,16,2026091523,2026-09-15 23:29:26
4060500700,20260915232500,0,27,0,79,2026091523,2026-09-15 23:29:26
4050482800,20260915232500,0,50,0,13,2026091523,2026-09-15 23:29:26
4050351600,20260915232500,0,35,0,21,2026091523,2026-09-15 23:29:26
4050267900,20260915232500,0,31,0,6,2026091523,2026-09-15 23:29:26
4060506000,20260915232500,0,15,0,63,2026091523,2026-09-15 23:29:26
4050136700,20260915232500,0,35,0,10,2026091523,2026-09-15 23:29:26
4050488100,20260915232500,0,47,0,218,2026091523,2026-09-15 23:29:26
4060155500,20260915232500,0,58,0,8,2026091523,2026-09-15 23:29:26
4050090100,20260915232500,0,22,0,60,2026091523,2026-09-15 23:29:26
4050405800,20260915232500,0,57,0,56,2026091523,2026-09-15 23:29:26
4060209700,20260915232500,0,39,0,17,2026091523,2026-09-15 23:29:26
4050275500,20260915232500,0,32,0,29,2026091523,2026-09-15 23:29:26
4050144300,20260915232500,0,12,0,19,2026091523,2026-09-15 23:29:26
4060079400,20260915232500,0,18,0,17,2026091523,2026-09-15 23:29:26
4050329700,20260915232500,0,36,0,12,2026091523,2026-09-15 23:29:26
4060479700,20260915232500,0,22,0,34,2026091523,2026-09-15 23:29:26
4060432200,20260915232500,0,42,0,97,2026091523,2026-09-15 23:29:26
4060348500,20260915232500,0,13,0,37,2026091523,2026-09-15 23:29:26
4060301000,20260915232500,0,35,0,47,2026091523,2026-09-15 23:29:26
4060217300,20260915232500,0,57,0,32,2026091523,2026-09-15 23:29:26
4050283100,20260915232500,0,21,0,9,2026091523,2026-09-15 23:29:26
4050199400,20260915232500,0,24,0,11,2026091523,2026-09-15 23:29:26
4050068200,20260915232500,0,20,0,13,2026091523,2026-09-15 23:29:26
4060081700,20260915232500,0,18,0,33,2026091523,2026-09-15 23:29:26
4060087000,20260915232500,0,30,0,4,2026091523,2026-09-15 23:29:26
4050200800,20260915232500,0,32,0,14,2026091523,2026-09-15 23:29:26
4050599700,20260915232500,0,24,0,41,2026091523,2026-09-15 23:29:26
4050552200,20260915232500,0,35,0,23,2026091523,2026-09-15 23:29:26
4050468500,20260915232500,0,37,0,137,2026091523,2026-09-15 23:29:26
4050337300,20260915232500,0,40,0,20,2026091523,2026-09-15 23:29:26
4060350800,20260915232500,0,24,0,45,2026091523,2026-09-15 23:29:26
4060135900,20260915232500,0,36,0,25,2026091523,2026-09-15 23:29:26
4060487300,20260915232500,0,33,0,51,2026091523,2026-09-15 23:29:26
4050070500,20260915232500,0,17,0,25,2026091523,2026-09-15 23:29:26
4050470800,20260915232500,0,42,0,131,2026091523,2026-09-15 23:29:26
4050255900,20260915232500,0,29,0,41,2026091523,2026-09-15 23:29:26
4050476100,20260915232500,0,27,0,41,2026091523,2026-09-15 23:29:26
4060274700,20260915232500,0,26,0,124,2026091523,2026-09-15 23:29:26
4060059800,20260915232500,0,16,0,29,2026091523,2026-09-15 23:29:26
4050614000,20260915232500,0,28,0,49,2026091523,2026-09-15 23:29:26
4060412600,20260915232500,0,44,0,69,2026091523,2026-09-15 23:29:26
4060328900,20260915232500,0,47,0,6,2026091523,2026-09-15 23:29:26
4050394700,20260915232500,0,37,0,162,2026091523,2026-09-15 23:29:26
4050263500,20260915232500,0,34,0,14,2026091523,2026-09-15 23:29:26
4050179800,20260915232500,0,24,0,54,2026091523,2026-09-15 23:29:26
4050132300,20260915232500,0,24,0,51,2026091523,2026-09-15 23:29:26
4060198600,20260915232500,0,26,0,11,2026091523,2026-09-15 23:29:26
4060067400,20260915232500,0,11,0,37,2026091523,2026-09-15 23:29:26
4050448900,20260915232500,0,31,0,4,2026091523,2026-09-15 23:29:26
4050401400,20260915232500,0,51,0,320,2026091523,2026-09-15 23:29:26
4050317700,20260915232500,0,57,0,11,2026091523,2026-09-15 23:29:26
4060420200,20260915232500,0,40,0,244,2026091523,2026-09-15 23:29:26
4060336500,20260915232500,0,37,0,62,2026091523,2026-09-15 23:29:26
4060205300,20260915232500,0,52,0,4,2026091523,2026-09-15 23:29:26
4050271100,20260915232500,0,34,0,9,2026091523,2026-09-15 23:29:26
4050056200,20260915232500,0,14,0,77,2026091523,2026-09-15 23:29:26
4060075000,20260915232500,0,19,0,27,2026091523,2026-09-15 23:29:26
4050540200,20260915232500,0,33,0,57,2026091523,2026-09-15 23:29:26
4050456500,20260915232500,0,8,0,105,2026091523,2026-09-15 23:29:26
4050325300,20260915232500,0,38,0,7,2026091523,2026-09-15 23:29:26
4060475300,20260915232500,0,33,0,186,2026091523,2026-09-15 23:29:26
4060344100,20260915232500,0,33,0,15,2026091523,2026-09-15 23:29:26
4060129200,20260915232500,0,34,0,17,2026091523,2026-09-15 23:29:26
4050195000,20260915232500,0,20,0,14,2026091523,2026-09-15 23:29:26
4050243900,20260915232500,0,35,0,10,2026091523,2026-09-15 23:29:26
4050464100,20260915232500,0,45,0,39,2026091523,2026-09-15 23:29:26
4050249200,20260915232500,0,30,0,4,2026091523,2026-09-15 23:29:26
4050118000,20260915232500,0,15,0,30,2026091523,2026-09-15 23:29:26
4060262700,20260915232500,0,47,0,268,2026091523,2026-09-15 23:29:26
4060131500,20260915232500,0,28,0,14,2026091523,2026-09-15 23:29:26
4060268000,20260915232500,0,33,0,34,2026091523,2026-09-15 23:29:26
4050602000,20260915232500,0,28,0,116,2026091523,2026-09-15 23:29:26
4060531800,20260915232500,0,37,0,17,2026091523,2026-09-15 23:29:26
4050382700,20260915232500,0,37,0,79,2026091523,2026-09-15 23:29:26
4060537101,20260915232500,0,38,0,24,2026091523,2026-09-15 23:29:26
4050251500,20260915232500,0,38,0,11,2026091523,2026-09-15 23:29:26
4050036602,20260915232500,0,46,0,70,2026091523,2026-09-15 23:29:26
4050036601,20260915232500,0,46,0,294,2026091523,2026-09-15 23:29:26
4050120300,20260915232500,0,11,0,22,2026091523,2026-09-15 23:29:26
4050388000,20260915232500,0,30,0,22,2026091523,2026-09-15 23:29:26
4060270300,20260915232500,0,39,0,132,2026091523,2026-09-15 23:29:26
4060186600,20260915232500,0,50,0,4,2026091523,2026-09-15 23:29:26
4060055400,20260915232500,0,39,0,47,2026091523,2026-09-15 23:29:26
4050436900,20260915232500,0,6,0,9,2026091523,2026-09-15 23:29:26
4050305700,20260915232500,0,49,0,7,2026091523,2026-09-15 23:29:26
4060455700,20260915232500,0,37,0,69,2026091523,2026-09-15 23:29:26
4060324500,20260915232500,0,39,0,201,2026091523,2026-09-15 23:29:26
4050390300,20260915232500,0,32,0,33,2026091523,2026-09-15 23:29:26
4060109600,20260915232500,0,35,0,13,2026091523,2026-09-15 23:29:26
4050175400,20260915232500,0,16,0,42,2026091523,2026-09-15 23:29:26
4060194200,20260915232500,0,33,0,17,2026091523,2026-09-15 23:29:26
4060063000,20260915232500,0,38,0,9,2026091523,2026-09-15 23:29:26
4060509900,20260915232500,0,48,0,49,2026091523,2026-09-15 23:29:26
4050444500,20260915232500,0,39,0,43,2026091523,2026-09-15 23:29:26
4050313300,20260915232500,0,34,0,6,2026091523,2026-09-15 23:29:26
4050229600,20260915232500,0,11,0,41,2026091523,2026-09-15 23:29:26
4060111900,20260915232500,0,33,0,19,2026091523,2026-09-15 23:29:26
4060463300,20260915232500,0,34,0,20,2026091523,2026-09-15 23:29:26
4060379600,20260915232500,0,24,0,43,2026091523,2026-09-15 23:29:26
4060332100,20260915232500,0,34,0,68,2026091523,2026-09-15 23:29:26
4060248400,20260915232500,0,30,0,72,2026091523,2026-09-15 23:29:26
4050099300,20260915232500,0,15,0,54,2026091523,2026-09-15 23:29:26
4050231900,20260915232500,0,20,0,136,2026091523,2026-09-15 23:29:26
4050583300,20260915232500,0,23,0,6,2026091523,2026-09-15 23:29:26
4050100700,20260915232500,0,12,0,35,2026091523,2026-09-15 23:29:26
4050452100,20260915232500,0,50,0,1,2026091523,2026-09-15 23:29:26
4050368400,20260915232500,0,43,0,16,2026091523,2026-09-15 23:29:26
4050237200,20260915232500,0,40,0,15,2026091523,2026-09-15 23:29:26
4050106000,20260915232500,0,13,0,32,2026091523,2026-09-15 23:29:26
4060250700,20260915232500,0,40,0,18,2026091523,2026-09-15 23:29:26
4060035800,20260915232500,0,41,0,5,2026091523,2026-09-15 23:29:26
4060387200,20260915232500,0,33,0,15,2026091523,2026-09-15 23:29:26
4060256000,20260915232500,0,38,0,28,2026091523,2026-09-15 23:29:26
4050506300,20260915232500,0,41,0,26,2026091523,2026-09-15 23:29:26
4060304900,20260915232500,0,25,0,21,2026091523,2026-09-15 23:29:26
4050370700,20260915232500,0,40,0,23,2026091523,2026-09-15 23:29:26
4060525100,20260915232500,0,48,0,178,2026091523,2026-09-15 23:29:26
4060098510,20260915232500,0,23,0,18,2026091523,2026-09-15 23:29:26
4060043400,20260915232500,0,15,0,78,2026091523,2026-09-15 23:29:26
4050424900,20260915232500,0,35,0,32,2026091523,2026-09-15 23:29:26
4060312500,20260915232500,0,19,0,49,2026091523,2026-09-15 23:29:26
4060228800,20260915232500,0,16,0,63,2026091523,2026-09-15 23:29:26
4050294600,20260915232500,0,37,0,5,2026091523,2026-09-15 23:29:26
4060449000,20260915232500,0,33,0,33,2026091523,2026-09-15 23:29:26
4050163400,20260915232500,0,22,0,13,2026091523,2026-09-15 23:29:26
4050079700,20260915232500,0,14,0,14,2026091523,2026-09-15 23:29:26
4060098509,20260915232500,0,29,0,22,2026091523,2026-09-15 23:29:26
4050032200,20260915232500,0,32,0,10,2026091523,2026-09-15 23:29:26
4060098508,20260915232500,0,13,0,45,2026091523,2026-09-15 23:29:26
4060098507,20260915232500,0,26,0,17,2026091523,2026-09-15 23:29:26
4060051006,20260915232500,0,38,0,17,2026091523,2026-09-15 23:29:26
4060098505,20260915232500,0,17,0,23,2026091523,2026-09-15 23:29:26
4060051005,20260915232500,0,35,0,13,2026091523,2026-09-15 23:29:26
4060051004,20260915232500,0,35,0,15,2026091523,2026-09-15 23:29:26
4060051003,20260915232500,0,35,0,34,2026091523,2026-09-15 23:29:26
4060182200,20260915232500,0,32,0,32,2026091523,2026-09-15 23:29:26
4060098501,20260915232500,0,21,0,20,2026091523,2026-09-15 23:29:26
4050563700,20260915232500,0,42,0,172,2026091523,2026-09-15 23:29:26
4050432500,20260915232500,0,56,0,17,2026091523,2026-09-15 23:29:26
4050348800,20260915232500,0,7,0,152,2026091523,2026-09-15 23:29:26
4050301300,20260915232500,0,22,0,9,2026091523,2026-09-15 23:29:26
4050569000,20260915232500,0,33,0,31,2026091523,2026-09-15 23:29:26
4060498800,20260915232500,0,45,0,195,2026091523,2026-09-15 23:29:26
4060451300,20260915232500,0,10,0,28,2026091523,2026-09-15 23:29:26
4060367600,20260915232500,0,48,0,94,2026091523,2026-09-15 23:29:26
4060236400,20260915232500,0,35,0,9,2026091523,2026-09-15 23:29:26
4060105200,20260915232500,0,19,0,24,2026091523,2026-09-15 23:29:26
4050171000,20260915232500,0,24,0,21,2026091523,2026-09-15 23:29:26
4050617901,20260915232500,0,31,0,21,2026091523,2026-09-15 23:29:26
4050087300,20260915232500,0,20,0,20,2026091523,2026-09-15 23:29:26
4060505500,20260915232500,0,24,0,4,2026091523,2026-09-15 23:29:26
4050487600,20260915232500,0,7,0,40,2026091523,2026-09-15 23:29:26
4050356400,20260915232500,0,54,0,3,2026091523,2026-09-15 23:29:26
4060244000,20260915232500,0,41,0,23,2026091523,2026-09-15 23:29:26
4060029100,20260915232500,0,20,0,6,2026091523,2026-09-15 23:29:26
4050143800,20260915232500,0,20,0,13,2026091523,2026-09-15 23:29:26
4050495200,20260915232500,0,29,0,50,2026091523,2026-09-15 23:29:26
4060293800,20260915232500,0,31,0,48,2026091523,2026-09-15 23:29:26
4060078900,20260915232500,0,26,0,16,2026091523,2026-09-15 23:29:26
4060299100,20260915232500,0,33,0,54,2026091523,2026-09-15 23:29:26
4050412900,20260915232500,0,43,0,48,2026091523,2026-09-15 23:29:26
4060300500,20260915232500,0,24,0,10,2026091523,2026-09-15 23:29:26
4060216800,20260915232500,0,44,0,14,2026091523,2026-09-15 23:29:26
4050282600,20260915232500,0,49,0,133,2026091523,2026-09-15 23:29:26
4060437000,20260915232500,0,32,0,15,2026091523,2026-09-15 23:29:26
4050151400,20260915232500,0,18,0,34,2026091523,2026-09-15 23:29:26
4050067700,20260915232500,0,20,0,32,2026091523,2026-09-15 23:29:26
4060086500,20260915232500,0,8,0,65,2026091523,2026-09-15 23:29:26
4050551700,20260915232500,0,25,0,28,2026091523,2026-09-15 23:29:26
4050420500,20260915232500,0,37,0,56,2026091523,2026-09-15 23:29:26
4050336800,20260915232500,0,48,0,10,2026091523,2026-09-15 23:29:26
4050205600,20260915232500,0,14,0,14,2026091523,2026-09-15 23:29:26
4060486800,20260915232500,0,48,0,16,2026091523,2026-09-15 23:29:26
4060355600,20260915232500,0,3,0,259,2026091523,2026-09-15 23:29:26
4060224400,20260915232500,0,48,0,17,2026091523,2026-09-15 23:29:26
4050290200,20260915232500,0,38,0,173,2026091523,2026-09-15 23:29:26
4050075300,20260915232500,0,19,0,15,2026091523,2026-09-15 23:29:26
4050605900,20260915232500,0,31,0,52,2026091523,2026-09-15 23:29:26
4060094100,20260915232500,0,30,0,5,2026091523,2026-09-15 23:29:26
4060409800,20260915232500,0,38,0,10,2026091523,2026-09-15 23:29:26
4050475600,20260915232500,0,18,0,68,2026091523,2026-09-15 23:29:26
4050344400,20260915232500,0,49,0,12,2026091523,2026-09-15 23:29:26
4050213200,20260915232500,0,24,0,19,2026091523,2026-09-15 23:29:26
4060494400,20260915232500,0,46,0,14,2026091523,2026-09-15 23:29:26
4060363200,20260915232500,0,38,0,68,2026091523,2026-09-15 23:29:26
4060232000,20260915232500,0,16,0,62,2026091523,2026-09-15 23:29:26
4050613500,20260915232500,0,20,0,40,2026091523,2026-09-15 23:29:26
4050529800,20260915232500,0,55,0,3,2026091523,2026-09-15 23:29:26
4050131800,20260915232500,0,22,0,36,2026091523,2026-09-15 23:29:26
4050483200,20260915232500,0,31,0,23,2026091523,2026-09-15 23:29:26
4050399500,20260915232500,0,53,0,33,2026091523,2026-09-15 23:29:26
4050352000,20260915232500,0,38,0,14,2026091523,2026-09-15 23:29:26
4050268300,20260915232500,0,47,0,7,2026091523,2026-09-15 23:29:26
4060066900,20260915232500,0,28,0,68,2026091523,2026-09-15 23:29:26
4050406200,20260915232500,0,14,0,76,2026091523,2026-09-15 23:29:26
4060204800,20260915232500,0,39,0,20,2026091523,2026-09-15 23:29:26
4050270600,20260915232500,0,34,0,4,2026091523,2026-09-15 23:29:26
4050186900,20260915232500,0,4,0,126,2026091523,2026-09-15 23:29:26
4060074500,20260915232500,0,22,0,12,2026091523,2026-09-15 23:29:26
4050324800,20260915232500,0,36,0,17,2026091523,2026-09-15 23:29:26
4060474800,20260915232500,0,47,0,64,2026091523,2026-09-15 23:29:26
4060343600,20260915232500,0,27,0,13,2026091523,2026-09-15 23:29:26
4060259900,20260915232500,0,41,0,5,2026091523,2026-09-15 23:29:26
4060212400,20260915232500,0,49,0,8,2026091523,2026-09-15 23:29:26
4060128700,20260915232500,0,5,0,119,2026091523,2026-09-15 23:29:26
4050194500,20260915232500,0,23,0,10,2026091523,2026-09-15 23:29:26
4050063300,20260915232500,0,20,0,10,2026091523,2026-09-15 23:29:26
4060082100,20260915232500,0,20,0,10,2026091523,2026-09-15 23:29:26
4050594800,20260915232500,0,14,0,218,2026091523,2026-09-15 23:29:26
4050379900,20260915232500,0,34,0,41,2026091523,2026-09-15 23:29:26
4050332400,20260915232500,0,39,0,16,2026091523,2026-09-15 23:29:26
4050248700,20260915232500,0,23,0,21,2026091523,2026-09-15 23:29:26
4050201200,20260915232500,0,33,0,8,2026091523,2026-09-15 23:29:26
4060398700,20260915232500,0,34,0,28,2026091523,2026-09-15 23:29:26
4060351200,20260915232500,0,33,0,56,2026091523,2026-09-15 23:29:26
4060136300,20260915232500,0,36,0,13,2026091523,2026-09-15 23:29:26
4050601500,20260915232500,0,22,0,14,2026091523,2026-09-15 23:29:26
4060536601,20260915232500,0,47,0,30,2026091523,2026-09-15 23:29:26
4060405400,20260915232500,0,35,0,2,2026091523,2026-09-15 23:29:26
4050387500,20260915232500,0,42,0,227,2026091523,2026-09-15 23:29:26
4050340000,20260915232500,0,40,0,10,2026091523,2026-09-15 23:29:26
4050256300,20260915232500,0,32,0,13,2026091523,2026-09-15 23:29:26
4050125100,20260915232500,0,17,0,20,2026091523,2026-09-15 23:29:26
4060490000,20260915232500,0,41,0,7,2026091523,2026-09-15 23:29:26
4060054900,20260915232500,0,25,0,14,2026091523,2026-09-15 23:29:26
4060275100,20260915232500,0,41,0,1,2026091523,2026-09-15 23:29:26
4050525400,20260915232500,0,20,0,103,2026091523,2026-09-15 23:29:26
4050395100,20260915232500,0,37,0,49,2026091523,2026-09-15 23:29:26
4060062502,20260915232500,0,35,0,15,2026091523,2026-09-15 23:29:26
4060193700,20260915232500,0,42,0,6,2026091523,2026-09-15 23:29:26
4060062501,20260915232500,0,32,0,13,2026091523,2026-09-15 23:29:26
4060199000,20260915232500,0,37,0,3,2026091523,2026-09-15 23:29:26
4050312800,20260915232500,0,34,0,16,2026091523,2026-09-15 23:29:26
4050449300,20260915232500,0,24,0,4,2026091523,2026-09-15 23:29:26
4050318100,20260915232500,0,40,0,4,2026091523,2026-09-15 23:29:26
4060462800,20260915232500,0,47,0,145,2026091523,2026-09-15 23:29:26
4060331600,20260915232500,0,47,0,36,2026091523,2026-09-15 23:29:26
4060247900,20260915232500,0,43,0,153,2026091523,2026-09-15 23:29:26
4060116700,20260915232500,0,27,0,15,2026091523,2026-09-15 23:29:26
4060468100,20260915232500,0,45,0,2,2026091523,2026-09-15 23:29:26
4050051300,20260915232500,0,40,0,183,2026091523,2026-09-15 23:29:26
4060070100,20260915232500,0,29,0,19,2026091523,2026-09-15 23:29:26
4050582800,20260915232500,0,25,0,5,2026091523,2026-09-15 23:29:26
4050320400,20260915232500,0,34,0,13,2026091523,2026-09-15 23:29:26
4050236700,20260915232500,0,36,0,10,2026091523,2026-09-15 23:29:26
4050105500,20260915232500,0,8,0,52,2026091523,2026-09-15 23:29:26
4060470400,20260915232500,0,51,0,1,2026091523,2026-09-15 23:29:26
4060255500,20260915232500,0,48,0,25,2026091523,2026-09-15 23:29:26
4060124300,20260915232500,0,38,0,24,2026091523,2026-09-15 23:29:26
4050190100,20260915232500,0,8,0,67,2026091523,2026-09-15 23:29:26
4050505800,20260915232500,0,24,0,17,2026091523,2026-09-15 23:29:26
4060524600,20260915232500,0,23,0,23,2026091523,2026-09-15 23:29:26
4050590400,20260915232500,0,33,0,13,2026091523,2026-09-15 23:29:26
4060309700,20260915232500,0,20,0,43,2026091523,2026-09-15 23:29:26
4050375500,20260915232500,0,43,0,118,2026091523,2026-09-15 23:29:26
4050244300,20260915232500,0,49,0,2,2026091523,2026-09-15 23:29:26
4060394300,20260915232500,0,37,0,2,2026091523,2026-09-15 23:29:26
4060263100,20260915232500,0,59,0,16,2026091523,2026-09-15 23:29:26
4060179400,20260915232500,0,30,0,34,2026091523,2026-09-15 23:29:26
4050513400,20260915232500,0,40,0,95,2026091523,2026-09-15 23:29:26
4050429700,20260915232500,0,44,0,31,2026091523,2026-09-15 23:29:26
4050162902,20260915232500,0,19,0,10,2026091523,2026-09-15 23:29:26
4050162901,20260915232500,0,30,0,14,2026091523,2026-09-15 23:29:26
4060532200,20260915232500,0,37,0,5,2026091523,2026-09-15 23:29:26
4060448500,20260915232500,0,20,0,32,2026091523,2026-09-15 23:29:26
4060401000,20260915232500,0,37,0,39,2026091523,2026-09-15 23:29:26
4050383100,20260915232500,0,34,0,27,2026091523,2026-09-15 23:29:26
4050299400,20260915232500,0,36,0,4,2026091523,2026-09-15 23:29:26
4060181704,20260915232500,0,29,0,23,2026091523,2026-09-15 23:29:26
4050168200,20260915232500,0,31,0,14,2026091523,2026-09-15 23:29:26
4060181703,20260915232500,0,30,0,17,2026091523,2026-09-15 23:29:26
4050037000,20260915232500,0,28,0,81,2026091523,2026-09-15 23:29:26
4060181701,20260915232500,0,27,0,10,2026091523,2026-09-15 23:29:26
4060187000,20260915232500,0,39,0,5,2026091523,2026-09-15 23:29:26
4050300800,20260915232500,0,36,0,5,2026091523,2026-09-15 23:29:26
4050568500,20260915232500,0,40,0,189,2026091523,2026-09-15 23:29:26
4050437300,20260915232500,0,42,0,316,2026091523,2026-09-15 23:29:26
4050306100,20260915232500,0,40,0,17,2026091523,2026-09-15 23:29:26
4060450800,20260915232500,0,35,0,21,2026091523,2026-09-15 23:29:26
4060235900,20260915232500,0,35,0,3,2026091523,2026-09-15 23:29:26
4060104700,20260915232500,0,34,0,12,2026091523,2026-09-15 23:29:26
4060456100,20260915232500,0,39,0,33,2026091523,2026-09-15 23:29:26
4050170500,20260915232500,0,33,0,10,2026091523,2026-09-15 23:29:26
4050355900,20260915232500,0,45,0,4,2026091523,2026-09-15 23:29:26
4050576100,20260915232500,0,22,0,19,2026091523,2026-09-15 23:29:26
4060243500,20260915232500,0,39,0,25,2026091523,2026-09-15 23:29:26
4060112300,20260915232500,0,24,0,10,2026091523,2026-09-15 23:29:26
4060028600,20260915232500,0,12,0,10,2026091523,2026-09-15 23:29:26
4050494700,20260915232500,0,10,0,42,2026091523,2026-09-15 23:29:26
4050279800,20260915232500,0,27,0,66,2026091523,2026-09-15 23:29:26
4050232300,20260915232500,0,23,0,45,2026091523,2026-09-15 23:29:26
4050101100,20260915232500,0,12,0,67,2026091523,2026-09-15 23:29:26
4060030900,20260915232500,0,28,0,6,2026091523,2026-09-15 23:29:26
4060382300,20260915232500,0,41,0,3,2026091523,2026-09-15 23:29:26
4060298600,20260915232500,0,36,0,21,2026091523,2026-09-15 23:29:26
4060251100,20260915232500,0,38,0,138,2026091523,2026-09-15 23:29:26
4060036200,20260915232500,0,38,0,21,2026091523,2026-09-15 23:29:26
4050501400,20260915232500,0,43,0,26,2026091523,2026-09-15 23:29:26
4050417700,20260915232500,0,54,0,137,2026091523,2026-09-15 23:29:26
4060520200,20260915232500,0,17,0,23,2026091523,2026-09-15 23:29:26
4050150900,20260915232500,0,21,0,34,2026091523,2026-09-15 23:29:26
4060305300,20260915232500,0,16,0,54,2026091523,2026-09-15 23:29:26
4050287400,20260915232500,0,49,0,5,2026091523,2026-09-15 23:29:26
4050156200,20260915232500,0,16,0,33,2026091523,2026-09-15 23:29:26
4060223900,20260915232500,0,45,0,4,2026091523,2026-09-15 23:29:26
4060229200,20260915232500,0,38,0,10,2026091523,2026-09-15 23:29:26
4050295000,20260915232500,0,31,0,4,2026091523,2026-09-15 23:29:26
4060093600,20260915232500,0,13,0,19,2026091523,2026-09-15 23:29:26
4050343900,20260915232500,0,46,0,71,2026091523,2026-09-15 23:29:26
4050212700,20260915232500,0,28,0,22,2026091523,2026-09-15 23:29:26
4050564100,20260915232500,0,41,0,222,2026091523,2026-09-15 23:29:26
4050349200,20260915232500,0,31,0,6,2026091523,2026-09-15 23:29:26
4060493900,20260915232500,0,39,0,3,2026091523,2026-09-15 23:29:26
4060362700,20260915232500,0,28,0,60,2026091523,2026-09-15 23:29:26
4060231500,20260915232500,0,32,0,56,2026091523,2026-09-15 23:29:26
4060100300,20260915232500,0,45,0,4,2026091523,2026-09-15 23:29:26
4060368000,20260915232500,0,36,0,10,2026091523,2026-09-15 23:29:26
4050082400,20260915232500,0,7,0,38,2026091523,2026-09-15 23:29:26
4060500600,20260915232500,0,40,0,71,2026091523,2026-09-15 23:29:26
4050482700,20260915232500,0,21,0,11,2026091523,2026-09-15 23:29:26
4050351500,20260915232500,0,36,0,22,2026091523,2026-09-15 23:29:26
4050136602,20260915232500,0,13,0,125,2026091523,2026-09-15 23:29:26
4050267800,20260915232500,0,29,0,7,2026091523,2026-09-15 23:29:26
4050136601,20260915232500,0,29,0,60,2026091523,2026-09-15 23:29:26
4050220300,20260915232500,0,60,0,205,2026091523,2026-09-15 23:29:26
4050005401,20260915232500,0,44,0,69,2026091523,2026-09-15 23:29:26
4050488000,20260915232500,0,49,0,209,2026091523,2026-09-15 23:29:26
4060155400,20260915232500,0,69,0,6,2026091523,2026-09-15 23:29:26
4050090002,20260915232500,0,35,0,1,2026091523,2026-09-15 23:29:26
4050536900,20260915232500,0,54,0,75,2026091523,2026-09-15 23:29:26
4050405700,20260915232500,0,41,0,57,2026091523,2026-09-15 23:29:26
4050490300,20260915232500,0,33,0,101,2026091523,2026-09-15 23:29:26
4060209600,20260915232500,0,38,0,18,2026091523,2026-09-15 23:29:26
4050275400,20260915232500,0,36,0,25,2026091523,2026-09-15 23:29:26
4060079300,20260915232500,0,20,0,16,2026091523,2026-09-15 23:29:26
4050413300,20260915232500,0,52,0,89,2026091523,2026-09-15 23:29:26
4050329600,20260915232500,0,38,0,9,2026091523,2026-09-15 23:29:26
4060211900,20260915232500,0,46,0,25,2026091523,2026-09-15 23:29:26
4060432100,20260915232500,0,46,0,89,2026091523,2026-09-15 23:29:26
4060348400,20260915232500,0,23,0,20,2026091523,2026-09-15 23:29:26
4050062800,20260915232500,0,6,0,36,2026091523,2026-09-15 23:29:26
4060217200,20260915232500,0,49,0,39,2026091523,2026-09-15 23:29:26
4050283000,20260915232500,0,4,0,50,2026091523,2026-09-15 23:29:26
4050199300,20260915232500,0,24,0,12,2026091523,2026-09-15 23:29:26
4050068100,20260915232500,0,15,0,18,2026091523,2026-09-15 23:29:26
4060081600,20260915232500,0,17,0,27,2026091523,2026-09-15 23:29:26
4050331900,20260915232500,0,39,0,20,2026091523,2026-09-15 23:29:26
4050200700,20260915232500,0,32,0,14,2026091523,2026-09-15 23:29:26
4050206006,20260915232500,0,32,0,43,2026091523,2026-09-15 23:29:26
4050599600,20260915232500,0,7,0,149,2026091523,2026-09-15 23:29:26
4050206005,20260915232500,0,8,0,13,2026091523,2026-09-15 23:29:26
4050468400,20260915232500,0,54,0,94,2026091523,2026-09-15 23:29:26
4050206003,20260915232500,0,6,0,49,2026091523,2026-09-15 23:29:26
4050337200,20260915232500,0,38,0,19,2026091523,2026-09-15 23:29:26
4050206001,20260915232500,0,7,0,60,2026091523,2026-09-15 23:29:26
4060350700,20260915232500,0,33,0,48,2026091523,2026-09-15 23:29:26
4060135800,20260915232500,0,2,0,266,2026091523,2026-09-15 23:29:26
4060487200,20260915232500,0,19,0,9,2026091523,2026-09-15 23:29:26
4050070400,20260915232500,0,10,0,39,2026091523,2026-09-15 23:29:26
4050606300,20260915232500,0,64,0,70,2026091523,2026-09-15 23:29:26
4060404900,20260915232500,0,29,0,20,2026091523,2026-09-15 23:29:26
4050470700,20260915232500,0,26,0,33,2026091523,2026-09-15 23:29:26
4050255800,20260915232500,0,36,0,31,2026091523,2026-09-15 23:29:26
4050124600,20260915232500,0,26,0,12,2026091523,2026-09-15 23:29:26
4050476000,20260915232500,0,40,0,27,2026091523,2026-09-15 23:29:26
4060274600,20260915232500,0,29,0,112,2026091523,2026-09-15 23:29:26
4060012202,20260915232500,0,6,0,71,2026091523,2026-09-15 23:29:26
4060012201,20260915232500,0,37,0,16,2026091523,2026-09-15 23:29:26
4060059700,20260915232500,0,19,0,25,2026091523,2026-09-15 23:29:26
4050524900,20260915232500,0,27,0,4,2026091523,2026-09-15 23:29:26
4060412500,20260915232500,0,45,0,68,2026091523,2026-09-15 23:29:26
4060328800,20260915232500,0,45,0,66,2026091523,2026-09-15 23:29:26
4050394600,20260915232500,0,41,0,146,2026091523,2026-09-15 23:29:26
4050263400,20260915232500,0,41,0,11,2026091523,2026-09-15 23:29:26
4050179700,20260915232500,0,24,0,55,2026091523,2026-09-15 23:29:26
4060198500,20260915232500,0,33,0,7,2026091523,2026-09-15 23:29:26
4060067300,20260915232500,0,18,0,21,2026091523,2026-09-15 23:29:26
4050448800,20260915232500,0,33,0,4,2026091523,2026-09-15 23:29:26
4050401300,20260915232500,0,46,0,26,2026091523,2026-09-15 23:29:26
4050317600,20260915232500,0,42,0,17,2026091523,2026-09-15 23:29:26
4060467600,20260915232500,0,39,0,30,2026091523,2026-09-15 23:29:26
4060205200,20260915232500,0,49,0,5,2026091523,2026-09-15 23:29:26
4050271000,20260915232500,0,36,0,8,2026091523,2026-09-15 23:29:26
4050056100,20260915232500,0,10,0,108,2026091523,2026-09-15 23:29:26
4050456400,20260915232500,0,16,0,52,2026091523,2026-09-15 23:29:26
4050325200,20260915232500,0,28,0,10,2026091523,2026-09-15 23:29:26
4060475200,20260915232500,0,23,0,22,2026091523,2026-09-15 23:29:26
4060344000,20260915232500,0,32,0,16,2026091523,2026-09-15 23:29:26
4060129100,20260915232500,0,37,0,14,2026091523,2026-09-15 23:29:26
4050243800,20260915232500,0,52,0,7,2026091523,2026-09-15 23:29:26
4050112600,20260915232500,0,26,0,16,2026091523,2026-09-15 23:29:26
4050464000,20260915232500,0,41,0,42,2026091523,2026-09-15 23:29:26
4050249100,20260915232500,0,38,0,38,2026091523,2026-09-15 23:29:26
4060262600,20260915232500,0,63,0,200,2026091523,2026-09-15 23:29:26
4060178900,20260915232500,0,3,0,238,2026091523,2026-09-15 23:29:26
4060131400,20260915232500,0,26,0,17,2026091523,2026-09-15 23:29:26
4060399100,20260915232500,0,43,0,52,2026091523,2026-09-15 23:29:26
4050512900,20260915232500,0,40,0,82,2026091523,2026-09-15 23:29:26
4060531700,20260915232500,0,59,0,10,2026091523,2026-09-15 23:29:26
4060316800,20260915232500,0,17,0,35,2026091523,2026-09-15 23:29:26
4050382600,20260915232500,0,43,0,68,2026091523,2026-09-15 23:29:26
4060537001,20260915232500,0,43,0,7,2026091523,2026-09-15 23:29:26
4050298900,20260915232500,0,34,0,12,2026091523,2026-09-15 23:29:26
4050251400,20260915232500,0,37,0,11,2026091523,2026-09-15 23:29:26
4050036502,20260915232500,0,47,0,287,2026091523,2026-09-15 23:29:26
4050036501,20260915232500,0,52,0,62,2026091523,2026-09-15 23:29:26
4050120200,20260915232500,0,10,0,32,2026091523,2026-09-15 23:29:26
4060270200,20260915232500,0,34,0,150,2026091523,2026-09-15 23:29:26
4060186500,20260915232500,0,36,0,60,2026091523,2026-09-15 23:29:26
4060055300,20260915232500,0,48,0,35,2026091523,2026-09-15 23:29:26
4050520500,20260915232500,0,43,0,72,2026091523,2026-09-15 23:29:26
4050436800,20260915232500,0,30,0,1,2026091523,2026-09-15 23:29:26
4050305600,20260915232500,0,47,0,8,2026091523,2026-09-15 23:29:26
4060455600,20260915232500,0,31,0,10,2026091523,2026-09-15 23:29:26
4050390200,20260915232500,0,27,0,40,2026091523,2026-09-15 23:29:26
4060109500,20260915232500,0,25,0,19,2026091523,2026-09-15 23:29:26
4050175300,20260915232500,0,20,0,33,2026091523,2026-09-15 23:29:26
4060194100,20260915232500,0,34,0,2,2026091523,2026-09-15 23:29:26
4060509800,20260915232500,0,11,0,87,2026091523,2026-09-15 23:29:26
4050444400,20260915232500,0,54,0,32,2026091523,2026-09-15 23:29:26
4050313200,20260915232500,0,7,0,30,2026091523,2026-09-15 23:29:26
4050229500,20260915232500,0,19,0,60,2026091523,2026-09-15 23:29:26
4060111802,20260915232500,0,39,0,13,2026091523,2026-09-15 23:29:26
4060111801,20260915232500,0,31,0,12,2026091523,2026-09-15 23:29:26
4060379500,20260915232500,0,27,0,22,2026091523,2026-09-15 23:29:26
4060248300,20260915232500,0,43,0,44,2026091523,2026-09-15 23:29:26
4060117100,20260915232500,0,11,0,73,2026091523,2026-09-15 23:29:26
4050099200,20260915232500,0,8,0,31,2026091523,2026-09-15 23:29:26
4050231802,20260915232500,0,24,0,66,2026091523,2026-09-15 23:29:26
4050231801,20260915232500,0,17,0,16,2026091523,2026-09-15 23:29:26
4060517400,20260915232500,0,45,0,14,2026091523,2026-09-15 23:29:26
4050583200,20260915232500,0,29,0,5,2026091523,2026-09-15 23:29:26
4050100600,20260915232500,0,11,0,22,2026091523,2026-09-15 23:29:26
4050499500,20260915232500,0,21,0,12,2026091523,2026-09-15 23:29:26
4050452000,20260915232500,0,36,0,2,2026091523,2026-09-15 23:29:26
4050368300,20260915232500,0,32,0,26,2026091523,2026-09-15 23:29:26
4050237100,20260915232500,0,33,0,5,2026091523,2026-09-15 23:29:26
4060250600,20260915232500,0,47,0,15,2026091523,2026-09-15 23:29:26
4060035700,20260915232500,0,29,0,23,2026091523,2026-09-15 23:29:26
4060387100,20260915232500,0,44,0,36,2026091523,2026-09-15 23:29:26
4050500900,20260915232500,0,7,0,25,2026091523,2026-09-15 23:29:26
4050506200,20260915232500,0,47,0,24,2026091523,2026-09-15 23:29:26
4060304800,20260915232500,0,43,0,21,2026091523,2026-09-15 23:29:26
4050370600,20260915232500,0,44,0,21,2026091523,2026-09-15 23:29:26
4050286900,20260915232500,0,47,0,51,2026091523,2026-09-15 23:29:26
4060525000,20260915232500,0,49,0,177,2026091523,2026-09-15 23:29:26
4060043302,20260915232500,0,40,0,5,2026091523,2026-09-15 23:29:26
4060043301,20260915232500,0,43,0,44,2026091523,2026-09-15 23:29:26
4050424800,20260915232500,0,45,0,25,2026091523,2026-09-15 23:29:26
4050209900,20260915232500,0,27,0,35,2026091523,2026-09-15 23:29:26
4060443600,20260915232500,0,49,0,59,2026091523,2026-09-15 23:29:26
4060359900,20260915232500,0,7,0,60,2026091523,2026-09-15 23:29:26
4060312400,20260915232500,0,49,0,13,2026091523,2026-09-15 23:29:26
4060228700,20260915232500,0,37,0,9,2026091523,2026-09-15 23:29:26
4050163300,20260915232500,0,35,0,7,2026091523,2026-09-15 23:29:26
4050079600,20260915232500,0,9,0,39,2026091523,2026-09-15 23:29:26
4050032100,20260915232500,0,38,0,8,2026091523,2026-09-15 23:29:26
4060182102,20260915232500,0,26,0,15,2026091523,2026-09-15 23:29:26
4060182101,20260915232500,0,35,0,34,2026091523,2026-09-15 23:29:26
4060098400,20260915232500,0,37,0,6,2026091523,2026-09-15 23:29:26
4050563600,20260915232500,0,43,0,169,2026091523,2026-09-15 23:29:26
4050432400,20260915232500,0,41,0,23,2026091523,2026-09-15 23:29:26
4050348700,20260915232500,0,44,0,3,2026091523,2026-09-15 23:29:26
4050301200,20260915232500,0,8,0,26,2026091523,2026-09-15 23:29:26
4060498700,20260915232500,0,39,0,224,2026091523,2026-09-15 23:29:26
4060451200,20260915232500,0,25,0,61,2026091523,2026-09-15 23:29:26
4060367500,20260915232500,0,42,0,108,2026091523,2026-09-15 23:29:26
4050081900,20260915232500,0,19,0,16,2026091523,2026-09-15 23:29:26
4060320000,20260915232500,0,14,0,25,2026091523,2026-09-15 23:29:26
4060236300,20260915232500,0,36,0,4,2026091523,2026-09-15 23:29:26
4060105100,20260915232500,0,27,0,17,2026091523,2026-09-15 23:29:26
4050617801,20260915232500,0,41,0,15,2026091523,2026-09-15 23:29:26
4050087200,20260915232500,0,16,0,12,2026091523,2026-09-15 23:29:26
4060505400,20260915232500,0,38,0,108,2026091523,2026-09-15 23:29:26
4050487500,20260915232500,0,39,0,140,2026091523,2026-09-15 23:29:26
4050356300,20260915232500,0,54,0,7,2026091523,2026-09-15 23:29:26
4050274900,20260915232500,0,28,0,76,2026091523,2026-09-15 23:29:26
4050143700,20260915232500,0,9,0,32,2026091523,2026-09-15 23:29:26
4060299000,20260915232500,0,32,0,55,2026091523,2026-09-15 23:29:26
4050412800,20260915232500,0,38,0,55,2026091523,2026-09-15 23:29:26
4050549300,20260915232500,0,11,0,16,2026091523,2026-09-15 23:29:26
4060431600,20260915232500,0,37,0,7,2026091523,2026-09-15 23:29:26
4060347900,20260915232500,0,4,0,48,2026091523,2026-09-15 23:29:26
4060300400,20260915232500,0,28,0,9,2026091523,2026-09-15 23:29:26
4060216700,20260915232500,0,41,0,5,2026091523,2026-09-15 23:29:26
4050282500,20260915232500,0,41,0,54,2026091523,2026-09-15 23:29:26
4050198800,20260915232500,0,22,0,47,2026091523,2026-09-15 23:29:26
4050151300,20260915232500,0,10,0,62,2026091523,2026-09-15 23:29:26
4050067600,20260915232500,0,16,0,25,2026091523,2026-09-15 23:29:26
4060170104,20260915232500,0,37,0,13,2026091523,2026-09-15 23:29:26
4060170103,20260915232500,0,34,0,19,2026091523,2026-09-15 23:29:26
4060170102,20260915232500,0,33,0,8,2026091523,2026-09-15 23:29:26
4060086400,20260915232500,0,12,0,43,2026091523,2026-09-15 23:29:26
4050551600,20260915232500,0,22,0,31,2026091523,2026-09-15 23:29:26
4050467900,20260915232500,0,41,0,19,2026091523,2026-09-15 23:29:26
4050420400,20260915232500,0,26,0,81,2026091523,2026-09-15 23:29:26
4050336700,20260915232500,0,49,0,2,2026091523,2026-09-15 23:29:26
4050205500,20260915232500,0,21,0,9,2026091523,2026-09-15 23:29:26
4060486700,20260915232500,0,37,0,21,2026091523,2026-09-15 23:29:26
4060355500,20260915232500,0,29,0,8,2026091523,2026-09-15 23:29:26
4060224300,20260915232500,0,38,0,8,2026091523,2026-09-15 23:29:26
4050290100,20260915232500,0,36,0,7,2026091523,2026-09-15 23:29:26
4050075200,20260915232500,0,6,0,34,2026091523,2026-09-15 23:29:26
4050605800,20260915232500,0,33,0,48,2026091523,2026-09-15 23:29:26
4060094000,20260915232500,0,18,0,9,2026091523,2026-09-15 23:29:26
4060409700,20260915232500,0,19,0,59,2026091523,2026-09-15 23:29:26
4050344300,20260915232500,0,40,0,95,2026091523,2026-09-15 23:29:26
4050213100,20260915232500,0,22,0,21,2026091523,2026-09-15 23:29:26
4060142900,20260915232500,0,42,0,25,2026091523,2026-09-15 23:29:26
4060494300,20260915232500,0,43,0,13,2026091523,2026-09-15 23:29:26
4060363100,20260915232500,0,39,0,66,2026091523,2026-09-15 23:29:26
4050613400,20260915232500,0,24,0,33,2026091523,2026-09-15 23:29:26
4050529700,20260915232500,0,52,0,10,2026091523,2026-09-15 23:29:26
4050262900,20260915232500,0,36,0,8,2026091523,2026-09-15 23:29:26
4050131700,20260915232500,0,11,0,74,2026091523,2026-09-15 23:29:26
4050399400,20260915232500,0,45,0,38,2026091523,2026-09-15 23:29:26
4050268200,20260915232500,0,32,0,10,2026091523,2026-09-15 23:29:26
4060066800,20260915232500,0,28,0,8,2026091523,2026-09-15 23:29:26
4060335900,20260915232500,0,32,0,67,2026091523,2026-09-15 23:29:26
4060204700,20260915232500,0,50,0,16,2026091523,2026-09-15 23:29:26
4050270500,20260915232500,0,34,0,11,2026091523,2026-09-15 23:29:26
4050186800,20260915232500,0,33,0,16,2026091523,2026-09-15 23:29:26
4050055600,20260915232500,0,12,0,69,2026091523,2026-09-15 23:29:26
4060074400,20260915232500,0,16,0,16,2026091523,2026-09-15 23:29:26
4050455900,20260915232500,0,51,0,1,2026091523,2026-09-15 23:29:26
4050324700,20260915232500,0,29,0,10,2026091523,2026-09-15 23:29:26
4060474700,20260915232500,0,46,0,65,2026091523,2026-09-15 23:29:26
4060259800,20260915232500,0,34,0,6,2026091523,2026-09-15 23:29:26
4060212300,20260915232500,0,44,0,4,2026091523,2026-09-15 23:29:26
4060128600,20260915232500,0,20,0,28,2026091523,2026-09-15 23:29:26
4060082000,20260915232500,0,17,0,12,2026091523,2026-09-15 23:29:26
4050594700,20260915232500,0,33,0,92,2026091523,2026-09-15 23:29:26
4050463500,20260915232500,0,32,0,154,2026091523,2026-09-15 23:29:26
4050379800,20260915232500,0,37,0,37,2026091523,2026-09-15 23:29:26
4050332300,20260915232500,0,41,0,6,2026091523,2026-09-15 23:29:26
4050248600,20260915232500,0,26,0,18,2026091523,2026-09-15 23:29:26
4050201100,20260915232500,0,29,0,9,2026091523,2026-09-15 23:29:26
4050117400,20260915232500,0,6,0,69,2026091523,2026-09-15 23:29:26
4060130900,20260915232500,0,28,0,8,2026091523,2026-09-15 23:29:26
4060398600,20260915232500,0,27,0,38,2026091523,2026-09-15 23:29:26
4060136200,20260915232500,0,15,0,21,2026091523,2026-09-15 23:29:26
4050601400,20260915232500,0,24,0,13,2026091523,2026-09-15 23:29:26
4060536501,20260915232500,0,14,0,108,2026091523,2026-09-15 23:29:26
4050250900,20260915232500,0,42,0,16,2026091523,2026-09-15 23:29:26
4060405300,20260915232500,0,29,0,5,2026091523,2026-09-15 23:29:26
4050471100,20260915232500,0,51,0,17,2026091523,2026-09-15 23:29:26
4050387400,20260915232500,0,41,0,235,2026091523,2026-09-15 23:29:26
4050256200,20260915232500,0,36,0,11,2026091523,2026-09-15 23:29:26
4060054800,20260915232500,0,20,0,13,2026091523,2026-09-15 23:29:26
4060275000,20260915232500,0,36,0,2,2026091523,2026-09-15 23:29:26
4050525300,20260915232500,0,36,0,87,2026091523,2026-09-15 23:29:26
4060323900,20260915232500,0,32,0,4,2026091523,2026-09-15 23:29:26
4060329200,20260915232500,0,43,0,11,2026091523,2026-09-15 23:29:26
4050043600,20260915232500,0,13,0,42,2026091523,2026-09-15 23:29:26
4050395000,20260915232500,0,27,0,68,2026091523,2026-09-15 23:29:26
4060193600,20260915232500,0,38,0,7,2026091523,2026-09-15 23:29:26
4060062400,20260915232500,0,29,0,17,2026091523,2026-09-15 23:29:26
4050312700,20260915232500,0,25,0,16,2026091523,2026-09-15 23:29:26
4050449200,20260915232500,0,20,0,5,2026091523,2026-09-15 23:29:26
4050318000,20260915232500,0,40,0,4,2026091523,2026-09-15 23:29:26
4060462700,20260915232500,0,42,0,161,2026091523,2026-09-15 23:29:26
4060331500,20260915232500,0,38,0,46,2026091523,2026-09-15 23:29:26
4060247800,20260915232500,0,51,0,128,2026091523,2026-09-15 23:29:26
4060200300,20260915232500,0,34,0,4,2026091523,2026-09-15 23:29:26
4060116600,20260915232500,0,36,0,11,2026091523,2026-09-15 23:29:26
4060468000,20260915232500,0,16,0,90,2026091523,2026-09-15 23:29:26
4050182400,20260915232500,0,13,0,31,2026091523,2026-09-15 23:29:26
4060070000,20260915232500,0,20,0,23,2026091523,2026-09-15 23:29:26
4050582700,20260915232500,0,14,0,19,2026091523,2026-09-15 23:29:26
4050451500,20260915232500,0,45,0,140,2026091523,2026-09-15 23:29:26
4050320300,20260915232500,0,36,0,13,2026091523,2026-09-15 23:29:26
4050236600,20260915232500,0,40,0,9,2026091523,2026-09-15 23:29:26
4060470300,20260915232500,0,45,0,1,2026091523,2026-09-15 23:29:26
4060255400,20260915232500,0,43,0,28,2026091523,2026-09-15 23:29:26
4060124200,20260915232500,0,37,0,26,2026091523,2026-09-15 23:29:26
4050505700,20260915232500,0,35,0,222,2026091523,2026-09-15 23:29:26
4060524500,20260915232500,0,10,0,53,2026091523,2026-09-15 23:29:26
4050590300,20260915232500,0,28,0,3,2026091523,2026-09-15 23:29:26
4060309600,20260915232500,0,27,0,52,2026091523,2026-09-15 23:29:26
4050375400,20260915232500,0,42,0,122,2026091523,2026-09-15 23:29:26
4050244200,20260915232500,0,44,0,2,2026091523,2026-09-15 23:29:26
4050113000,20260915232500,0,17,0,24,2026091523,2026-09-15 23:29:26
4060263000,20260915232500,0,51,0,18,2026091523,2026-09-15 23:29:26
4060179300,20260915232500,0,33,0,19,2026091523,2026-09-15 23:29:26
4050513300,20260915232500,0,42,0,1,2026091523,2026-09-15 23:29:26
4050429600,20260915232500,0,47,0,29,2026091523,2026-09-15 23:29:26
4060311900,20260915232500,0,41,0,150,2026091523,2026-09-15 23:29:26
4060532100,20260915232500,0,31,0,6,2026091523,2026-09-15 23:29:26
4060448400,20260915232500,0,16,0,42,2026091523,2026-09-15 23:29:26
4050162800,20260915232500,0,20,0,24,2026091523,2026-09-15 23:29:26
4050383000,20260915232500,0,27,0,34,2026091523,2026-09-15 23:29:26
4050299300,20260915232500,0,46,0,5,2026091523,2026-09-15 23:29:26
4060181604,20260915232500,0,33,0,15,2026091523,2026-09-15 23:29:26
4050168100,20260915232500,0,34,0,12,2026091523,2026-09-15 23:29:26
4060181603,20260915232500,0,38,0,18,2026091523,2026-09-15 23:29:26
4060181602,20260915232500,0,30,0,9,2026091523,2026-09-15 23:29:26
4060097900,20260915232500,0,13,0,82,2026091523,2026-09-15 23:29:26
4050431900,20260915232500,0,35,0,14,2026091523,2026-09-15 23:29:26
4050300700,20260915232500,0,44,0,10,2026091523,2026-09-15 23:29:26
4050568400,20260915232500,0,40,0,188,2026091523,2026-09-15 23:29:26
4050437200,20260915232500,0,43,0,307,2026091523,2026-09-15 23:29:26
4050306000,20260915232500,0,30,0,25,2026091523,2026-09-15 23:29:26
4060450700,20260915232500,0,12,0,64,2026091523,2026-09-15 23:29:26
4060235800,20260915232500,0,31,0,3,2026091523,2026-09-15 23:29:26
4060104600,20260915232500,0,34,0,11,2026091523,2026-09-15 23:29:26
4060456000,20260915232500,0,34,0,23,2026091523,2026-09-15 23:29:26
4050570700,20260915232500,0,7,0,31,2026091523,2026-09-15 23:29:26
4050355800,20260915232500,0,40,0,5,2026091523,2026-09-15 23:29:26
4050576000,20260915232500,0,19,0,24,2026091523,2026-09-15 23:29:26
4060243400,20260915232500,0,32,0,31,2026091523,2026-09-15 23:29:26
4060112200,20260915232500,0,43,0,62,2026091523,2026-09-15 23:29:26
4060028500,20260915232500,0,42,0,3,2026091523,2026-09-15 23:29:26
4050494600,20260915232500,0,5,0,84,2026091523,2026-09-15 23:29:26
4050279700,20260915232500,0,28,0,43,2026091523,2026-09-15 23:29:26
4050232200,20260915232500,0,13,0,80,2026091523,2026-09-15 23:29:26
4050101000,20260915232500,0,11,0,97,2026091523,2026-09-15 23:29:26
4060382200,20260915232500,0,48,0,2,2026091523,2026-09-15 23:29:26
4060298500,20260915232500,0,42,0,4,2026091523,2026-09-15 23:29:26
4060251000,20260915232500,0,43,0,122,2026091523,2026-09-15 23:29:26
4060036100,20260915232500,0,36,0,16,2026091523,2026-09-15 23:29:26
4050417600,20260915232500,0,60,0,124,2026091523,2026-09-15 23:29:26
4060520100,20260915232500,0,23,0,17,2026091523,2026-09-15 23:29:26
4060305200,20260915232500,0,40,0,61,2026091523,2026-09-15 23:29:26
4050287300,20260915232500,0,47,0,42,2026091523,2026-09-15 23:29:26
4050156100,20260915232500,0,9,0,60,2026091523,2026-09-15 23:29:26
4060085900,20260915232500,0,25,0,13,2026091523,2026-09-15 23:29:26
4060223800,20260915232500,0,42,0,4,2026091523,2026-09-15 23:29:26
4060444000,20260915232500,0,22,0,26,2026091523,2026-09-15 23:29:26
4060229100,20260915232500,0,45,0,9,2026091523,2026-09-15 23:29:26
4060093500,20260915232500,0,14,0,17,2026091523,2026-09-15 23:29:26
4050343800,20260915232500,0,39,0,84,2026091523,2026-09-15 23:29:26
4050212600,20260915232500,0,19,0,23,2026091523,2026-09-15 23:29:26
4050564000,20260915232500,0,50,0,183,2026091523,2026-09-15 23:29:26
4050349100,20260915232500,0,32,0,5,2026091523,2026-09-15 23:29:26
4060493800,20260915232500,0,34,0,4,2026091523,2026-09-15 23:29:26
4060362600,20260915232500,0,41,0,13,2026091523,2026-09-15 23:29:26
4060231400,20260915232500,0,38,0,47,2026091523,2026-09-15 23:29:26
4060100200,20260915232500,0,31,0,7,2026091523,2026-09-15 23:29:26
4050082300,20260915232500,0,20,0,13,2026091523,2026-09-15 23:29:26
4050612900,20260915232500,0,43,0,218,2026091523,2026-09-15 23:29:26
4060500500,20260915232500,0,43,0,68,2026091523,2026-09-15 23:29:26
4050482600,20260915232500,0,18,0,12,2026091523,2026-09-15 23:29:26
4050398900,20260915232500,0,52,0,162,2026091523,2026-09-15 23:29:26
4050351400,20260915232500,0,41,0,19,2026091523,2026-09-15 23:29:26
4050136502,20260915232500,0,25,0,73,2026091523,2026-09-15 23:29:26
4050267700,20260915232500,0,48,0,3,2026091523,2026-09-15 23:29:26
4050136501,20260915232500,0,27,0,58,2026091523,2026-09-15 23:29:26
4050220200,20260915232500,0,69,0,178,2026091523,2026-09-15 23:29:26
4050005301,20260915232500,0,40,0,76,2026091523,2026-09-15 23:29:26
4060370200,20260915232500,0,38,0,4,2026091523,2026-09-15 23:29:26
4060155300,20260915232500,0,54,0,9,2026091523,2026-09-15 23:29:26
4050536800,20260915232500,0,50,0,82,2026091523,2026-09-15 23:29:26
4050405600,20260915232500,0,43,0,54,2026091523,2026-09-15 23:29:26
4050490200,20260915232500,0,32,0,104,2026091523,2026-09-15 23:29:26
4060209500,20260915232500,0,23,0,23,2026091523,2026-09-15 23:29:26
4050275300,20260915232500,0,37,0,13,2026091523,2026-09-15 23:29:26
4050144100,20260915232500,0,23,0,43,2026091523,2026-09-15 23:29:26
4060294100,20260915232500,0,32,0,47,2026091523,2026-09-15 23:29:26
4060079200,20260915232500,0,14,0,29,2026091523,2026-09-15 23:29:26
4050413200,20260915232500,0,58,0,79,2026091523,2026-09-15 23:29:26
4050329500,20260915232500,0,39,0,14,2026091523,2026-09-15 23:29:26
4060211800,20260915232500,0,42,0,28,2026091523,2026-09-15 23:29:26
4050193900,20260915232500,0,7,0,66,2026091523,2026-09-15 23:29:26
4060348300,20260915232500,0,45,0,87,2026091523,2026-09-15 23:29:26
4050062700,20260915232500,0,21,0,10,2026091523,2026-09-15 23:29:26
4060217100,20260915232500,0,30,0,21,2026091523,2026-09-15 23:29:26
4050199200,20260915232500,0,28,0,16,2026091523,2026-09-15 23:29:26
4050068000,20260915232500,0,23,0,15,2026091523,2026-09-15 23:29:26
4060081500,20260915232500,0,22,0,20,2026091523,2026-09-15 23:29:26
4050331800,20260915232500,0,34,0,23,2026091523,2026-09-15 23:29:26
4050599500,20260915232500,0,28,0,14,2026091523,2026-09-15 23:29:26
4050468300,20260915232500,0,53,0,132,2026091523,2026-09-15 23:29:26
4050337100,20260915232500,0,41,0,9,2026091523,2026-09-15 23:29:26
4060350600,20260915232500,0,32,0,50,2026091523,2026-09-15 23:29:26
4060266900,20260915232500,0,49,0,28,2026091523,2026-09-15 23:29:26
4060135700,20260915232500,0,18,0,30,2026091523,2026-09-15 23:29:26
4060487100,20260915232500,0,20,0,8,2026091523,2026-09-15 23:29:26
4050070300,20260915232500,0,11,0,35,2026091523,2026-09-15 23:29:26
4050600900,20260915232500,0,12,0,52,2026091523,2026-09-15 23:29:26
4050606200,20260915232500,0,59,0,76,2026091523,2026-09-15 23:29:26
4060404800,20260915232500,0,26,0,24,2026091523,2026-09-15 23:29:26
4050470600,20260915232500,0,31,0,27,2026091523,2026-09-15 23:29:26
4050255700,20260915232500,0,47,0,10,2026091523,2026-09-15 23:29:26
4050124500,20260915232500,0,23,0,12,2026091523,2026-09-15 23:29:26
4060274500,20260915232500,0,19,0,91,2026091523,2026-09-15 23:29:26
4060012102,20260915232500,0,33,0,17,2026091523,2026-09-15 23:29:26
4060143300,20260915232500,0,22,0,56,2026091523,2026-09-15 23:29:26
4060012101,20260915232500,0,25,0,17,2026091523,2026-09-15 23:29:26
4060059600,20260915232500,0,14,0,44,2026091523,2026-09-15 23:29:26
4050524800,20260915232500,0,46,0,2,2026091523,2026-09-15 23:29:26
4050309900,20260915232500,0,51,0,8,2026091523,2026-09-15 23:29:26
4060459900,20260915232500,0,41,0,112,2026091523,2026-09-15 23:29:26
4060328700,20260915232500,0,49,0,61,2026091523,2026-09-15 23:29:26
4050263300,20260915232500,0,50,0,4,2026091523,2026-09-15 23:29:26
4050179600,20260915232500,0,25,0,21,2026091523,2026-09-15 23:29:26
4050048400,20260915232500,0,16,0,25,2026091523,2026-09-15 23:29:26
4060061900,20260915232500,0,22,0,6,2026091523,2026-09-15 23:29:26
4060198400,20260915232500,0,40,0,6,2026091523,2026-09-15 23:29:26
4060067200,20260915232500,0,24,0,74,2026091523,2026-09-15 23:29:26
4050579900,20260915232500,0,16,0,11,2026091523,2026-09-15 23:29:26
4050532400,20260915232500,0,33,0,18,2026091523,2026-09-15 23:29:26
4050448700,20260915232500,0,27,0,56,2026091523,2026-09-15 23:29:26
4050401200,20260915232500,0,41,0,28,2026091523,2026-09-15 23:29:26
4050317500,20260915232500,0,17,0,38,2026091523,2026-09-15 23:29:26
4060467500,20260915232500,0,48,0,23,2026091523,2026-09-15 23:29:26
4060205100,20260915232500,0,48,0,5,2026091523,2026-09-15 23:29:26
4050187200,20260915232500,0,27,0,11,2026091523,2026-09-15 23:29:26
4050056000,20260915232500,0,5,0,59,2026091523,2026-09-15 23:29:26
4050104902,20260915232500,0,21,0,4,2026091523,2026-09-15 23:29:26
4050104901,20260915232500,0,27,0,7,2026091523,2026-09-15 23:29:26
4050587500,20260915232500,0,26,0,124,2026091523,2026-09-15 23:29:26
4050456300,20260915232500,0,37,0,73,2026091523,2026-09-15 23:29:26
4050325100,20260915232500,0,11,0,28,2026091523,2026-09-15 23:29:26
4060254900,20260915232500,0,36,0,49,2026091523,2026-09-15 23:29:26
4060123700,20260915232500,0,29,0,19,2026091523,2026-09-15 23:29:26
4060475100,20260915232500,0,27,0,19,2026091523,2026-09-15 23:29:26
4050243700,20260915232500,0,48,0,2,2026091523,2026-09-15 23:29:26
4050112500,20260915232500,0,25,0,17,2026091523,2026-09-15 23:29:26
4050249000,20260915232500,0,31,0,48,2026091523,2026-09-15 23:29:26
4050479300,20260915232500,0,45,0,43,2026091523,2026-09-15 23:29:26
4050348100,20260915232500,0,40,0,11,2026091523,2026-09-15 23:29:26
4060492800,20260915232500,0,32,0,5,2026091523,2026-09-15 23:29:26
4060361600,20260915232500,0,21,0,17,2026091523,2026-09-15 23:29:26
4060230400,20260915232500,0,38,0,20,2026091523,2026-09-15 23:29:26
4050611900,20260915232500,0,42,0,23,2026091523,2026-09-15 23:29:26
4050081300,20260915232500,0,14,0,13,2026091523,2026-09-15 23:29:26
4060415800,20260915232500,0,63,0,4,2026091523,2026-09-15 23:29:26
4050397900,20260915232500,0,14,0,31,2026091523,2026-09-15 23:29:26
4050350400,20260915232500,0,34,0,14,2026091523,2026-09-15 23:29:26
4050266700,20260915232500,0,54,0,6,2026091523,2026-09-15 23:29:26
4050404600,20260915232500,0,47,0,2,2026091523,2026-09-15 23:29:26
4060339700,20260915232500,0,32,0,67,2026091523,2026-09-15 23:29:26
4060208500,20260915232500,0,42,0,3,2026091523,2026-09-15 23:29:26
4050274300,20260915232500,0,38,0,53,2026091523,2026-09-15 23:29:26
4050143100,20260915232500,0,12,0,15,2026091523,2026-09-15 23:29:26
4060072900,20260915232500,0,19,0,13,2026091523,2026-09-15 23:29:26
4060078200,20260915232500,0,19,0,58,2026091523,2026-09-15 23:29:26
4050543400,20260915232500,0,38,0,220,2026091523,2026-09-15 23:29:26
4050459700,20260915232500,0,44,0,35,2026091523,2026-09-15 23:29:26
4050412200,20260915232500,0,46,0,100,2026091523,2026-09-15 23:29:26
4050328500,20260915232500,0,32,0,3,2026091523,2026-09-15 23:29:26
4060210800,20260915232500,0,31,0,437,2026091523,2026-09-15 23:29:26
4060431000,20260915232500,0,32,0,36,2026091523,2026-09-15 23:29:26
4060347300,20260915232500,0,31,0,47,2026091523,2026-09-15 23:29:26
4060216100,20260915232500,0,39,0,9,2026091523,2026-09-15 23:29:26
4050198200,20260915232500,0,22,0,20,2026091523,2026-09-15 23:29:26
4050067000,20260915232500,0,21,0,11,2026091523,2026-09-15 23:29:26
4060080500,20260915232500,0,15,0,41,2026091523,2026-09-15 23:29:26
4050330800,20260915232500,0,30,0,16,2026091523,2026-09-15 23:29:26
4050598500,20260915232500,0,32,0,25,2026091523,2026-09-15 23:29:26
4050467300,20260915232500,0,32,0,177,2026091523,2026-09-15 23:29:26
4060134706,20260915232500,0,29,0,12,2026091523,2026-09-15 23:29:26
4050336100,20260915232500,0,38,0,25,2026091523,2026-09-15 23:29:26
4060134705,20260915232500,0,35,0,9,2026091523,2026-09-15 23:29:26
4060134704,20260915232500,0,35,0,13,2026091523,2026-09-15 23:29:26
4060134703,20260915232500,0,33,0,23,2026091523,2026-09-15 23:29:26
4060265900,20260915232500,0,40,0,166,2026091523,2026-09-15 23:29:26
4060134701,20260915232500,0,25,0,12,2026091523,2026-09-15 23:29:26
4050605200,20260915232500,0,21,0,330,2026091523,2026-09-15 23:29:26
4050385900,20260915232500,0,58,0,229,2026091523,2026-09-15 23:29:26
4050254700,20260915232500,0,43,0,25,2026091523,2026-09-15 23:29:26
4050123500,20260915232500,0,31,0,33,2026091523,2026-09-15 23:29:26
4050039800,20260915232500,0,37,0,76,2026091523,2026-09-15 23:29:26
4060142304,20260915232500,0,21,0,45,2026091523,2026-09-15 23:29:26
4060142303,20260915232500,0,29,0,18,2026091523,2026-09-15 23:29:26
4060142302,20260915232500,0,13,0,90,2026091523,2026-09-15 23:29:26
4060273500,20260915232500,0,29,0,16,2026091523,2026-09-15 23:29:26
4060011102,20260915232500,0,18,0,56,2026091523,2026-09-15 23:29:26
4060011101,20260915232500,0,19,0,31,2026091523,2026-09-15 23:29:26
4050523800,20260915232500,0,45,0,24,2026091523,2026-09-15 23:29:26
4050308900,20260915232500,0,9,0,98,2026091523,2026-09-15 23:29:26
4060458900,20260915232500,0,39,0,52,2026091523,2026-09-15 23:29:26
4060411400,20260915232500,0,8,0,45,2026091523,2026-09-15 23:29:26
4060327700,20260915232500,0,33,0,170,2026091523,2026-09-15 23:29:26
4050393500,20260915232500,0,22,0,53,2026091523,2026-09-15 23:29:26
4050262300,20260915232500,0,37,0,7,2026091523,2026-09-15 23:29:26
4050047401,20260915232500,0,33,0,158,2026091523,2026-09-15 23:29:26
4050131100,20260915232500,0,26,0,27,2026091523,2026-09-15 23:29:26
4060060900,20260915232500,0,10,0,11,2026091523,2026-09-15 23:29:26
4060197400,20260915232500,0,31,0,13,2026091523,2026-09-15 23:29:26
4060066200,20260915232500,0,29,0,46,2026091523,2026-09-15 23:29:26
4050447700,20260915232500,0,29,0,41,2026091523,2026-09-15 23:29:26
4050400200,20260915232500,0,31,0,69,2026091523,2026-09-15 23:29:26
4050316500,20260915232500,0,23,0,38,2026091523,2026-09-15 23:29:26
4060466500,20260915232500,0,63,0,3,2026091523,2026-09-15 23:29:26
4050180900,20260915232500,0,37,0,259,2026091523,2026-09-15 23:29:26
4060204100,20260915232500,0,47,0,5,2026091523,2026-09-15 23:29:26
4050186200,20260915232500,0,32,0,23,2026091523,2026-09-15 23:29:26
4050103900,20260915232500,0,23,0,17,2026091523,2026-09-15 23:29:26
4050455300,20260915232500,0,38,0,48,2026091523,2026-09-15 23:29:26
4060122706,20260915232500,0,33,0,8,2026091523,2026-09-15 23:29:26
4050324100,20260915232500,0,43,0,20,2026091523,2026-09-15 23:29:26
4060122705,20260915232500,0,35,0,16,2026091523,2026-09-15 23:29:26
4060122703,20260915232500,0,26,0,17,2026091523,2026-09-15 23:29:26
4050109200,20260915232500,0,33,0,60,2026091523,2026-09-15 23:29:26
4060253900,20260915232500,0,41,0,53,2026091523,2026-09-15 23:29:26
4060122701,20260915232500,0,43,0,116,2026091523,2026-09-15 23:29:26
4060474100,20260915232500,0,34,0,10,2026091523,2026-09-15 23:29:26
4060259200,20260915232500,0,45,0,4,2026091523,2026-09-15 23:29:26
4060128000,20260915232500,0,5,0,105,2026091523,2026-09-15 23:29:26
4050509500,20260915232500,0,46,0,40,2026091523,2026-09-15 23:29:26
4050373900,20260915232500,0,43,0,28,2026091523,2026-09-15 23:29:26
4050242700,20260915232500,0,35,0,9,2026091523,2026-09-15 23:29:26
4050594100,20260915232500,0,33,0,37,2026091523,2026-09-15 23:29:26
4050111500,20260915232500,0,16,0,35,2026091523,2026-09-15 23:29:26
4050248000,20260915232500,0,24,0,40,2026091523,2026-09-15 23:29:26
4060261500,20260915232500,0,48,0,11,2026091523,2026-09-15 23:29:26
4060177800,20260915232500,0,15,0,67,2026091523,2026-09-15 23:29:26
4060130300,20260915232500,0,33,0,17,2026091523,2026-09-15 23:29:26
4060046600,20260915232500,0,48,0,7,2026091523,2026-09-15 23:29:26
4060398000,20260915232500,0,29,0,2,2026091523,2026-09-15 23:29:26
4050511800,20260915232500,0,35,0,40,2026091523,2026-09-15 23:29:26
4060446900,20260915232500,0,30,0,193,2026091523,2026-09-15 23:29:26
4060315700,20260915232500,0,6,0,42,2026091523,2026-09-15 23:29:26
4050381500,20260915232500,0,48,0,112,2026091523,2026-09-15 23:29:26
4050297800,20260915232500,0,48,0,7,2026091523,2026-09-15 23:29:26
4050166600,20260915232500,0,14,0,8,2026091523,2026-09-15 23:29:26
4060185400,20260915232500,0,40,0,74,2026091523,2026-09-15 23:29:26
4060054200,20260915232500,0,14,0,26,2026091523,2026-09-15 23:29:26
4050566900,20260915232500,0,31,0,11,2026091523,2026-09-15 23:29:26
4050304500,20260915232500,0,20,0,10,2026091523,2026-09-15 23:29:26
4060323300,20260915232500,0,44,0,64,2026091523,2026-09-15 23:29:26
4060239600,20260915232500,0,33,0,11,2026091523,2026-09-15 23:29:26
4060108400,20260915232500,0,24,0,16,2026091523,2026-09-15 23:29:26
4050174200,20260915232500,0,30,0,16,2026091523,2026-09-15 23:29:26
4060355400,20260915232500,0,30,0,8,2026091523,2026-09-15 23:29:26
4060224200,20260915232500,0,46,0,7,2026091523,2026-09-15 23:29:26
4050290000,20260915232500,0,32,0,8,2026091523,2026-09-15 23:29:26
4050075100,20260915232500,0,20,0,10,2026091523,2026-09-15 23:29:26
4050605700,20260915232500,0,33,0,8,2026091523,2026-09-15 23:29:26
4060409600,20260915232500,0,48,0,23,2026091523,2026-09-15 23:29:26
4050344200,20260915232500,0,44,0,87,2026091523,2026-09-15 23:29:26
4050213000,20260915232500,0,27,0,22,2026091523,2026-09-15 23:29:26
4060494200,20260915232500,0,43,0,8,2026091523,2026-09-15 23:29:26
4060363000,20260915232500,0,25,0,14,2026091523,2026-09-15 23:29:26
4050529600,20260915232500,0,46,0,12,2026091523,2026-09-15 23:29:26
4050262800,20260915232500,0,36,0,9,2026091523,2026-09-15 23:29:26
4050131600,20260915232500,0,13,0,21,2026091523,2026-09-15 23:29:26
4050268100,20260915232500,0,36,0,3,2026091523,2026-09-15 23:29:26
4060197900,20260915232500,0,38,0,21,2026091523,2026-09-15 23:29:26
4060066700,20260915232500,0,24,0,9,2026091523,2026-09-15 23:29:26
4050531900,20260915232500,0,50,0,11,2026091523,2026-09-15 23:29:26
4060204600,20260915232500,0,45,0,19,2026091523,2026-09-15 23:29:26
4050270400,20260915232500,0,41,0,8,2026091523,2026-09-15 23:29:26
4050186700,20260915232500,0,30,0,18,2026091523,2026-09-15 23:29:26
4050055500,20260915232500,0,15,0,55,2026091523,2026-09-15 23:29:26
4050455800,20260915232500,0,43,0,1,2026091523,2026-09-15 23:29:26
4050324600,20260915232500,0,34,0,9,2026091523,2026-09-15 23:29:26
4060474600,20260915232500,0,59,0,158,2026091523,2026-09-15 23:29:26
4060259700,20260915232500,0,34,0,15,2026091523,2026-09-15 23:29:26
4060212200,20260915232500,0,47,0,4,2026091523,2026-09-15 23:29:26
4060128500,20260915232500,0,6,0,93,2026091523,2026-09-15 23:29:26
4050463400,20260915232500,0,36,0,135,2026091523,2026-09-15 23:29:26
4050379700,20260915232500,0,31,0,28,2026091523,2026-09-15 23:29:26
4050332200,20260915232500,0,41,0,6,2026091523,2026-09-15 23:29:26
4050248500,20260915232500,0,29,0,25,2026091523,2026-09-15 23:29:26
4050201000,20260915232500,0,26,0,10,2026091523,2026-09-15 23:29:26
4050117300,20260915232500,0,22,0,16,2026091523,2026-09-15 23:29:26
4060130800,20260915232500,0,22,0,14,2026091523,2026-09-15 23:29:26
4060267300,20260915232500,0,43,0,12,2026091523,2026-09-15 23:29:26
4060136100,20260915232500,0,7,0,46,2026091523,2026-09-15 23:29:26
4050601300,20260915232500,0,34,0,31,2026091523,2026-09-15 23:29:26
4050250800,20260915232500,0,39,0,16,2026091523,2026-09-15 23:29:26
4060405200,20260915232500,0,30,0,5,2026091523,2026-09-15 23:29:26
4050035900,20260915232500,0,30,0,24,2026091523,2026-09-15 23:29:26
4050471000,20260915232500,0,38,0,22,2026091523,2026-09-15 23:29:26
4050256100,20260915232500,0,18,0,39,2026091523,2026-09-15 23:29:26
4060185900,20260915232500,0,40,0,61,2026091523,2026-09-15 23:29:26
4060054700,20260915232500,0,8,0,33,2026091523,2026-09-15 23:29:26
4050525200,20260915232500,0,36,0,87,2026091523,2026-09-15 23:29:26
4060323800,20260915232500,0,54,0,82,2026091523,2026-09-15 23:29:26
4060108900,20260915232500,0,29,0,16,2026091523,2026-09-15 23:29:26
4050043500,20260915232500,0,16,0,33,2026091523,2026-09-15 23:29:26
4060329100,20260915232500,0,43,0,11,2026091523,2026-09-15 23:29:26
4060193500,20260915232500,0,39,0,34,2026091523,2026-09-15 23:29:26
4060062300,20260915232500,0,30,0,17,2026091523,2026-09-15 23:29:26
4050312600,20260915232500,0,34,0,11,2026091523,2026-09-15 23:29:26
4050449100,20260915232500,0,35,0,10,2026091523,2026-09-15 23:29:26
4060462600,20260915232500,0,41,0,66,2026091523,2026-09-15 23:29:26
4060247700,20260915232500,0,43,0,25,2026091523,2026-09-15 23:29:26
4060200200,20260915232500,0,40,0,3,2026091523,2026-09-15 23:29:26
4060116500,20260915232500,0,40,0,10,2026091523,2026-09-15 23:29:26
4050182300,20260915232500,0,28,0,14,2026091523,2026-09-15 23:29:26
4050098600,20260915232500,0,17,0,51,2026091523,2026-09-15 23:29:26
4060516800,20260915232500,0,38,0,61,2026091523,2026-09-15 23:29:26
4050582600,20260915232500,0,20,0,13,2026091523,2026-09-15 23:29:26
4050498900,20260915232500,0,34,0,21,2026091523,2026-09-15 23:29:26
4050451400,20260915232500,0,38,0,165,2026091523,2026-09-15 23:29:26
4050367700,20260915232500,0,50,0,92,2026091523,2026-09-15 23:29:26
4050320200,20260915232500,0,39,0,12,2026091523,2026-09-15 23:29:26
4050236500,20260915232500,0,50,0,26,2026091523,2026-09-15 23:29:26
4060255300,20260915232500,0,46,0,11,2026091523,2026-09-15 23:29:26
4050505600,20260915232500,0,37,0,209,2026091523,2026-09-15 23:29:26
4060524400,20260915232500,0,36,0,14,2026091523,2026-09-15 23:29:26
4050590200,20260915232500,0,27,0,3,2026091523,2026-09-15 23:29:26
4060309500,20260915232500,0,29,0,48,2026091523,2026-09-15 23:29:26
4050375300,20260915232500,0,56,0,59,2026091523,2026-09-15 23:29:26
4050244100,20260915232500,0,42,0,9,2026091523,2026-09-15 23:29:26
4060394100,20260915232500,0,44,0,273,2026091523,2026-09-15 23:29:26
4060179200,20260915232500,0,36,0,19,2026091523,2026-09-15 23:29:26
4060048000,20260915232500,0,11,0,27,2026091523,2026-09-15 23:29:26
4050513200,20260915232500,0,50,0,1,2026091523,2026-09-15 23:29:26
4060311800,20260915232500,0,35,0,120,2026091523,2026-09-15 23:29:26
4050293900,20260915232500,0,37,0,39,2026091523,2026-09-15 23:29:26
4060532000,20260915232500,0,43,0,3,2026091523,2026-09-15 23:29:26
4060448300,20260915232500,0,24,0,28,2026091523,2026-09-15 23:29:26
4050162700,20260915232500,0,4,0,123,2026091523,2026-09-15 23:29:26
4050299200,20260915232500,0,43,0,6,2026091523,2026-09-15 23:29:26
4060181504,20260915232500,0,36,0,10,2026091523,2026-09-15 23:29:26
4050168000,20260915232500,0,19,0,6,2026091523,2026-09-15 23:29:26
4060181503,20260915232500,0,36,0,23,2026091523,2026-09-15 23:29:26
4060181502,20260915232500,0,31,0,11,2026091523,2026-09-15 23:29:26
4050431800,20260915232500,0,51,0,10,2026091523,2026-09-15 23:29:26
4050300600,20260915232500,0,44,0,10,2026091523,2026-09-15 23:29:26
4050568300,20260915232500,0,36,0,186,2026091523,2026-09-15 23:29:26
4050437100,20260915232500,0,41,0,104,2026091523,2026-09-15 23:29:26
4060450600,20260915232500,0,22,0,25,2026091523,2026-09-15 23:29:26
4060235700,20260915232500,0,29,0,19,2026091523,2026-09-15 23:29:26
4060104500,20260915232500,0,38,0,10,2026091523,2026-09-15 23:29:26
4060504800,20260915232500,0,38,0,3,2026091523,2026-09-15 23:29:26
4050570600,20260915232500,0,23,0,9,2026091523,2026-09-15 23:29:26
4050355700,20260915232500,0,24,0,9,2026091523,2026-09-15 23:29:26
4060374500,20260915232500,0,39,0,20,2026091523,2026-09-15 23:29:26
4060243300,20260915232500,0,42,0,17,2026091523,2026-09-15 23:29:26
4060112100,20260915232500,0,55,0,49,2026091523,2026-09-15 23:29:26
4050094200,20260915232500,0,11,0,35,2026091523,2026-09-15 23:29:26
4050494500,20260915232500,0,35,0,25,2026091523,2026-09-15 23:29:26
4050279600,20260915232500,0,24,0,50,2026091523,2026-09-15 23:29:26
4050232100,20260915232500,0,19,0,147,2026091523,2026-09-15 23:29:26
4050148400,20260915232500,0,19,0,14,2026091523,2026-09-15 23:29:26
4060298400,20260915232500,0,42,0,4,2026091523,2026-09-15 23:29:26
4060036000,20260915232500,0,46,0,12,2026091523,2026-09-15 23:29:26
4050548700,20260915232500,0,46,0,61,2026091523,2026-09-15 23:29:26
4050417500,20260915232500,0,48,0,328,2026091523,2026-09-15 23:29:26
4060520000,20260915232500,0,35,0,2,2026091523,2026-09-15 23:29:26
4060305100,20260915232500,0,36,0,69,2026091523,2026-09-15 23:29:26
4050156002,20260915232500,0,26,0,13,2026091523,2026-09-15 23:29:26
4050287200,20260915232500,0,54,0,39,2026091523,2026-09-15 23:29:26
4050156001,20260915232500,0,33,0,94,2026091523,2026-09-15 23:29:26
4060085800,20260915232500,0,25,0,13,2026091523,2026-09-15 23:29:26
4050556300,20260915232500,0,38,0,292,2026091523,2026-09-15 23:29:26
4050425100,20260915232500,0,40,0,331,2026091523,2026-09-15 23:29:26
4060354900,20260915232500,0,41,0,15,2026091523,2026-09-15 23:29:26
4050074605,20260915232500,0,13,0,39,2026091523,2026-09-15 23:29:26
4050074604,20260915232500,0,15,0,62,2026091523,2026-09-15 23:29:26
4060223700,20260915232500,0,46,0,9,2026091523,2026-09-15 23:29:26
4050074603,20260915232500,0,21,0,11,2026091523,2026-09-15 23:29:26
4060229000,20260915232500,0,50,0,8,2026091523,2026-09-15 23:29:26
4060093400,20260915232500,0,23,0,16,2026091523,2026-09-15 23:29:26
4050343700,20260915232500,0,40,0,41,2026091523,2026-09-15 23:29:26
4050212500,20260915232500,0,29,0,15,2026091523,2026-09-15 23:29:26
4050349000,20260915232500,0,38,0,4,2026091523,2026-09-15 23:29:26
4060493700,20260915232500,0,39,0,3,2026091523,2026-09-15 23:29:26
4060362500,20260915232500,0,48,0,9,2026091523,2026-09-15 23:29:26
4060231300,20260915232500,0,42,0,7,2026091523,2026-09-15 23:29:26
4060100100,20260915232500,0,12,0,38,2026091523,2026-09-15 23:29:26
4060016400,20260915232500,0,36,0,34,2026091523,2026-09-15 23:29:26
4050082200,20260915232500,0,10,0,22,2026091523,2026-09-15 23:29:26
4050612800,20260915232500,0,22,0,421,2026091523,2026-09-15 23:29:26
4050482500,20260915232500,0,34,0,55,2026091523,2026-09-15 23:29:26
4050398800,20260915232500,0,58,0,145,2026091523,2026-09-15 23:29:26
4050351300,20260915232500,0,45,0,14,2026091523,2026-09-15 23:29:26
4050267600,20260915232500,0,46,0,3,2026091523,2026-09-15 23:29:26
4060370100,20260915232500,0,43,0,4,2026091523,2026-09-15 23:29:26
4060155200,20260915232500,0,64,0,8,2026091523,2026-09-15 23:29:26
4050405500,20260915232500,0,48,0,58,2026091523,2026-09-15 23:29:26
4060424300,20260915232500,0,47,0,170,2026091523,2026-09-15 23:29:26
4050490100,20260915232500,0,37,0,92,2026091523,2026-09-15 23:29:26
4060209400,20260915232500,0,12,0,45,2026091523,2026-09-15 23:29:26
4050275200,20260915232500,0,35,0,13,2026091523,2026-09-15 23:29:26
4050144000,20260915232500,0,13,0,34,2026091523,2026-09-15 23:29:26
4060294000,20260915232500,0,37,0,40,2026091523,2026-09-15 23:29:26
4060079100,20260915232500,0,17,0,24,2026091523,2026-09-15 23:29:26
4050544300,20260915232500,0,23,0,35,2026091523,2026-09-15 23:29:26
4050413100,20260915232500,0,45,0,15,2026091523,2026-09-15 23:29:26
4050329400,20260915232500,0,41,0,13,2026091523,2026-09-15 23:29:26
4060211700,20260915232500,0,46,0,15,2026091523,2026-09-15 23:29:26
4060348200,20260915232500,0,39,0,100,2026091523,2026-09-15 23:29:26
4060217000,20260915232500,0,19,0,33,2026091523,2026-09-15 23:29:26
4050199100,20260915232500,0,42,0,11,2026091523,2026-09-15 23:29:26
4060081400,20260915232500,0,9,0,69,2026091523,2026-09-15 23:29:26
4050462900,20260915232500,0,62,0,55,2026091523,2026-09-15 23:29:26
4050331700,20260915232500,0,35,0,10,2026091523,2026-09-15 23:29:26
4050116802,20260915232500,0,38,0,3,2026091523,2026-09-15 23:29:26
4050599400,20260915232500,0,19,0,21,2026091523,2026-09-15 23:29:26
4050468200,20260915232500,0,38,0,187,2026091523,2026-09-15 23:29:26
4050337000,20260915232500,0,45,0,8,2026091523,2026-09-15 23:29:26
4060350500,20260915232500,0,37,0,48,2026091523,2026-09-15 23:29:26
4060266800,20260915232500,0,50,0,27,2026091523,2026-09-15 23:29:26
4060135600,20260915232500,0,24,0,9,2026091523,2026-09-15 23:29:26
4050070200,20260915232500,0,12,0,28,2026091523,2026-09-15 23:29:26
4050600800,20260915232500,0,18,0,35,2026091523,2026-09-15 23:29:26
4050470500,20260915232500,0,38,0,109,2026091523,2026-09-15 23:29:26
4050255600,20260915232500,0,37,0,13,2026091523,2026-09-15 23:29:26
4050124400,20260915232500,0,15,0,25,2026091523,2026-09-15 23:29:26
4060143202,20260915232500,0,26,0,11,2026091523,2026-09-15 23:29:26
4060274400,20260915232500,0,41,0,42,2026091523,2026-09-15 23:29:26
4060143201,20260915232500,0,26,0,57,2026091523,2026-09-15 23:29:26
4060012002,20260915232500,0,11,0,36,2026091523,2026-09-15 23:29:26
4060012001,20260915232500,0,21,0,38,2026091523,2026-09-15 23:29:26
4060059500,20260915232500,0,24,0,24,2026091523,2026-09-15 23:29:26
4050524700,20260915232500,0,40,0,2,2026091523,2026-09-15 23:29:26
4050309800,20260915232500,0,38,0,11,2026091523,2026-09-15 23:29:26
4050263200,20260915232500,0,58,0,3,2026091523,2026-09-15 23:29:26
4050179500,20260915232500,0,24,0,22,2026091523,2026-09-15 23:29:26
4050048300,20260915232500,0,19,0,21,2026091523,2026-09-15 23:29:26
4060061800,20260915232500,0,26,0,8,2026091523,2026-09-15 23:29:26
4060198300,20260915232500,0,38,0,5,2026091523,2026-09-15 23:29:26
4060067100,20260915232500,0,27,0,65,2026091523,2026-09-15 23:29:26
4050579800,20260915232500,0,6,0,30,2026091523,2026-09-15 23:29:26
4050532300,20260915232500,0,38,0,12,2026091523,2026-09-15 23:29:26
4050448600,20260915232500,0,21,0,73,2026091523,2026-09-15 23:29:26
4050401100,20260915232500,0,30,0,13,2026091523,2026-09-15 23:29:26
4050317400,20260915232500,0,29,0,22,2026091523,2026-09-15 23:29:26
4060330900,20260915232500,0,46,0,5,2026091523,2026-09-15 23:29:26
4050181802,20260915232500,0,22,0,17,2026091523,2026-09-15 23:29:26
4050181801,20260915232500,0,24,0,6,2026091523,2026-09-15 23:29:26
4050050600,20260915232500,0,26,0,18,2026091523,2026-09-15 23:29:26
4060336200,20260915232500,0,46,0,39,2026091523,2026-09-15 23:29:26
4060205000,20260915232500,0,47,0,5,2026091523,2026-09-15 23:29:26
4050187100,20260915232500,0,24,0,12,2026091523,2026-09-15 23:29:26
4050450900,20260915232500,0,37,0,147,2026091523,2026-09-15 23:29:26
4050587400,20260915232500,0,36,0,90,2026091523,2026-09-15 23:29:26
4050104800,20260915232500,0,22,0,58,2026091523,2026-09-15 23:29:26
4050456200,20260915232500,0,37,0,72,2026091523,2026-09-15 23:29:26
4050325000,20260915232500,0,8,0,39,2026091523,2026-09-15 23:29:26
4060254800,20260915232500,0,47,0,38,2026091523,2026-09-15 23:29:26
4060123600,20260915232500,0,27,0,21,2026091523,2026-09-15 23:29:26
4060475000,20260915232500,0,47,0,8,2026091523,2026-09-15 23:29:26
4060039900,20260915232500,0,27,0,10,2026091523,2026-09-15 23:29:26
4060523900,20260915232500,0,16,0,47,2026091523,2026-09-15 23:29:26
4050243600,20260915232500,0,57,0,2,2026091523,2026-09-15 23:29:26
4050159900,20260915232500,0,17,0,77,2026091523,2026-09-15 23:29:26
4050595000,20260915232500,0,2,0,421,2026091523,2026-09-15 23:29:26
4060262400,20260915232500,0,25,0,175,2026091523,2026-09-15 23:29:26
4060178700,20260915232500,0,24,0,31,2026091523,2026-09-15 23:29:26
4060131200,20260915232500,0,21,0,20,2026091523,2026-09-15 23:29:26
4050518000,20260915232500,0,45,0,7,2026091523,2026-09-15 23:29:26
4060531500,20260915232500,0,33,0,57,2026091523,2026-09-15 23:29:26
4060447800,20260915232500,0,20,0,30,2026091523,2026-09-15 23:29:26
4060316600,20260915232500,0,25,0,11,2026091523,2026-09-15 23:29:26
4050167502,20260915232500,0,7,0,111,2026091523,2026-09-15 23:29:26
4050298700,20260915232500,0,46,0,14,2026091523,2026-09-15 23:29:26
4050167501,20260915232500,0,10,0,108,2026091523,2026-09-15 23:29:26
4050251200,20260915232500,0,46,0,11,2026091523,2026-09-15 23:29:26
4050036302,20260915232500,0,38,0,144,2026091523,2026-09-15 23:29:26
4050120000,20260915232500,0,10,0,111,2026091523,2026-09-15 23:29:26
4060270000,20260915232500,0,45,0,29,2026091523,2026-09-15 23:29:26
4060186300,20260915232500,0,41,0,50,2026091523,2026-09-15 23:29:26
4060055100,20260915232500,0,25,0,19,2026091523,2026-09-15 23:29:26
4050567800,20260915232500,0,30,0,10,2026091523,2026-09-15 23:29:26
4050520300,20260915232500,0,12,0,105,2026091523,2026-09-15 23:29:26
4050436600,20260915232500,0,38,0,16,2026091523,2026-09-15 23:29:26
4050305400,20260915232500,0,29,0,10,2026091523,2026-09-15 23:29:26
4060455400,20260915232500,0,39,0,14,2026091523,2026-09-15 23:29:26
4050390000,20260915232500,0,53,0,202,2026091523,2026-09-15 23:29:26
4060109300,20260915232500,0,31,0,3,2026091523,2026-09-15 23:29:26
4060509600,20260915232500,0,39,0,42,2026091523,2026-09-15 23:29:26
4050575400,20260915232500,0,11,0,50,2026091523,2026-09-15 23:29:26
4050444200,20260915232500,0,48,0,11,2026091523,2026-09-15 23:29:26
4050313000,20260915232500,0,22,0,10,2026091523,2026-09-15 23:29:26
4050229300,20260915232500,0,10,0,108,2026091523,2026-09-15 23:29:26
4060242800,20260915232500,0,5,0,155,2026091523,2026-09-15 23:29:26
4060111600,20260915232500,0,34,0,15,2026091523,2026-09-15 23:29:26
4060463000,20260915232500,0,51,0,65,2026091523,2026-09-15 23:29:26
4050093700,20260915232500,0,14,0,111,2026091523,2026-09-15 23:29:26
4060379300,20260915232500,0,25,0,15,2026091523,2026-09-15 23:29:26
4060248100,20260915232500,0,41,0,13,2026091523,2026-09-15 23:29:26
4060511900,20260915232500,0,41,0,127,2026091523,2026-09-15 23:29:26
4060517200,20260915232500,0,33,0,116,2026091523,2026-09-15 23:29:26
4050231600,20260915232500,0,24,0,62,2026091523,2026-09-15 23:29:26
4050147900,20260915232500,0,29,0,36,2026091523,2026-09-15 23:29:26
4050583000,20260915232500,0,22,0,16,2026091523,2026-09-15 23:29:26
4050100400,20260915232500,0,6,0,61,2026091523,2026-09-15 23:29:26
4050499300,20260915232500,0,45,0,34,2026091523,2026-09-15 23:29:26
4050368100,20260915232500,0,25,0,24,2026091523,2026-09-15 23:29:26
4060381600,20260915232500,0,43,0,35,2026091523,2026-09-15 23:29:26
4060297900,20260915232500,0,19,0,37,2026091523,2026-09-15 23:29:26
4060250400,20260915232500,0,43,0,73,2026091523,2026-09-15 23:29:26
4060035500,20260915232500,0,26,0,8,2026091523,2026-09-15 23:29:26
4050500700,20260915232500,0,27,0,40,2026091523,2026-09-15 23:29:26
4050506000,20260915232500,0,45,0,97,2026091523,2026-09-15 23:29:26
4060304600,20260915232500,0,44,0,35,2026091523,2026-09-15 23:29:26
4050370400,20260915232500,0,36,0,56,2026091523,2026-09-15 23:29:26
4050286700,20260915232500,0,41,0,77,2026091523,2026-09-15 23:29:26
4060043102,20260915232500,0,21,0,13,2026091523,2026-09-15 23:29:26
4060174300,20260915232500,0,31,0,104,2026091523,2026-09-15 23:29:26
4060043101,20260915232500,0,32,0,11,2026091523,2026-09-15 23:29:26
4050555800,20260915232500,0,35,0,60,2026091523,2026-09-15 23:29:26
4050424600,20260915232500,0,48,0,141,2026091523,2026-09-15 23:29:26
4050209700,20260915232500,0,24,0,54,2026091523,2026-09-15 23:29:26
4060443400,20260915232500,0,18,0,57,2026091523,2026-09-15 23:29:26
4060359700,20260915232500,0,44,0,47,2026091523,2026-09-15 23:29:26
4060228500,20260915232500,0,35,0,12,2026091523,2026-09-15 23:29:26
4050294300,20260915232500,0,52,0,32,2026091523,2026-09-15 23:29:26
4050079400,20260915232500,0,9,0,28,2026091523,2026-09-15 23:29:26
4060092900,20260915232500,0,33,0,5,2026091523,2026-09-15 23:29:26
4050563400,20260915232500,0,52,0,143,2026091523,2026-09-15 23:29:26
4050348500,20260915232500,0,48,0,4,2026091523,2026-09-15 23:29:26
4050301000,20260915232500,0,50,0,3,2026091523,2026-09-15 23:29:26
4060230800,20260915232500,0,38,0,7,2026091523,2026-09-15 23:29:26
4060498500,20260915232500,0,37,0,52,2026091523,2026-09-15 23:29:26
4060451000,20260915232500,0,43,0,33,2026091523,2026-09-15 23:29:26
4050081700,20260915232500,0,27,0,16,2026091523,2026-09-15 23:29:26
4060367300,20260915232500,0,44,0,8,2026091523,2026-09-15 23:29:26
4060236100,20260915232500,0,36,0,20,2026091523,2026-09-15 23:29:26
4050087000,20260915232500,0,20,0,8,2026091523,2026-09-15 23:29:26
4050350800,20260915232500,0,38,0,24,2026091523,2026-09-15 23:29:26
4050487300,20260915232500,0,46,0,118,2026091523,2026-09-15 23:29:26
4050356100,20260915232500,0,36,0,5,2026091523,2026-09-15 23:29:26
4060423800,20260915232500,0,31,0,5,2026091523,2026-09-15 23:29:26
4060208900,20260915232500,0,43,0,6,2026091523,2026-09-15 23:29:26
4050274700,20260915232500,0,35,0,13,2026091523,2026-09-15 23:29:26
4050143500,20260915232500,0,20,0,19,2026091523,2026-09-15 23:29:26
4060031100,20260915232500,0,36,0,7,2026091523,2026-09-15 23:29:26
4050328900,20260915232500,0,25,0,6,2026091523,2026-09-15 23:29:26
4050549100,20260915232500,0,46,0,1,2026091523,2026-09-15 23:29:26
4060347700,20260915232500,0,45,0,2,2026091523,2026-09-15 23:29:26
4060300200,20260915232500,0,56,0,26,2026091523,2026-09-15 23:29:26
4060216500,20260915232500,0,41,0,9,2026091523,2026-09-15 23:29:26
4050282300,20260915232500,0,44,0,90,2026091523,2026-09-15 23:29:26
4050198600,20260915232500,0,18,0,35,2026091523,2026-09-15 23:29:26
4050151100,20260915232500,0,14,0,9,2026091523,2026-09-15 23:29:26
4050067400,20260915232500,0,38,0,11,2026091523,2026-09-15 23:29:26
4060080900,20260915232500,0,18,0,32,2026091523,2026-09-15 23:29:26
4060086200,20260915232500,0,22,0,21,2026091523,2026-09-15 23:29:26
4050598900,20260915232500,0,23,0,30,2026091523,2026-09-15 23:29:26
4050420200,20260915232500,0,19,0,181,2026091523,2026-09-15 23:29:26
4050336500,20260915232500,0,40,0,6,2026091523,2026-09-15 23:29:26
4050205300,20260915232500,0,13,0,79,2026091523,2026-09-15 23:29:26
4060486500,20260915232500,0,43,0,160,2026091523,2026-09-15 23:29:26
4060355300,20260915232500,0,48,0,41,2026091523,2026-09-15 23:29:26
4060224100,20260915232500,0,42,0,24,2026091523,2026-09-15 23:29:26
4050075000,20260915232500,0,7,0,34,2026091523,2026-09-15 23:29:26
4050605600,20260915232500,0,31,0,8,2026091523,2026-09-15 23:29:26
4050123900,20260915232500,0,26,0,21,2026091523,2026-09-15 23:29:26
4050344100,20260915232500,0,37,0,47,2026091523,2026-09-15 23:29:26
4060273900,20260915232500,0,10,0,94,2026091523,2026-09-15 23:29:26
4060494100,20260915232500,0,41,0,11,2026091523,2026-09-15 23:29:26
4050262700,20260915232500,0,36,0,15,2026091523,2026-09-15 23:29:26
4060417100,20260915232500,0,39,0,13,2026091523,2026-09-15 23:29:26
4050131500,20260915232500,0,47,0,5,2026091523,2026-09-15 23:29:26
4050268000,20260915232500,0,42,0,3,2026091523,2026-09-15 23:29:26
4060197800,20260915232500,0,41,0,20,2026091523,2026-09-15 23:29:26
4060066600,20260915232500,0,33,0,24,2026091523,2026-09-15 23:29:26
4050531800,20260915232500,0,20,0,28,2026091523,2026-09-15 23:29:26
4050316900,20260915232500,0,36,0,14,2026091523,2026-09-15 23:29:26
4060466900,20260915232500,0,45,0,192,2026091523,2026-09-15 23:29:26
4060204500,20260915232500,0,42,0,10,2026091523,2026-09-15 23:29:26
4050270300,20260915232500,0,36,0,7,2026091523,2026-09-15 23:29:26
4050186600,20260915232500,0,15,0,37,2026091523,2026-09-15 23:29:26
4050586900,20260915232500,0,12,0,681,2026091523,2026-09-15 23:29:26
4050324500,20260915232500,0,10,0,46,2026091523,2026-09-15 23:29:26
4050109600,20260915232500,0,23,0,61,2026091523,2026-09-15 23:29:26
4060474500,20260915232500,0,64,0,145,2026091523,2026-09-15 23:29:26
4060259600,20260915232500,0,33,0,15,2026091523,2026-09-15 23:29:26
4060212100,20260915232500,0,40,0,16,2026091523,2026-09-15 23:29:26
4050194200,20260915232500,0,26,0,9,2026091523,2026-09-15 23:29:26
4050509900,20260915232500,0,64,0,27,2026091523,2026-09-15 23:29:26
4050111900,20260915232500,0,7,0,104,2026091523,2026-09-15 23:29:26
4050463300,20260915232500,0,16,0,51,2026091523,2026-09-15 23:29:26
4050379600,20260915232500,0,33,0,27,2026091523,2026-09-15 23:29:26
4050332100,20260915232500,0,34,0,23,2026091523,2026-09-15 23:29:26
4050117202,20260915232500,0,31,0,66,2026091523,2026-09-15 23:29:26
4050248400,20260915232500,0,29,0,23,2026091523,2026-09-15 23:29:26
4050117201,20260915232500,0,5,0,359,2026091523,2026-09-15 23:29:26
4060261900,20260915232500,0,59,0,92,2026091523,2026-09-15 23:29:26
4060130700,20260915232500,0,21,0,14,2026091523,2026-09-15 23:29:26
4060267200,20260915232500,0,41,0,12,2026091523,2026-09-15 23:29:26
4060136000,20260915232500,0,27,0,34,2026091523,2026-09-15 23:29:26
4050601200,20260915232500,0,39,0,27,2026091523,2026-09-15 23:29:26
4050517500,20260915232500,0,33,0,49,2026091523,2026-09-15 23:29:26
4050250700,20260915232500,0,43,0,33,2026091523,2026-09-15 23:29:26
4060405100,20260915232500,0,36,0,33,2026091523,2026-09-15 23:29:26
4050035800,20260915232500,0,13,0,9,2026091523,2026-09-15 23:29:26
4050256000,20260915232500,0,35,0,19,2026091523,2026-09-15 23:29:26
4060185800,20260915232500,0,45,0,55,2026091523,2026-09-15 23:29:26
4060054600,20260915232500,0,9,0,38,2026091523,2026-09-15 23:29:26
4050304900,20260915232500,0,47,0,4,2026091523,2026-09-15 23:29:26
4050525100,20260915232500,0,35,0,93,2026091523,2026-09-15 23:29:26
4060454900,20260915232500,0,50,0,135,2026091523,2026-09-15 23:29:26
4060323700,20260915232500,0,53,0,84,2026091523,2026-09-15 23:29:26
4060108800,20260915232500,0,17,0,27,2026091523,2026-09-15 23:29:26
4060329000,20260915232500,0,38,0,7,2026091523,2026-09-15 23:29:26
4060193400,20260915232500,0,40,0,33,2026091523,2026-09-15 23:29:26
4050312500,20260915232500,0,32,0,19,2026091523,2026-09-15 23:29:26
4050449000,20260915232500,0,31,0,12,2026091523,2026-09-15 23:29:26
4060462500,20260915232500,0,40,0,68,2026091523,2026-09-15 23:29:26
4060247600,20260915232500,0,36,0,30,2026091523,2026-09-15 23:29:26
4060200100,20260915232500,0,49,0,70,2026091523,2026-09-15 23:29:26
4060116400,20260915232500,0,44,0,9,2026091523,2026-09-15 23:29:26
4050098500,20260915232500,0,21,0,41,2026091523,2026-09-15 23:29:26
4060516700,20260915232500,0,38,0,62,2026091523,2026-09-15 23:29:26
4050582500,20260915232500,0,62,0,60,2026091523,2026-09-15 23:29:26
4050498800,20260915232500,0,11,0,90,2026091523,2026-09-15 23:29:26
4050451300,20260915232500,0,46,0,60,2026091523,2026-09-15 23:29:26
4050367600,20260915232500,0,49,0,95,2026091523,2026-09-15 23:29:26
4050320100,20260915232500,0,38,0,11,2026091523,2026-09-15 23:29:26
4050236400,20260915232500,0,50,0,26,2026091523,2026-09-15 23:29:26
4060255200,20260915232500,0,44,0,11,2026091523,2026-09-15 23:29:26
4060524300,20260915232500,0,34,0,15,2026091523,2026-09-15 23:29:26
4050590100,20260915232500,0,41,0,21,2026091523,2026-09-15 23:29:26
4060309400,20260915232500,0,30,0,33,2026091523,2026-09-15 23:29:26
4050375200,20260915232500,0,54,0,61,2026091523,2026-09-15 23:29:26
4050244000,20260915232500,0,40,0,10,2026091523,2026-09-15 23:29:26
4060394000,20260915232500,0,50,0,239,2026091523,2026-09-15 23:29:26
4060179100,20260915232500,0,35,0,19,2026091523,2026-09-15 23:29:26
4050513100,20260915232500,0,37,0,125,2026091523,2026-09-15 23:29:26
4060442900,20260915232500,0,38,0,128,2026091523,2026-09-15 23:29:26
4060311700,20260915232500,0,46,0,93,2026091523,2026-09-15 23:29:26
4050293800,20260915232500,0,36,0,40,2026091523,2026-09-15 23:29:26
4060448200,20260915232500,0,19,0,33,2026091523,2026-09-15 23:29:26
4050162600,20260915232500,0,23,0,20,2026091523,2026-09-15 23:29:26
4050078900,20260915232500,0,19,0,10,2026091523,2026-09-15 23:29:26
4050299100,20260915232500,0,5,0,59,2026091523,2026-09-15 23:29:26
4060181402,20260915232500,0,20,0,44,2026091523,2026-09-15 23:29:26
4060181401,20260915232500,0,34,0,12,2026091523,2026-09-15 23:29:26
4050562900,20260915232500,0,54,0,133,2026091523,2026-09-15 23:29:26
4050431700,20260915232500,0,47,0,3,2026091523,2026-09-15 23:29:26
4050300500,20260915232500,0,44,0,4,2026091523,2026-09-15 23:29:26
4050568200,20260915232500,0,37,0,181,2026091523,2026-09-15 23:29:26
4050437000,20260915232500,0,44,0,97,2026091523,2026-09-15 23:29:26
4060450500,20260915232500,0,22,0,25,2026091523,2026-09-15 23:29:26
4060366800,20260915232500,0,22,0,42,2026091523,2026-09-15 23:29:26
4060235600,20260915232500,0,25,0,21,2026091523,2026-09-15 23:29:26
4060104400,20260915232500,0,34,0,11,2026091523,2026-09-15 23:29:26
4050170200,20260915232500,0,21,0,28,2026091523,2026-09-15 23:29:26
4060504700,20260915232500,0,42,0,3,2026091523,2026-09-15 23:29:26
4050570500,20260915232500,0,27,0,123,2026091523,2026-09-15 23:29:26
4050355600,20260915232500,0,44,0,5,2026091523,2026-09-15 23:29:26
4060374400,20260915232500,0,41,0,19,2026091523,2026-09-15 23:29:26
4060243200,20260915232500,0,49,0,15,2026091523,2026-09-15 23:29:26
4060112000,20260915232500,0,37,0,15,2026091523,2026-09-15 23:29:26
4050094100,20260915232500,0,14,0,28,2026091523,2026-09-15 23:29:26
4050494400,20260915232500,0,27,0,33,2026091523,2026-09-15 23:29:26
4050232002,20260915232500,0,29,0,9,2026091523,2026-09-15 23:29:26
4050232001,20260915232500,0,27,0,59,2026091523,2026-09-15 23:29:26
4050279500,20260915232500,0,39,0,43,2026091523,2026-09-15 23:29:26
4050148300,20260915232500,0,20,0,13,2026091523,2026-09-15 23:29:26
4060298300,20260915232500,0,56,0,26,2026091523,2026-09-15 23:29:26
4050548600,20260915232500,0,55,0,51,2026091523,2026-09-15 23:29:26
4050417400,20260915232500,0,47,0,334,2026091523,2026-09-15 23:29:26
4060430900,20260915232500,0,32,0,33,2026091523,2026-09-15 23:29:26
4050281800,20260915232500,0,43,0,11,2026091523,2026-09-15 23:29:26
4060436200,20260915232500,0,34,0,41,2026091523,2026-09-15 23:29:26
4050066900,20260915232500,0,23,0,10,2026091523,2026-09-15 23:29:26
4060305000,20260915232500,0,28,0,18,2026091523,2026-09-15 23:29:26
4050287100,20260915232500,0,66,0,45,2026091523,2026-09-15 23:29:26
4060085700,20260915232500,0,16,0,14,2026091523,2026-09-15 23:29:26
4050204800,20260915232500,0,24,0,22,2026091523,2026-09-15 23:29:26
4050556200,20260915232500,0,38,0,293,2026091523,2026-09-15 23:29:26
4050425000,20260915232500,0,44,0,300,2026091523,2026-09-15 23:29:26
4060354800,20260915232500,0,15,0,41,2026091523,2026-09-15 23:29:26
4050074506,20260915232500,0,22,0,22,2026091523,2026-09-15 23:29:26
4060139902,20260915232500,0,31,0,44,2026091523,2026-09-15 23:29:26
4060139901,20260915232500,0,21,0,15,2026091523,2026-09-15 23:29:26
4060223600,20260915232500,0,46,0,9,2026091523,2026-09-15 23:29:26
4050074504,20260915232500,0,18,0,13,2026091523,2026-09-15 23:29:26
4050074503,20260915232500,0,19,0,49,2026091523,2026-09-15 23:29:26
4060093300,20260915232500,0,24,0,15,2026091523,2026-09-15 23:29:26
4050343600,20260915232500,0,43,0,35,2026091523,2026-09-15 23:29:26
4050259900,20260915232500,0,24,0,34,2026091523,2026-09-15 23:29:26
4050212400,20260915232500,0,26,0,63,2026091523,2026-09-15 23:29:26
4060362400,20260915232500,0,17,0,14,2026091523,2026-09-15 23:29:26
4060231200,20260915232500,0,45,0,7,2026091523,2026-09-15 23:29:26
4060100000,20260915232500,0,23,0,20,2026091523,2026-09-15 23:29:26
4050612700,20260915232500,0,39,0,33,2026091523,2026-09-15 23:29:26
4050082100,20260915232500,0,21,0,10,2026091523,2026-09-15 23:29:26
4060500300,20260915232500,0,64,0,33,2026091523,2026-09-15 23:29:26
4050482400,20260915232500,0,39,0,48,2026091523,2026-09-15 23:29:26
4050398700,20260915232500,0,66,0,80,2026091523,2026-09-15 23:29:26
4050351200,20260915232500,0,47,0,13,2026091523,2026-09-15 23:29:26
4050267500,20260915232500,0,52,0,6,2026091523,2026-09-15 23:29:26
4060370000,20260915232500,0,29,0,33,2026091523,2026-09-15 23:29:26
4050405400,20260915232500,0,35,0,81,2026091523,2026-09-15 23:29:26
4060424200,20260915232500,0,50,0,160,2026091523,2026-09-15 23:29:26
4050490000,20260915232500,0,26,0,133,2026091523,2026-09-15 23:29:26
4060209300,20260915232500,0,33,0,69,2026091523,2026-09-15 23:29:26
4050275100,20260915232500,0,41,0,17,2026091523,2026-09-15 23:29:26
4060079000,20260915232500,0,10,0,41,2026091523,2026-09-15 23:29:26
4050544200,20260915232500,0,21,0,38,2026091523,2026-09-15 23:29:26
4050413000,20260915232500,0,38,0,18,2026091523,2026-09-15 23:29:26
4050329300,20260915232500,0,45,0,13,2026091523,2026-09-15 23:29:26
4060211600,20260915232500,0,47,0,13,2026091523,2026-09-15 23:29:26
4060127900,20260915232500,0,23,0,24,2026091523,2026-09-15 23:29:26
4060348100,20260915232500,0,20,0,61,2026091523,2026-09-15 23:29:26
4060081300,20260915232500,0,28,0,19,2026091523,2026-09-15 23:29:26
4050462800,20260915232500,0,67,0,51,2026091523,2026-09-15 23:29:26
4050331600,20260915232500,0,35,0,10,2026091523,2026-09-15 23:29:26
4050247900,20260915232500,0,30,0,25,2026091523,2026-09-15 23:29:26
4050116701,20260915232500,0,38,0,3,2026091523,2026-09-15 23:29:26
4050200400,20260915232500,0,15,0,6,2026091523,2026-09-15 23:29:26
4050599300,20260915232500,0,46,0,10,2026091523,2026-09-15 23:29:26
4060350400,20260915232500,0,21,0,85,2026091523,2026-09-15 23:29:26
4060266700,20260915232500,0,46,0,24,2026091523,2026-09-15 23:29:26
4060135500,20260915232500,0,38,0,6,2026091523,2026-09-15 23:29:26
4050600700,20260915232500,0,16,0,67,2026091523,2026-09-15 23:29:26
4050070100,20260915232500,0,7,0,49,2026091523,2026-09-15 23:29:26
4050470400,20260915232500,0,37,0,112,2026091523,2026-09-15 23:29:26
4050255500,20260915232500,0,37,0,12,2026091523,2026-09-15 23:29:26
4050124300,20260915232500,0,22,0,17,2026091523,2026-09-15 23:29:26
4060143102,20260915232500,0,17,0,88,2026091523,2026-09-15 23:29:26
4060274300,20260915232500,0,28,0,37,2026091523,2026-09-15 23:29:26
4060143101,20260915232500,0,23,0,11,2026091523,2026-09-15 23:29:26
4050524600,20260915232500,0,36,0,2,2026091523,2026-09-15 23:29:26
4050309700,20260915232500,0,21,0,25,2026091523,2026-09-15 23:29:26
4050394300,20260915232500,0,16,0,6,2026091523,2026-09-15 23:29:26
4050263100,20260915232500,0,45,0,3,2026091523,2026-09-15 23:29:26
4050179400,20260915232500,0,39,0,11,2026091523,2026-09-15 23:29:26
4050048200,20260915232500,0,10,0,48,2026091523,2026-09-15 23:29:26
4060061700,20260915232500,0,24,0,8,2026091523,2026-09-15 23:29:26
4060198200,20260915232500,0,38,0,5,2026091523,2026-09-15 23:29:26
4060067000,20260915232500,0,31,0,58,2026091523,2026-09-15 23:29:26
4050579700,20260915232500,0,23,0,9,2026091523,2026-09-15 23:29:26
4050532200,20260915232500,0,12,0,39,2026091523,2026-09-15 23:29:26
4050401000,20260915232500,0,30,0,13,2026091523,2026-09-15 23:29:26
4050317300,20260915232500,0,9,0,17,2026091523,2026-09-15 23:29:26
4060330800,20260915232500,0,44,0,31,2026091523,2026-09-15 23:29:26
4050181702,20260915232500,0,25,0,5,2026091523,2026-09-15 23:29:26
4050181701,20260915232500,0,17,0,21,2026091523,2026-09-15 23:29:26
4060115900,20260915232500,0,31,0,8,2026091523,2026-09-15 23:29:26
4060336100,20260915232500,0,71,0,25,2026091523,2026-09-15 23:29:26
4050050500,20260915232500,0,26,0,18,2026091523,2026-09-15 23:29:26
4050187000,20260915232500,0,45,0,11,2026091523,2026-09-15 23:29:26
4050450800,20260915232500,0,24,0,227,2026091523,2026-09-15 23:29:26
4050235900,20260915232500,0,47,0,52,2026091523,2026-09-15 23:29:26
4050587300,20260915232500,0,36,0,82,2026091523,2026-09-15 23:29:26
4050104700,20260915232500,0,29,0,42,2026091523,2026-09-15 23:29:26
4060123502,20260915232500,0,28,0,35,2026091523,2026-09-15 23:29:26
4060254700,20260915232500,0,67,0,55,2026091523,2026-09-15 23:29:26
4060123501,20260915232500,0,39,0,104,2026091523,2026-09-15 23:29:26
4060039800,20260915232500,0,51,0,3,2026091523,2026-09-15 23:29:26
4060523800,20260915232500,0,21,0,19,2026091523,2026-09-15 23:29:26
4060308900,20260915232500,0,55,0,35,2026091523,2026-09-15 23:29:26
4050374700,20260915232500,0,41,0,183,2026091523,2026-09-15 23:29:26
4050243500,20260915232500,0,43,0,38,2026091523,2026-09-15 23:29:26
4060393500,20260915232500,0,41,0,54,2026091523,2026-09-15 23:29:26
4060262300,20260915232500,0,56,0,20,2026091523,2026-09-15 23:29:26
4060178600,20260915232500,0,21,0,35,2026091523,2026-09-15 23:29:26
4060131100,20260915232500,0,24,0,18,2026091523,2026-09-15 23:29:26
4060531400,20260915232500,0,40,0,8,2026091523,2026-09-15 23:29:26
4060447700,20260915232500,0,20,0,30,2026091523,2026-09-15 23:29:26
4060316500,20260915232500,0,9,0,35,2026091523,2026-09-15 23:29:26
4050382300,20260915232500,0,43,0,54,2026091523,2026-09-15 23:29:26
4050298600,20260915232500,0,34,0,19,2026091523,2026-09-15 23:29:26
4050251100,20260915232500,0,41,0,6,2026091523,2026-09-15 23:29:26
4050167400,20260915232500,0,30,0,37,2026091523,2026-09-15 23:29:26
4050036200,20260915232500,0,34,0,129,2026091523,2026-09-15 23:29:26
4060180900,20260915232500,0,23,0,49,2026091523,2026-09-15 23:29:26
4060186200,20260915232500,0,44,0,45,2026091523,2026-09-15 23:29:26
4060055000,20260915232500,0,36,0,13,2026091523,2026-09-15 23:29:26
4050567700,20260915232500,0,43,0,137,2026091523,2026-09-15 23:29:26
4050520200,20260915232500,0,32,0,40,2026091523,2026-09-15 23:29:26
4050436500,20260915232500,0,21,0,9,2026091523,2026-09-15 23:29:26
4050305300,20260915232500,0,28,0,10,2026091523,2026-09-15 23:29:26
4060103900,20260915232500,0,42,0,55,2026091523,2026-09-15 23:29:26
4060455300,20260915232500,0,46,0,11,2026091523,2026-09-15 23:29:26
4060109200,20260915232500,0,23,0,6,2026091523,2026-09-15 23:29:26
4060509500,20260915232500,0,18,0,89,2026091523,2026-09-15 23:29:26
4050575300,20260915232500,0,24,0,62,2026091523,2026-09-15 23:29:26
4050444100,20260915232500,0,19,0,112,2026091523,2026-09-15 23:29:26
4050229200,20260915232500,0,18,0,60,2026091523,2026-09-15 23:29:26
4060373900,20260915232500,0,36,0,25,2026091523,2026-09-15 23:29:26
4060242700,20260915232500,0,35,0,26,2026091523,2026-09-15 23:29:26
4060111500,20260915232500,0,33,0,16,2026091523,2026-09-15 23:29:26
4060379200,20260915232500,0,39,0,10,2026091523,2026-09-15 23:29:26
4050093600,20260915232500,0,17,0,24,2026091523,2026-09-15 23:29:26
4060248000,20260915232500,0,45,0,10,2026091523,2026-09-15 23:29:26
4060511800,20260915232500,0,7,0,34,2026091523,2026-09-15 23:29:26
4050493900,20260915232500,0,41,0,94,2026091523,2026-09-15 23:29:26
4050362700,20260915232500,0,40,0,16,2026091523,2026-09-15 23:29:26
4060517100,20260915232500,0,42,0,90,2026091523,2026-09-15 23:29:26
4050231500,20260915232500,0,14,0,51,2026091523,2026-09-15 23:29:26
4050100300,20260915232500,0,11,0,33,2026091523,2026-09-15 23:29:26
4050499200,20260915232500,0,31,0,2,2026091523,2026-09-15 23:29:26
4050368000,20260915232500,0,43,0,14,2026091523,2026-09-15 23:29:26
4060381500,20260915232500,0,17,0,46,2026091523,2026-09-15 23:29:26
4060297800,20260915232500,0,43,0,16,2026091523,2026-09-15 23:29:26
4060250300,20260915232500,0,37,0,5,2026091523,2026-09-15 23:29:26
4060035400,20260915232500,0,37,0,6,2026091523,2026-09-15 23:29:26
4050500600,20260915232500,0,42,0,26,2026091523,2026-09-15 23:29:26
4050416900,20260915232500,0,41,0,24,2026091523,2026-09-15 23:29:26
4060304500,20260915232500,0,38,0,41,2026091523,2026-09-15 23:29:26
4050370300,20260915232500,0,12,0,75,2026091523,2026-09-15 23:29:26
4050286600,20260915232500,0,39,0,81,2026091523,2026-09-15 23:29:26
4050155400,20260915232500,0,12,0,146,2026091523,2026-09-15 23:29:26
4060043002,20260915232500,0,29,0,12,2026091523,2026-09-15 23:29:26
4060174200,20260915232500,0,22,0,146,2026091523,2026-09-15 23:29:26
4060043001,20260915232500,0,24,0,11,2026091523,2026-09-15 23:29:26
4050555700,20260915232500,0,42,0,140,2026091523,2026-09-15 23:29:26
4050424500,20260915232500,0,30,0,43,2026091523,2026-09-15 23:29:26
4060443300,20260915232500,0,20,0,52,2026091523,2026-09-15 23:29:26
4060228400,20260915232500,0,36,0,11,2026091523,2026-09-15 23:29:26
4050163002,20260915232500,0,6,0,64,2026091523,2026-09-15 23:29:26
4050294200,20260915232500,0,55,0,30,2026091523,2026-09-15 23:29:26
4050163001,20260915232500,0,22,0,8,2026091523,2026-09-15 23:29:26
4050079300,20260915232500,0,23,0,11,2026091523,2026-09-15 23:29:26
4060092800,20260915232500,0,19,0,15,2026091523,2026-09-15 23:29:26
4050211900,20260915232500,0,32,0,13,2026091523,2026-09-15 23:29:26
4050432100,20260915232500,0,44,0,177,2026091523,2026-09-15 23:29:26
4050348400,20260915232500,0,41,0,5,2026091523,2026-09-15 23:29:26
4060361900,20260915232500,0,44,0,10,2026091523,2026-09-15 23:29:26
4060230700,20260915232500,0,21,0,59,2026091523,2026-09-15 23:29:26
4060367200,20260915232500,0,51,0,19,2026091523,2026-09-15 23:29:26
4060236000,20260915232500,0,30,0,25,2026091523,2026-09-15 23:29:26
4050350700,20260915232500,0,39,0,42,2026091523,2026-09-15 23:29:26
4050487200,20260915232500,0,49,0,111,2026091523,2026-09-15 23:29:26
4050356000,20260915232500,0,33,0,6,2026091523,2026-09-15 23:29:26
4050404900,20260915232500,0,37,0,59,2026091523,2026-09-15 23:29:26
4060423700,20260915232500,0,43,0,96,2026091523,2026-09-15 23:29:26
4060208800,20260915232500,0,36,0,7,2026091523,2026-09-15 23:29:26
4050274600,20260915232500,0,45,0,10,2026091523,2026-09-15 23:29:26
4050143400,20260915232500,0,16,0,40,2026091523,2026-09-15 23:29:26
4060031000,20260915232500,0,3,0,57,2026091523,2026-09-15 23:29:26
4050328800,20260915232500,0,3,0,55,2026091523,2026-09-15 23:29:26
4050549000,20260915232500,0,40,0,1,2026091523,2026-09-15 23:29:26
4060478800,20260915232500,0,35,0,224,2026091523,2026-09-15 23:29:26
4060347600,20260915232500,0,42,0,2,2026091523,2026-09-15 23:29:26
4060300100,20260915232500,0,28,0,34,2026091523,2026-09-15 23:29:26
4060216400,20260915232500,0,38,0,10,2026091523,2026-09-15 23:29:26
4050282200,20260915232500,0,48,0,80,2026091523,2026-09-15 23:29:26
4050198500,20260915232500,0,11,0,55,2026091523,2026-09-15 23:29:26
4050151000,20260915232500,0,24,0,31,2026091523,2026-09-15 23:29:26
4050067300,20260915232500,0,6,0,72,2026091523,2026-09-15 23:29:26
4060080800,20260915232500,0,19,0,35,2026091523,2026-09-15 23:29:26
4050598800,20260915232500,0,26,0,29,2026091523,2026-09-15 23:29:26
4050551300,20260915232500,0,32,0,27,2026091523,2026-09-15 23:29:26
4050420100,20260915232500,0,16,0,50,2026091523,2026-09-15 23:29:26
4050205202,20260915232500,0,23,0,14,2026091523,2026-09-15 23:29:26
4050336400,20260915232500,0,38,0,6,2026091523,2026-09-15 23:29:26
4050205201,20260915232500,0,5,0,82,2026091523,2026-09-15 23:29:26
4060355200,20260915232500,0,50,0,39,2026091523,2026-09-15 23:29:26
4060224000,20260915232500,0,39,0,26,2026091523,2026-09-15 23:29:26
4050605500,20260915232500,0,37,0,40,2026091523,2026-09-15 23:29:26
4050123800,20260915232500,0,27,0,18,2026091523,2026-09-15 23:29:26
4050344000,20260915232500,0,37,0,46,2026091523,2026-09-15 23:29:26
4060273800,20260915232500,0,10,0,95,2026091523,2026-09-15 23:29:26
4060058900,20260915232500,0,36,0,108,2026091523,2026-09-15 23:29:26
4060494000,20260915232500,0,34,0,4,2026091523,2026-09-15 23:29:26
4060411700,20260915232500,0,60,0,31,2026091523,2026-09-15 23:29:26
4050262600,20260915232500,0,34,0,17,2026091523,2026-09-15 23:29:26
4060417000,20260915232500,0,34,0,14,2026091523,2026-09-15 23:29:26
4060197700,20260915232500,0,30,0,28,2026091523,2026-09-15 23:29:26
4060066500,20260915232500,0,31,0,28,2026091523,2026-09-15 23:29:26
4050316800,20260915232500,0,38,0,13,2026091523,2026-09-15 23:29:26
4060204400,20260915232500,0,38,0,12,2026091523,2026-09-15 23:29:26
4050270200,20260915232500,0,47,0,5,2026091523,2026-09-15 23:29:26
4050186500,20260915232500,0,15,0,37,2026091523,2026-09-15 23:29:26
4060074100,20260915232500,0,10,0,27,2026091523,2026-09-15 23:29:26
4050586800,20260915232500,0,45,0,182,2026091523,2026-09-15 23:29:26
4050324400,20260915232500,0,9,0,51,2026091523,2026-09-15 23:29:26
4050109500,20260915232500,0,12,0,117,2026091523,2026-09-15 23:29:26
4060474400,20260915232500,0,39,0,53,2026091523,2026-09-15 23:29:26
4060259500,20260915232500,0,38,0,11,2026091523,2026-09-15 23:29:26
4060212000,20260915232500,0,45,0,14,2026091523,2026-09-15 23:29:26
4050194100,20260915232500,0,23,0,10,2026091523,2026-09-15 23:29:26
4050509800,20260915232500,0,53,0,32,2026091523,2026-09-15 23:29:26
4060528600,20260915232500,0,35,0,17,2026091523,2026-09-15 23:29:26
4050594400,20260915232500,0,65,0,30,2026091523,2026-09-15 23:29:26
4050111800,20260915232500,0,21,0,20,2026091523,2026-09-15 23:29:26
4050463200,20260915232500,0,40,0,20,2026091523,2026-09-15 23:29:26
4050332000,20260915232500,0,36,0,22,2026091523,2026-09-15 23:29:26
4050248300,20260915232500,0,10,0,44,2026091523,2026-09-15 23:29:26
4050117102,20260915232500,0,31,0,55,2026091523,2026-09-15 23:29:26
4050117101,20260915232500,0,13,0,158,2026091523,2026-09-15 23:29:26
4060261800,20260915232500,0,55,0,99,2026091523,2026-09-15 23:29:26
4060130600,20260915232500,0,27,0,14,2026091523,2026-09-15 23:29:26
4060398300,20260915232500,0,27,0,52,2026091523,2026-09-15 23:29:26
4060267100,20260915232500,0,41,0,6,2026091523,2026-09-15 23:29:26
4050601100,20260915232500,0,2,0,639,2026091523,2026-09-15 23:29:26
4050517400,20260915232500,0,25,0,66,2026091523,2026-09-15 23:29:26
4060536201,20260915232500,0,39,0,48,2026091523,2026-09-15 23:29:26
4050250600,20260915232500,0,46,0,31,2026091523,2026-09-15 23:29:26
4060405000,20260915232500,0,22,0,54,2026091523,2026-09-15 23:29:26
4050035700,20260915232500,0,31,0,3,2026091523,2026-09-15 23:29:26
4060185700,20260915232500,0,39,0,12,2026091523,2026-09-15 23:29:26
4060054500,20260915232500,0,25,0,13,2026091523,2026-09-15 23:29:26
4050304800,20260915232500,0,40,0,4,2026091523,2026-09-15 23:29:26
4050525000,20260915232500,0,42,0,78,2026091523,2026-09-15 23:29:26
4060323600,20260915232500,0,36,0,177,2026091523,2026-09-15 23:29:26
4060239900,20260915232500,0,50,0,15,2026091523,2026-09-15 23:29:26
4060108700,20260915232500,0,19,0,24,2026091523,2026-09-15 23:29:26
4050359900,20260915232500,0,30,0,71,2026091523,2026-09-15 23:29:26
4050312400,20260915232500,0,35,0,19,2026091523,2026-09-15 23:29:26
4060331200,20260915232500,0,41,0,46,2026091523,2026-09-15 23:29:26
4060247500,20260915232500,0,42,0,162,2026091523,2026-09-15 23:29:26
4060200000,20260915232500,0,44,0,78,2026091523,2026-09-15 23:29:26
4060116300,20260915232500,0,32,0,9,2026091523,2026-09-15 23:29:26
4050582400,20260915232500,0,72,0,52,2026091523,2026-09-15 23:29:26
4050498700,20260915232500,0,32,0,31,2026091523,2026-09-15 23:29:26
4050451200,20260915232500,0,49,0,55,2026091523,2026-09-15 23:29:26
4050320000,20260915232500,0,40,0,10,2026091523,2026-09-15 23:29:26
4050236300,20260915232500,0,42,0,15,2026091523,2026-09-15 23:29:26
4060034900,20260915232500,0,5,0,53,2026091523,2026-09-15 23:29:26
4060255100,20260915232500,0,44,0,24,2026091523,2026-09-15 23:29:26
4050590000,20260915232500,0,26,0,31,2026091523,2026-09-15 23:29:26
4060309300,20260915232500,0,23,0,44,2026091523,2026-09-15 23:29:26
4050375100,20260915232500,0,57,0,31,2026091523,2026-09-15 23:29:26
4060042502,20260915232500,0,19,0,12,2026091523,2026-09-15 23:29:26
4060042501,20260915232500,0,30,0,10,2026091523,2026-09-15 23:29:26
4060179000,20260915232500,0,10,0,62,2026091523,2026-09-15 23:29:26
4050513000,20260915232500,0,30,0,156,2026091523,2026-09-15 23:29:26
4050429300,20260915232500,0,32,0,39,2026091523,2026-09-15 23:29:26
4060311600,20260915232500,0,14,0,79,2026091523,2026-09-15 23:29:26
4060227900,20260915232500,0,35,0,5,2026091523,2026-09-15 23:29:26
4050293700,20260915232500,0,27,0,35,2026091523,2026-09-15 23:29:26
4060448100,20260915232500,0,4,0,154,2026091523,2026-09-15 23:29:26
4050162500,20260915232500,0,20,0,24,2026091523,2026-09-15 23:29:26
4050078800,20260915232500,0,37,0,11,2026091523,2026-09-15 23:29:26
4050299000,20260915232500,0,21,0,14,2026091523,2026-09-15 23:29:26
4060181304,20260915232500,0,11,0,77,2026091523,2026-09-15 23:29:26
4060181303,20260915232500,0,34,0,10,2026091523,2026-09-15 23:29:26
4060181301,20260915232500,0,37,0,9,2026091523,2026-09-15 23:29:26
4060097600,20260915232500,0,33,0,42,2026091523,2026-09-15 23:29:26
4060050100,20260915232500,0,53,0,2,2026091523,2026-09-15 23:29:26
4050562800,20260915232500,0,54,0,133,2026091523,2026-09-15 23:29:26
4050431600,20260915232500,0,50,0,3,2026091523,2026-09-15 23:29:26
4050347900,20260915232500,0,41,0,34,2026091523,2026-09-15 23:29:26
4050300400,20260915232500,0,43,0,4,2026091523,2026-09-15 23:29:26
4050568100,20260915232500,0,42,0,161,2026091523,2026-09-15 23:29:26
4060450400,20260915232500,0,43,0,2,2026091523,2026-09-15 23:29:26
4060366700,20260915232500,0,32,0,29,2026091523,2026-09-15 23:29:26
4060104300,20260915232500,0,1,0,428,2026091523,2026-09-15 23:29:26
4050170100,20260915232500,0,17,0,33,2026091523,2026-09-15 23:29:26
4050086400,20260915232500,0,11,0,38,2026091523,2026-09-15 23:29:26
4060504600,20260915232500,0,18,0,81,2026091523,2026-09-15 23:29:26
4050570400,20260915232500,0,26,0,127,2026091523,2026-09-15 23:29:26
4050486700,20260915232500,0,40,0,31,2026091523,2026-09-15 23:29:26
4050355500,20260915232500,0,46,0,11,2026091523,2026-09-15 23:29:26
4060374300,20260915232500,0,33,0,57,2026091523,2026-09-15 23:29:26
4060243100,20260915232500,0,42,0,9,2026091523,2026-09-15 23:29:26
4060028200,20260915232500,0,46,0,50,2026091523,2026-09-15 23:29:26
4050409700,20260915232500,0,51,0,20,2026091523,2026-09-15 23:29:26
4050142900,20260915232500,0,11,0,20,2026091523,2026-09-15 23:29:26
4050279400,20260915232500,0,38,0,43,2026091523,2026-09-15 23:29:26
4060298200,20260915232500,0,37,0,40,2026091523,2026-09-15 23:29:26
4050548500,20260915232500,0,47,0,157,2026091523,2026-09-15 23:29:26
4050417300,20260915232500,0,13,0,73,2026091523,2026-09-15 23:29:26
4060215900,20260915232500,0,38,0,13,2026091523,2026-09-15 23:29:26
4050281700,20260915232500,0,46,0,155,2026091523,2026-09-15 23:29:26
4060436100,20260915232500,0,34,0,41,2026091523,2026-09-15 23:29:26
4050066800,20260915232500,0,21,0,27,2026091523,2026-09-15 23:29:26
4050287000,20260915232500,0,46,0,65,2026091523,2026-09-15 23:29:26
4060085600,20260915232500,0,31,0,7,2026091523,2026-09-15 23:29:26
4050335900,20260915232500,0,20,0,74,2026091523,2026-09-15 23:29:26
4050204700,20260915232500,0,15,0,35,2026091523,2026-09-15 23:29:26
4050556100,20260915232500,0,39,0,35,2026091523,2026-09-15 23:29:26
4060485900,20260915232500,0,45,0,81,2026091523,2026-09-15 23:29:26
4060139802,20260915232500,0,21,0,129,2026091523,2026-09-15 23:29:26
4060139801,20260915232500,0,36,0,55,2026091523,2026-09-15 23:29:26
4060223500,20260915232500,0,43,0,15,2026091523,2026-09-15 23:29:26
4050074400,20260915232500,0,30,0,11,2026091523,2026-09-15 23:29:26
4060093200,20260915232500,0,2,0,54,2026091523,2026-09-15 23:29:26
4060408900,20260915232500,0,52,0,20,2026091523,2026-09-15 23:29:26
4050474700,20260915232500,0,48,0,12,2026091523,2026-09-15 23:29:26
4050343500,20260915232500,0,34,0,19,2026091523,2026-09-15 23:29:26
4050259800,20260915232500,0,43,0,17,2026091523,2026-09-15 23:29:26
4050212300,20260915232500,0,32,0,50,2026091523,2026-09-15 23:29:26
4050128600,20260915232500,0,12,0,56,2026091523,2026-09-15 23:29:26
4060362300,20260915232500,0,15,0,22,2026091523,2026-09-15 23:29:26
4060231100,20260915232500,0,36,0,23,2026091523,2026-09-15 23:29:26
4050612600,20260915232500,0,12,0,108,2026091523,2026-09-15 23:29:26
4050082000,20260915232500,0,10,0,30,2026091523,2026-09-15 23:29:26
4050130900,20260915232500,0,16,0,27,2026091523,2026-09-15 23:29:26
4050398600,20260915232500,0,27,0,196,2026091523,2026-09-15 23:29:26
4050351100,20260915232500,0,42,0,54,2026091523,2026-09-15 23:29:26
4050267400,20260915232500,0,51,0,6,2026091523,2026-09-15 23:29:26
4050405300,20260915232500,0,51,0,136,2026091523,2026-09-15 23:29:26
4060203900,20260915232500,0,43,0,11,2026091523,2026-09-15 23:29:26
4050054800,20260915232500,0,16,0,54,2026091523,2026-09-15 23:29:26
4060209200,20260915232500,0,40,0,58,2026091523,2026-09-15 23:29:26
4050275000,20260915232500,0,38,0,18,2026091523,2026-09-15 23:29:26
4050323900,20260915232500,0,36,0,20,2026091523,2026-09-15 23:29:26
4050544100,20260915232500,0,27,0,13,2026091523,2026-09-15 23:29:26
4050329200,20260915232500,0,39,0,15,2026091523,2026-09-15 23:29:26
4060473900,20260915232500,0,38,0,5,2026091523,2026-09-15 23:29:26
4060342700,20260915232500,0,16,0,33,2026091523,2026-09-15 23:29:26
4060211500,20260915232500,0,45,0,10,2026091523,2026-09-15 23:29:26
4060348000,20260915232500,0,37,0,32,2026091523,2026-09-15 23:29:26
4060081200,20260915232500,0,19,0,25,2026091523,2026-09-15 23:29:26
4050462700,20260915232500,0,29,0,9,2026091523,2026-09-15 23:29:26
4050331500,20260915232500,0,34,0,8,2026091523,2026-09-15 23:29:26
4050247800,20260915232500,0,34,0,22,2026091523,2026-09-15 23:29:26
4050200300,20260915232500,0,18,0,5,2026091523,2026-09-15 23:29:26
4050599200,20260915232500,0,8,0,57,2026091523,2026-09-15 23:29:26
4050116600,20260915232500,0,6,0,56,2026091523,2026-09-15 23:29:26
4060350300,20260915232500,0,30,0,19,2026091523,2026-09-15 23:29:26
4060135402,20260915232500,0,28,0,14,2026091523,2026-09-15 23:29:26
4060266600,20260915232500,0,37,0,30,2026091523,2026-09-15 23:29:26
4060135401,20260915232500,0,21,0,21,2026091523,2026-09-15 23:29:26
4050600600,20260915232500,0,28,0,37,2026091523,2026-09-15 23:29:26
4050070000,20260915232500,0,15,0,13,2026091523,2026-09-15 23:29:26
4060404500,20260915232500,0,38,0,56,2026091523,2026-09-15 23:29:26
4050255400,20260915232500,0,36,0,13,2026091523,2026-09-15 23:29:26
4050124200,20260915232500,0,25,0,6,2026091523,2026-09-15 23:29:26
4060274200,20260915232500,0,9,0,114,2026091523,2026-09-15 23:29:26
4060143000,20260915232500,0,37,0,29,2026091523,2026-09-15 23:29:26
4050524500,20260915232500,0,40,0,9,2026091523,2026-09-15 23:29:26
4050309600,20260915232500,0,28,0,19,2026091523,2026-09-15 23:29:26
4060459600,20260915232500,0,49,0,68,2026091523,2026-09-15 23:29:26
4060328400,20260915232500,0,48,0,15,2026091523,2026-09-15 23:29:26
4050394200,20260915232500,0,26,0,3,2026091523,2026-09-15 23:29:26
4050263000,20260915232500,0,48,0,3,2026091523,2026-09-15 23:29:26
4050179300,20260915232500,0,39,0,12,2026091523,2026-09-15 23:29:26
4050048100,20260915232500,0,6,0,81,2026091523,2026-09-15 23:29:26
4060061600,20260915232500,0,21,0,13,2026091523,2026-09-15 23:29:26
4060198100,20260915232500,0,46,0,3,2026091523,2026-09-15 23:29:26
4050579600,20260915232500,0,5,0,38,2026091523,2026-09-15 23:29:26
4050317200,20260915232500,0,15,0,10,2026091523,2026-09-15 23:29:26
4060461900,20260915232500,0,50,0,170,2026091523,2026-09-15 23:29:26
4060330700,20260915232500,0,43,0,32,2026091523,2026-09-15 23:29:26
4060115800,20260915232500,0,34,0,7,2026091523,2026-09-15 23:29:26
4060467200,20260915232500,0,38,0,4,2026091523,2026-09-15 23:29:26
4060336000,20260915232500,0,23,0,94,2026091523,2026-09-15 23:29:26
4050050400,20260915232500,0,24,0,37,2026091523,2026-09-15 23:29:26
4050581900,20260915232500,0,43,0,4,2026091523,2026-09-15 23:29:26
4050104606,20260915232500,0,19,0,15,2026091523,2026-09-15 23:29:26
4050450700,20260915232500,0,50,0,82,2026091523,2026-09-15 23:29:26
4050104605,20260915232500,0,23,0,15,2026091523,2026-09-15 23:29:26
4050104604,20260915232500,0,22,0,21,2026091523,2026-09-15 23:29:26
4050235800,20260915232500,0,49,0,49,2026091523,2026-09-15 23:29:26
4050104602,20260915232500,0,24,0,4,2026091523,2026-09-15 23:29:26
4050587200,20260915232500,0,68,0,44,2026091523,2026-09-15 23:29:26
4060123402,20260915232500,0,34,0,120,2026091523,2026-09-15 23:29:26
4060254600,20260915232500,0,44,0,83,2026091523,2026-09-15 23:29:26
4060123401,20260915232500,0,30,0,33,2026091523,2026-09-15 23:29:26
4060039700,20260915232500,0,55,0,3,2026091523,2026-09-15 23:29:26
4050504900,20260915232500,0,37,0,208,2026091523,2026-09-15 23:29:26
4060523700,20260915232500,0,6,0,67,2026091523,2026-09-15 23:29:26
4060308800,20260915232500,0,41,0,172,2026091523,2026-09-15 23:29:26
4050374600,20260915232500,0,49,0,154,2026091523,2026-09-15 23:29:26
4050243400,20260915232500,0,36,0,45,2026091523,2026-09-15 23:29:26
4060393400,20260915232500,0,41,0,55,2026091523,2026-09-15 23:29:26
4060262200,20260915232500,0,55,0,19,2026091523,2026-09-15 23:29:26
4060178500,20260915232500,0,26,0,32,2026091523,2026-09-15 23:29:26
4060131000,20260915232500,0,27,0,9,2026091523,2026-09-15 23:29:26
4060531300,20260915232500,0,18,0,18,2026091523,2026-09-15 23:29:26
4060447600,20260915232500,0,30,0,11,2026091523,2026-09-15 23:29:26
4060316400,20260915232500,0,33,0,3,2026091523,2026-09-15 23:29:26
4050382200,20260915232500,0,44,0,53,2026091523,2026-09-15 23:29:26
4050298500,20260915232500,0,48,0,15,2026091523,2026-09-15 23:29:26
4050251000,20260915232500,0,45,0,5,2026091523,2026-09-15 23:29:26
4050167300,20260915232500,0,12,0,93,2026091523,2026-09-15 23:29:26
4050036100,20260915232500,0,32,0,137,2026091523,2026-09-15 23:29:26
4060180800,20260915232500,0,23,0,49,2026091523,2026-09-15 23:29:26
4060186100,20260915232500,0,35,0,41,2026091523,2026-09-15 23:29:26
4050567600,20260915232500,0,42,0,139,2026091523,2026-09-15 23:29:26
4050520100,20260915232500,0,33,0,17,2026091523,2026-09-15 23:29:26
4050436400,20260915232500,0,26,0,7,2026091523,2026-09-15 23:29:26
4050305200,20260915232500,0,15,0,20,2026091523,2026-09-15 23:29:26
4060103800,20260915232500,0,39,0,60,2026091523,2026-09-15 23:29:26
4060455200,20260915232500,0,45,0,161,2026091523,2026-09-15 23:29:26
4060324000,20260915232500,0,18,0,11,2026091523,2026-09-15 23:29:26
4060109100,20260915232500,0,31,0,5,2026091523,2026-09-15 23:29:26
4060509400,20260915232500,0,64,0,164,2026091523,2026-09-15 23:29:26
4050575200,20260915232500,0,20,0,74,2026091523,2026-09-15 23:29:26
4050444000,20260915232500,0,28,0,76,2026091523,2026-09-15 23:29:26
4050229100,20260915232500,0,17,0,78,2026091523,2026-09-15 23:29:26
4060373800,20260915232500,0,12,0,73,2026091523,2026-09-15 23:29:26
4060242600,20260915232500,0,22,0,41,2026091523,2026-09-15 23:29:26
4060111400,20260915232500,0,34,0,12,2026091523,2026-09-15 23:29:26
4060379100,20260915232500,0,29,0,142,2026091523,2026-09-15 23:29:26
4050093500,20260915232500,0,19,0,22,2026091523,2026-09-15 23:29:26
4060511700,20260915232500,0,41,0,5,2026091523,2026-09-15 23:29:26
4050493800,20260915232500,0,50,0,77,2026091523,2026-09-15 23:29:26
4050362600,20260915232500,0,37,0,18,2026091523,2026-09-15 23:29:26
4050278900,20260915232500,0,48,0,9,2026091523,2026-09-15 23:29:26
4050231400,20260915232500,0,23,0,31,2026091523,2026-09-15 23:29:26
4050499100,20260915232500,0,38,0,1,2026091523,2026-09-15 23:29:26
4050100200,20260915232500,0,12,0,137,2026091523,2026-09-15 23:29:26
4060381400,20260915232500,0,46,0,17,2026091523,2026-09-15 23:29:26
4060297700,20260915232500,0,33,0,5,2026091523,2026-09-15 23:29:26
4060250200,20260915232500,0,44,0,5,2026091523,2026-09-15 23:29:26
4060035300,20260915232500,0,26,0,9,2026091523,2026-09-15 23:29:26
4050416800,20260915232500,0,49,0,20,2026091523,2026-09-15 23:29:26
4060304400,20260915232500,0,41,0,53,2026091523,2026-09-15 23:29:26
4050370200,20260915232500,0,43,0,21,2026091523,2026-09-15 23:29:26
4050286500,20260915232500,0,35,0,33,2026091523,2026-09-15 23:29:26
4050155300,20260915232500,0,22,0,79,2026091523,2026-09-15 23:29:26
4050555600,20260915232500,0,42,0,141,2026091523,2026-09-15 23:29:26
4050424400,20260915232500,0,29,0,45,2026091523,2026-09-15 23:29:26
4050073900,20260915232500,0,15,0,56,2026091523,2026-09-15 23:29:26
4060312000,20260915232500,0,43,0,144,2026091523,2026-09-15 23:29:26
4060228300,20260915232500,0,42,0,5,2026091523,2026-09-15 23:29:26
4050079200,20260915232500,0,1,0,216,2026091523,2026-09-15 23:29:26
4060092700,20260915232500,0,17,0,17,2026091523,2026-09-15 23:29:26
4060098000,20260915232500,0,4,0,268,2026091523,2026-09-15 23:29:26
4050211800,20260915232500,0,32,0,52,2026091523,2026-09-15 23:29:26
4050479500,20260915232500,0,22,0,9,2026091523,2026-09-15 23:29:26
4050432000,20260915232500,0,47,0,166,2026091523,2026-09-15 23:29:26
4050348300,20260915232500,0,42,0,6,2026091523,2026-09-15 23:29:26
4060361800,20260915232500,0,35,0,44,2026091523,2026-09-15 23:29:26
4060230600,20260915232500,0,19,0,66,2026091523,2026-09-15 23:29:26
4060015700,20260915232500,0,52,0,22,2026091523,2026-09-15 23:29:26
4060367100,20260915232500,0,27,0,37,2026091523,2026-09-15 23:29:26
4050350600,20260915232500,0,34,0,46,2026091523,2026-09-15 23:29:26
4050266900,20260915232500,0,48,0,4,2026091523,2026-09-15 23:29:26
4050487100,20260915232500,0,46,0,27,2026091523,2026-09-15 23:29:26
4050404800,20260915232500,0,47,0,45,2026091523,2026-09-15 23:29:26
4060423600,20260915232500,0,45,0,92,2026091523,2026-09-15 23:29:26
4060339900,20260915232500,0,48,0,2,2026091523,2026-09-15 23:29:26
4060208700,20260915232500,0,43,0,9,2026091523,2026-09-15 23:29:26
4050274500,20260915232500,0,35,0,19,2026091523,2026-09-15 23:29:26
4050143300,20260915232500,0,11,0,58,2026091523,2026-09-15 23:29:26
4060293300,20260915232500,0,35,0,35,2026091523,2026-09-15 23:29:26
4060078400,20260915232500,0,31,0,9,2026091523,2026-09-15 23:29:26
4050328700,20260915232500,0,41,0,12,2026091523,2026-09-15 23:29:26
4060478700,20260915232500,0,34,0,231,2026091523,2026-09-15 23:29:26
4060431200,20260915232500,0,40,0,10,2026091523,2026-09-15 23:29:26
4060347500,20260915232500,0,36,0,122,2026091523,2026-09-15 23:29:26
4050061900,20260915232500,0,19,0,11,2026091523,2026-09-15 23:29:26
4060300000,20260915232500,0,28,0,34,2026091523,2026-09-15 23:29:26
4060216300,20260915232500,0,33,0,13,2026091523,2026-09-15 23:29:26
4050282100,20260915232500,0,61,0,71,2026091523,2026-09-15 23:29:26
4050198400,20260915232500,0,3,0,94,2026091523,2026-09-15 23:29:26
4050067200,20260915232500,0,21,0,18,2026091523,2026-09-15 23:29:26
4060080700,20260915232500,0,31,0,18,2026091523,2026-09-15 23:29:26
4050598700,20260915232500,0,13,0,45,2026091523,2026-09-15 23:29:26
4050551200,20260915232500,0,34,0,25,2026091523,2026-09-15 23:29:26
4050467500,20260915232500,0,50,0,91,2026091523,2026-09-15 23:29:26
4050420000,20260915232500,0,7,0,116,2026091523,2026-09-15 23:29:26
4050205102,20260915232500,0,22,0,18,2026091523,2026-09-15 23:29:26
4050336300,20260915232500,0,47,0,46,2026091523,2026-09-15 23:29:26
4050205101,20260915232500,0,15,0,22,2026091523,2026-09-15 23:29:26
4060134900,20260915232500,0,40,0,10,2026091523,2026-09-15 23:29:26
4060355100,20260915232500,0,40,0,132,2026091523,2026-09-15 23:29:26
4050605400,20260915232500,0,34,0,44,2026091523,2026-09-15 23:29:26
4050254900,20260915232500,0,51,0,62,2026091523,2026-09-15 23:29:26
4050123700,20260915232500,0,23,0,21,2026091523,2026-09-15 23:29:26
4050475100,20260915232500,0,35,0,18,2026091523,2026-09-15 23:29:26
4060273700,20260915232500,0,7,0,145,2026091523,2026-09-15 23:29:26
4050529300,20260915232500,0,49,0,8,2026091523,2026-09-15 23:29:26
4060411600,20260915232500,0,47,0,97,2026091523,2026-09-15 23:29:26
4060327900,20260915232500,0,38,0,45,2026091523,2026-09-15 23:29:26
4050047606,20260915232500,0,27,0,70,2026091523,2026-09-15 23:29:26
4050047605,20260915232500,0,30,0,7,2026091523,2026-09-15 23:29:26
4050262500,20260915232500,0,36,0,4,2026091523,2026-09-15 23:29:26
4050047602,20260915232500,0,24,0,66,2026091523,2026-09-15 23:29:26
4060066402,20260915232500,0,27,0,39,2026091523,2026-09-15 23:29:26
4060197600,20260915232500,0,33,0,25,2026091523,2026-09-15 23:29:26
4060066401,20260915232500,0,32,0,15,2026091523,2026-09-15 23:29:26
4050316700,20260915232500,0,42,0,18,2026091523,2026-09-15 23:29:26
4060204300,20260915232500,0,42,0,4,2026091523,2026-09-15 23:29:26
4050270100,20260915232500,0,43,0,4,2026091523,2026-09-15 23:29:26
4050186400,20260915232500,0,30,0,51,2026091523,2026-09-15 23:29:26
4060074000,20260915232500,0,22,0,12,2026091523,2026-09-15 23:29:26
4050586700,20260915232500,0,60,0,44,2026091523,2026-09-15 23:29:26
4050455500,20260915232500,0,50,0,53,2026091523,2026-09-15 23:29:26
4050324300,20260915232500,0,3,0,88,2026091523,2026-09-15 23:29:26
4050109400,20260915232500,0,7,0,80,2026091523,2026-09-15 23:29:26
4060122900,20260915232500,0,34,0,143,2026091523,2026-09-15 23:29:26
4060474300,20260915232500,0,36,0,58,2026091523,2026-09-15 23:29:26
4060259400,20260915232500,0,39,0,11,2026091523,2026-09-15 23:29:26
4060128200,20260915232500,0,8,0,56,2026091523,2026-09-15 23:29:26
4050194000,20260915232500,0,12,0,38,2026091523,2026-09-15 23:29:26
4050242900,20260915232500,0,49,0,15,2026091523,2026-09-15 23:29:26
4060528500,20260915232500,0,46,0,12,2026091523,2026-09-15 23:29:26
4050594300,20260915232500,0,62,0,31,2026091523,2026-09-15 23:29:26
4050111700,20260915232500,0,20,0,21,2026091523,2026-09-15 23:29:26
4050248200,20260915232500,0,23,0,19,2026091523,2026-09-15 23:29:26
4060261700,20260915232500,0,69,0,43,2026091523,2026-09-15 23:29:26
4060130500,20260915232500,0,31,0,12,2026091523,2026-09-15 23:29:26
4060398200,20260915232500,0,37,0,38,2026091523,2026-09-15 23:29:26
4060267000,20260915232500,0,40,0,6,2026091523,2026-09-15 23:29:26
4050601000,20260915232500,0,26,0,50,2026091523,2026-09-15 23:29:26
4060530800,20260915232500,0,43,0,6,2026091523,2026-09-15 23:29:26
4050381700,20260915232500,0,45,0,115,2026091523,2026-09-15 23:29:26
4060536101,20260915232500,0,37,0,51,2026091523,2026-09-15 23:29:26
4050250500,20260915232500,0,44,0,20,2026091523,2026-09-15 23:29:26
4050035603,20260915232500,0,16,0,56,2026091523,2026-09-15 23:29:26
4050035602,20260915232500,0,58,0,129,2026091523,2026-09-15 23:29:26
4050166800,20260915232500,0,32,0,133,2026091523,2026-09-15 23:29:26
4050035601,20260915232500,0,22,0,148,2026091523,2026-09-15 23:29:26
4060185600,20260915232500,0,45,0,10,2026091523,2026-09-15 23:29:26
4060054400,20260915232500,0,8,0,33,2026091523,2026-09-15 23:29:26
4050435900,20260915232500,0,49,0,87,2026091523,2026-09-15 23:29:26
4050304700,20260915232500,0,34,0,5,2026091523,2026-09-15 23:29:26
4060454700,20260915232500,0,53,0,18,2026091523,2026-09-15 23:29:26
4060323500,20260915232500,0,52,0,123,2026091523,2026-09-15 23:29:26
4060239800,20260915232500,0,38,0,20,2026091523,2026-09-15 23:29:26
4060108600,20260915232500,0,22,0,22,2026091523,2026-09-15 23:29:26
4060062000,20260915232500,0,20,0,7,2026091523,2026-09-15 23:29:26
4060508900,20260915232500,0,35,0,81,2026091523,2026-09-15 23:29:26
4050574700,20260915232500,0,10,0,46,2026091523,2026-09-15 23:29:26
4050443500,20260915232500,0,27,0,10,2026091523,2026-09-15 23:29:26
4050359800,20260915232500,0,34,0,64,2026091523,2026-09-15 23:29:26
4050312300,20260915232500,0,42,0,6,2026091523,2026-09-15 23:29:26
4060110900,20260915232500,0,29,0,14,2026091523,2026-09-15 23:29:26
4060462300,20260915232500,0,48,0,23,2026091523,2026-09-15 23:29:26
4060331100,20260915232500,0,46,0,41,2026091523,2026-09-15 23:29:26
4060247400,20260915232500,0,33,0,204,2026091523,2026-09-15 23:29:26
4060116200,20260915232500,0,33,0,8,2026091523,2026-09-15 23:29:26
4050230900,20260915232500,0,14,0,61,2026091523,2026-09-15 23:29:26
4050582300,20260915232500,0,39,0,13,2026091523,2026-09-15 23:29:26
4050498600,20260915232500,0,36,0,4,2026091523,2026-09-15 23:29:26
4050236200,20260915232500,0,41,0,15,2026091523,2026-09-15 23:29:26
4050105002,20260915232500,0,29,0,7,2026091523,2026-09-15 23:29:26
4050105001,20260915232500,0,22,0,5,2026091523,2026-09-15 23:29:26
4060034800,20260915232500,0,22,0,13,2026091523,2026-09-15 23:29:26
4060255000,20260915232500,0,43,0,25,2026091523,2026-09-15 23:29:26
4050505300,20260915232500,0,43,0,56,2026091523,2026-09-15 23:29:26
4050154800,20260915232500,0,12,0,44,2026091523,2026-09-15 23:29:26
4060309200,20260915232500,0,40,0,22,2026091523,2026-09-15 23:29:26
4050375000,20260915232500,0,51,0,34,2026091523,2026-09-15 23:29:26
4060089902,20260915232500,0,32,0,38,2026091523,2026-09-15 23:29:26
4060042402,20260915232500,0,17,0,20,2026091523,2026-09-15 23:29:26
4060089901,20260915232500,0,40,0,40,2026091523,2026-09-15 23:29:26
4060042401,20260915232500,0,19,0,11,2026091523,2026-09-15 23:29:26
4050423900,20260915232500,0,20,0,56,2026091523,2026-09-15 23:29:26
4050429200,20260915232500,0,36,0,35,2026091523,2026-09-15 23:29:26
4060442700,20260915232500,0,50,0,15,2026091523,2026-09-15 23:29:26
4060311500,20260915232500,0,29,0,38,2026091523,2026-09-15 23:29:26
4060227800,20260915232500,0,37,0,5,2026091523,2026-09-15 23:29:26
4050293600,20260915232500,0,25,0,38,2026091523,2026-09-15 23:29:26
4060448000,20260915232500,0,31,0,11,2026091523,2026-09-15 23:29:26
4050162400,20260915232500,0,29,0,11,2026091523,2026-09-15 23:29:26
4050078700,20260915232500,0,22,0,20,2026091523,2026-09-15 23:29:26
4060181202,20260915232500,0,33,0,12,2026091523,2026-09-15 23:29:26
4060181201,20260915232500,0,38,0,23,2026091523,2026-09-15 23:29:26
4060097500,20260915232500,0,34,0,39,2026091523,2026-09-15 23:29:26
4060050000,20260915232500,0,54,0,2,2026091523,2026-09-15 23:29:26
4050562700,20260915232500,0,46,0,230,2026091523,2026-09-15 23:29:26
4050431500,20260915232500,0,45,0,34,2026091523,2026-09-15 23:29:26
4050347800,20260915232500,0,42,0,33,2026091523,2026-09-15 23:29:26
4050300300,20260915232500,0,48,0,6,2026091523,2026-09-15 23:29:26
4050568000,20260915232500,0,37,0,183,2026091523,2026-09-15 23:29:26
4060450300,20260915232500,0,54,0,1,2026091523,2026-09-15 23:29:26
4060366600,20260915232500,0,26,0,50,2026091523,2026-09-15 23:29:26
4060104200,20260915232500,0,38,0,11,2026091523,2026-09-15 23:29:26
4050170000,20260915232500,0,31,0,9,2026091523,2026-09-15 23:29:26
4050086300,20260915232500,0,18,0,23,2026091523,2026-09-15 23:29:26
4060504500,20260915232500,0,39,0,37,2026091523,2026-09-15 23:29:26
4050570300,20260915232500,0,25,0,110,2026091523,2026-09-15 23:29:26
4050486600,20260915232500,0,41,0,30,2026091523,2026-09-15 23:29:26
4050355400,20260915232500,0,36,0,15,2026091523,2026-09-15 23:29:26
4060374200,20260915232500,0,36,0,51,2026091523,2026-09-15 23:29:26
4060243000,20260915232500,0,42,0,8,2026091523,2026-09-15 23:29:26
4050409600,20260915232500,0,54,0,19,2026091523,2026-09-15 23:29:26
4050142802,20260915232500,0,40,0,14,2026091523,2026-09-15 23:29:26
4050142801,20260915232500,0,34,0,108,2026091523,2026-09-15 23:29:26
4050279300,20260915232500,0,52,0,152,2026091523,2026-09-15 23:29:26
4050148100,20260915232500,0,20,0,24,2026091523,2026-09-15 23:29:26
4060077900,20260915232500,0,26,0,15,2026091523,2026-09-15 23:29:26
4060298100,20260915232500,0,29,0,15,2026091523,2026-09-15 23:29:26
4050411900,20260915232500,0,38,0,44,2026091523,2026-09-15 23:29:26
4050548400,20260915232500,0,46,0,159,2026091523,2026-09-15 23:29:26
4050417200,20260915232500,0,32,0,29,2026091523,2026-09-15 23:29:26
4060215800,20260915232500,0,40,0,12,2026091523,2026-09-15 23:29:26
4050281600,20260915232500,0,44,0,160,2026091523,2026-09-15 23:29:26
4050197900,20260915232500,0,26,0,29,2026091523,2026-09-15 23:29:26
4060436000,20260915232500,0,44,0,34,2026091523,2026-09-15 23:29:26
4050066700,20260915232500,0,18,0,32,2026091523,2026-09-15 23:29:26
4060085500,20260915232500,0,31,0,11,2026091523,2026-09-15 23:29:26
4050550700,20260915232500,0,48,0,68,2026091523,2026-09-15 23:29:26
4050335800,20260915232500,0,7,0,208,2026091523,2026-09-15 23:29:26
4050556000,20260915232500,0,42,0,33,2026091523,2026-09-15 23:29:26
4060139702,20260915232500,0,25,0,80,2026091523,2026-09-15 23:29:26
4060139701,20260915232500,0,37,0,73,2026091523,2026-09-15 23:29:26
4060223400,20260915232500,0,43,0,15,2026091523,2026-09-15 23:29:26
4050604900,20260915232500,0,17,0,25,2026091523,2026-09-15 23:29:26
4050074300,20260915232500,0,15,0,23,2026091523,2026-09-15 23:29:26
4060093100,20260915232500,0,15,0,7,2026091523,2026-09-15 23:29:26
4060408800,20260915232500,0,54,0,20,2026091523,2026-09-15 23:29:26
4050474600,20260915232500,0,60,0,9,2026091523,2026-09-15 23:29:26
4050343400,20260915232500,0,44,0,14,2026091523,2026-09-15 23:29:26
4050212202,20260915232500,0,29,0,40,2026091523,2026-09-15 23:29:26
4050212201,20260915232500,0,24,0,14,2026091523,2026-09-15 23:29:26
4050259700,20260915232500,0,47,0,13,2026091523,2026-09-15 23:29:26
4050128500,20260915232500,0,11,0,58,2026091523,2026-09-15 23:29:26
4060493400,20260915232500,0,30,0,6,2026091523,2026-09-15 23:29:26
4060362200,20260915232500,0,29,0,22,2026091523,2026-09-15 23:29:26
4060231000,20260915232500,0,40,0,19,2026091523,2026-09-15 23:29:26
4050612500,20260915232500,0,26,0,46,2026091523,2026-09-15 23:29:26
4050130800,20260915232500,0,9,0,89,2026091523,2026-09-15 23:29:26
4050398500,20260915232500,0,56,0,29,2026091523,2026-09-15 23:29:26
4050351000,20260915232500,0,30,0,76,2026091523,2026-09-15 23:29:26
4050267300,20260915232500,0,48,0,4,2026091523,2026-09-15 23:29:26
4060065902,20260915232500,0,25,0,46,2026091523,2026-09-15 23:29:26
4060065901,20260915232500,0,29,0,18,2026091523,2026-09-15 23:29:26
4050405200,20260915232500,0,46,0,152,2026091523,2026-09-15 23:29:26
4060203800,20260915232500,0,45,0,10,2026091523,2026-09-15 23:29:26
4050185900,20260915232500,0,3,0,94,2026091523,2026-09-15 23:29:26
4050054700,20260915232500,0,8,0,106,2026091523,2026-09-15 23:29:26
4060209100,20260915232500,0,44,0,12,2026091523,2026-09-15 23:29:26
4060073500,20260915232500,0,20,0,26,2026091523,2026-09-15 23:29:26
4050323800,20260915232500,0,43,0,16,2026091523,2026-09-15 23:29:26
4050544000,20260915232500,0,29,0,12,2026091523,2026-09-15 23:29:26
4050329100,20260915232500,0,41,0,5,2026091523,2026-09-15 23:29:26
4060473800,20260915232500,0,31,0,146,2026091523,2026-09-15 23:29:26
4060342600,20260915232500,0,20,0,26,2026091523,2026-09-15 23:29:26
4060258900,20260915232500,0,41,0,97,2026091523,2026-09-15 23:29:26
4060211400,20260915232500,0,48,0,9,2026091523,2026-09-15 23:29:26
4060081100,20260915232500,0,4,0,145,2026091523,2026-09-15 23:29:26
4050593800,20260915232500,0,8,0,48,2026091523,2026-09-15 23:29:26
4050462600,20260915232500,0,6,0,48,2026091523,2026-09-15 23:29:26
4050378900,20260915232500,0,46,0,148,2026091523,2026-09-15 23:29:26
4050331400,20260915232500,0,37,0,7,2026091523,2026-09-15 23:29:26
4050200200,20260915232500,0,1,0,280,2026091523,2026-09-15 23:29:26
4050116500,20260915232500,0,20,0,16,2026091523,2026-09-15 23:29:26
4060397700,20260915232500,0,38,0,208,2026091523,2026-09-15 23:29:26
4060350200,20260915232500,0,25,0,22,2026091523,2026-09-15 23:29:26
4060135302,20260915232500,0,15,0,29,2026091523,2026-09-15 23:29:26
4060266500,20260915232500,0,57,0,14,2026091523,2026-09-15 23:29:26
4060135301,20260915232500,0,24,0,16,2026091523,2026-09-15 23:29:26
4050600500,20260915232500,0,47,0,85,2026091523,2026-09-15 23:29:26
4060404400,20260915232500,0,24,0,89,2026091523,2026-09-15 23:29:26
4050255300,20260915232500,0,44,0,3,2026091523,2026-09-15 23:29:26
4050124100,20260915232500,0,18,0,9,2026091523,2026-09-15 23:29:26
4060274100,20260915232500,0,36,0,32,2026091523,2026-09-15 23:29:26
4060059200,20260915232500,0,31,0,86,2026091523,2026-09-15 23:29:26
4050524400,20260915232500,0,43,0,9,2026091523,2026-09-15 23:29:26
4050309500,20260915232500,0,24,0,17,2026091523,2026-09-15 23:29:26
4060459500,20260915232500,0,45,0,74,2026091523,2026-09-15 23:29:26
4050173900,20260915232500,0,26,0,22,2026091523,2026-09-15 23:29:26
4060328300,20260915232500,0,43,0,16,2026091523,2026-09-15 23:29:26
4060192700,20260915232500,0,42,0,32,2026091523,2026-09-15 23:29:26
4060061500,20260915232500,0,12,0,23,2026091523,2026-09-15 23:29:26
4060198000,20260915232500,0,37,0,4,2026091523,2026-09-15 23:29:26
4050579500,20260915232500,0,50,0,95,2026091523,2026-09-15 23:29:26
4050317100,20260915232500,0,43,0,7,2026091523,2026-09-15 23:29:26
4060461800,20260915232500,0,56,0,60,2026091523,2026-09-15 23:29:26
4060246900,20260915232500,0,42,0,6,2026091523,2026-09-15 23:29:26
4060115700,20260915232500,0,36,0,11,2026091523,2026-09-15 23:29:26
4060467100,20260915232500,0,44,0,4,2026091523,2026-09-15 23:29:26
4050097800,20260915232500,0,11,0,35,2026091523,2026-09-15 23:29:26
4050050300,20260915232500,0,24,0,38,2026091523,2026-09-15 23:29:26
4050581800,20260915232500,0,18,0,10,2026091523,2026-09-15 23:29:26
4050104506,20260915232500,0,25,0,14,2026091523,2026-09-15 23:29:26
4050450600,20260915232500,0,50,0,82,2026091523,2026-09-15 23:29:26
4050104505,20260915232500,0,7,0,39,2026091523,2026-09-15 23:29:26
4050366900,20260915232500,0,13,0,99,2026091523,2026-09-15 23:29:26
4050104503,20260915232500,0,21,0,20,2026091523,2026-09-15 23:29:26
4050235700,20260915232500,0,48,0,14,2026091523,2026-09-15 23:29:26
4050104501,20260915232500,0,34,0,3,2026091523,2026-09-15 23:29:26
4060385700,20260915232500,0,46,0,78,2026091523,2026-09-15 23:29:26
4060254500,20260915232500,0,29,0,46,2026091523,2026-09-15 23:29:26
4060123300,20260915232500,0,31,0,44,2026091523,2026-09-15 23:29:26
4060039600,20260915232500,0,25,0,6,2026091523,2026-09-15 23:29:26
4050504800,20260915232500,0,29,0,266,2026091523,2026-09-15 23:29:26
4060523600,20260915232500,0,19,0,26,2026091523,2026-09-15 23:29:26
4060308700,20260915232500,0,42,0,167,2026091523,2026-09-15 23:29:26
4050243300,20260915232500,0,45,0,35,2026091523,2026-09-15 23:29:26
4060041900,20260915232500,0,33,0,13,2026091523,2026-09-15 23:29:26
4060262100,20260915232500,0,44,0,90,2026091523,2026-09-15 23:29:26
4060178400,20260915232500,0,20,0,43,2026091523,2026-09-15 23:29:26
4050559900,20260915232500,0,50,0,29,2026091523,2026-09-15 23:29:26
4050428700,20260915232500,0,24,0,137,2026091523,2026-09-15 23:29:26
4060531200,20260915232500,0,20,0,52,2026091523,2026-09-15 23:29:26
4060447500,20260915232500,0,38,0,9,2026091523,2026-09-15 23:29:26
4050161900,20260915232500,0,20,0,11,2026091523,2026-09-15 23:29:26
4060316300,20260915232500,0,37,0,2,2026091523,2026-09-15 23:29:26
4050382100,20260915232500,0,22,0,62,2026091523,2026-09-15 23:29:26
4050298400,20260915232500,0,49,0,15,2026091523,2026-09-15 23:29:26
4060180702,20260915232500,0,29,0,40,2026091523,2026-09-15 23:29:26
4060180701,20260915232500,0,26,0,10,2026091523,2026-09-15 23:29:26
4050036000,20260915232500,0,28,0,26,2026091523,2026-09-15 23:29:26
4060186000,20260915232500,0,47,0,30,2026091523,2026-09-15 23:29:26
4050567500,20260915232500,0,20,0,17,2026091523,2026-09-15 23:29:26
4050520000,20260915232500,0,53,0,10,2026091523,2026-09-15 23:29:26
4050305100,20260915232500,0,21,0,12,2026091523,2026-09-15 23:29:26
4060103704,20260915232500,0,32,0,128,2026091523,2026-09-15 23:29:26
4060103703,20260915232500,0,40,0,39,2026091523,2026-09-15 23:29:26
4060103701,20260915232500,0,35,0,75,2026091523,2026-09-15 23:29:26
4060455100,20260915232500,0,51,0,142,2026091523,2026-09-15 23:29:26
4060109000,20260915232500,0,30,0,16,2026091523,2026-09-15 23:29:26
4050354900,20260915232500,0,38,0,23,2026091523,2026-09-15 23:29:26
4060509300,20260915232500,0,56,0,187,2026091523,2026-09-15 23:29:26
4050575100,20260915232500,0,27,0,52,2026091523,2026-09-15 23:29:26
4050229000,20260915232500,0,27,0,49,2026091523,2026-09-15 23:29:26
4060242500,20260915232500,0,26,0,44,2026091523,2026-09-15 23:29:26
4060111300,20260915232500,0,33,0,11,2026091523,2026-09-15 23:29:26
4060379000,20260915232500,0,39,0,106,2026091523,2026-09-15 23:29:26
4050093400,20260915232500,0,21,0,17,2026091523,2026-09-15 23:29:26
4050493700,20260915232500,0,40,0,137,2026091523,2026-09-15 23:29:26
4050362500,20260915232500,0,33,0,13,2026091523,2026-09-15 23:29:26
4050278800,20260915232500,0,44,0,9,2026091523,2026-09-15 23:29:26
4050231300,20260915232500,0,18,0,47,2026091523,2026-09-15 23:29:26
4050499000,20260915232500,0,33,0,22,2026091523,2026-09-15 23:29:26
4050100100,20260915232500,0,10,0,161,2026091523,2026-09-15 23:29:26
4060297600,20260915232500,0,38,0,4,2026091523,2026-09-15 23:29:26
4060250100,20260915232500,0,47,0,63,2026091523,2026-09-15 23:29:26
4060035200,20260915232500,0,5,0,51,2026091523,2026-09-15 23:29:26
4050416700,20260915232500,0,33,0,91,2026091523,2026-09-15 23:29:26
4060304300,20260915232500,0,37,0,58,2026091523,2026-09-15 23:29:26
4050370100,20260915232500,0,50,0,23,2026091523,2026-09-15 23:29:26
4050286400,20260915232500,0,33,0,36,2026091523,2026-09-15 23:29:26
4050424300,20260915232500,0,43,0,94,2026091523,2026-09-15 23:29:26
4050209400,20260915232500,0,14,0,85,2026091523,2026-09-15 23:29:26
4060222900,20260915232500,0,42,0,35,2026091523,2026-09-15 23:29:26
4060359400,20260915232500,0,26,0,23,2026091523,2026-09-15 23:29:26
4050073800,20260915232500,0,18,0,59,2026091523,2026-09-15 23:29:26
4060228200,20260915232500,0,34,0,7,2026091523,2026-09-15 23:29:26
4050609700,20260915232500,0,30,0,63,2026091523,2026-09-15 23:29:26
4050079100,20260915232500,0,12,0,18,2026091523,2026-09-15 23:29:26
4060092600,20260915232500,0,22,0,8,2026091523,2026-09-15 23:29:26
4050342900,20260915232500,0,7,0,68,2026091523,2026-09-15 23:29:26
4050211700,20260915232500,0,43,0,38,2026091523,2026-09-15 23:29:26
4050563100,20260915232500,0,39,0,158,2026091523,2026-09-15 23:29:26
4050479400,20260915232500,0,28,0,7,2026091523,2026-09-15 23:29:26
4050348200,20260915232500,0,35,0,8,2026091523,2026-09-15 23:29:26
4060492900,20260915232500,0,32,0,4,2026091523,2026-09-15 23:29:26
4060361700,20260915232500,0,32,0,48,2026091523,2026-09-15 23:29:26
4060230500,20260915232500,0,41,0,18,2026091523,2026-09-15 23:29:26
4050081400,20260915232500,0,16,0,12,2026091523,2026-09-15 23:29:26
4050350500,20260915232500,0,13,0,37,2026091523,2026-09-15 23:29:26
4050266800,20260915232500,0,50,0,3,2026091523,2026-09-15 23:29:26
4050487000,20260915232500,0,47,0,26,2026091523,2026-09-15 23:29:26
4050404700,20260915232500,0,42,0,2,2026091523,2026-09-15 23:29:26
4060339800,20260915232500,0,41,0,2,2026091523,2026-09-15 23:29:26
4060208600,20260915232500,0,40,0,12,2026091523,2026-09-15 23:29:26
4050274400,20260915232500,0,37,0,17,2026091523,2026-09-15 23:29:26
4050143200,20260915232500,0,18,0,10,2026091523,2026-09-15 23:29:26
4060078300,20260915232500,0,30,0,9,2026091523,2026-09-15 23:29:26
4050543500,20260915232500,0,45,0,186,2026091523,2026-09-15 23:29:26
4050412300,20260915232500,0,34,0,135,2026091523,2026-09-15 23:29:26
4050328600,20260915232500,0,35,0,16,2026091523,2026-09-15 23:29:26
4060210900,20260915232500,0,61,0,221,2026091523,2026-09-15 23:29:26
4060431100,20260915232500,0,35,0,11,2026091523,2026-09-15 23:29:26
4060347400,20260915232500,0,42,0,104,2026091523,2026-09-15 23:29:26
4060216200,20260915232500,0,38,0,11,2026091523,2026-09-15 23:29:26
4050282000,20260915232500,0,15,0,286,2026091523,2026-09-15 23:29:26
4050198300,20260915232500,0,22,0,11,2026091523,2026-09-15 23:29:26
4050067100,20260915232500,0,19,0,20,2026091523,2026-09-15 23:29:26
4060080600,20260915232500,0,24,0,22,2026091523,2026-09-15 23:29:26
4050330900,20260915232500,0,37,0,13,2026091523,2026-09-15 23:29:26
4050598600,20260915232500,0,13,0,45,2026091523,2026-09-15 23:29:26
4050467400,20260915232500,0,27,0,168,2026091523,2026-09-15 23:29:26
4050336200,20260915232500,0,47,0,47,2026091523,2026-09-15 23:29:26
4060134806,20260915232500,0,36,0,9,2026091523,2026-09-15 23:29:26
4060134805,20260915232500,0,32,0,10,2026091523,2026-09-15 23:29:26
4060480900,20260915232500,0,29,0,28,2026091523,2026-09-15 23:29:26
4060134804,20260915232500,0,30,0,10,2026091523,2026-09-15 23:29:26
4060134802,20260915232500,0,31,0,24,2026091523,2026-09-15 23:29:26
4060134801,20260915232500,0,27,0,17,2026091523,2026-09-15 23:29:26
4060355000,20260915232500,0,33,0,162,2026091523,2026-09-15 23:29:26
4050605300,20260915232500,0,20,0,345,2026091523,2026-09-15 23:29:26
4050254800,20260915232500,0,37,0,85,2026091523,2026-09-15 23:29:26
4050123600,20260915232500,0,4,0,256,2026091523,2026-09-15 23:29:26
4050475000,20260915232500,0,14,0,42,2026091523,2026-09-15 23:29:26
4060142404,20260915232500,0,27,0,20,2026091523,2026-09-15 23:29:26
4060142403,20260915232500,0,20,0,47,2026091523,2026-09-15 23:29:26
4060273600,20260915232500,0,35,0,30,2026091523,2026-09-15 23:29:26
4060142401,20260915232500,0,21,0,56,2026091523,2026-09-15 23:29:26
4060011202,20260915232500,0,32,0,18,2026091523,2026-09-15 23:29:26
4060011201,20260915232500,0,25,0,41,2026091523,2026-09-15 23:29:26
4050523900,20260915232500,0,47,0,22,2026091523,2026-09-15 23:29:26
4050529200,20260915232500,0,70,0,6,2026091523,2026-09-15 23:29:26
4060411500,20260915232500,0,38,0,119,2026091523,2026-09-15 23:29:26
4060327800,20260915232500,0,21,0,269,2026091523,2026-09-15 23:29:26
4050047506,20260915232500,0,40,0,5,2026091523,2026-09-15 23:29:26
4050047505,20260915232500,0,48,0,39,2026091523,2026-09-15 23:29:26
4050262400,20260915232500,0,41,0,4,2026091523,2026-09-15 23:29:26
4050047501,20260915232500,0,32,0,53,2026091523,2026-09-15 23:29:26
4050131200,20260915232500,0,33,0,21,2026091523,2026-09-15 23:29:26
4060066302,20260915232500,0,34,0,14,2026091523,2026-09-15 23:29:26
4060197500,20260915232500,0,35,0,11,2026091523,2026-09-15 23:29:26
4060066301,20260915232500,0,29,0,39,2026091523,2026-09-15 23:29:26
4050400300,20260915232500,0,29,0,74,2026091523,2026-09-15 23:29:26
4050316600,20260915232500,0,42,0,19,2026091523,2026-09-15 23:29:26
4060466600,20260915232500,0,67,0,2,2026091523,2026-09-15 23:29:26
4060204200,20260915232500,0,44,0,4,2026091523,2026-09-15 23:29:26
4050270000,20260915232500,0,44,0,4,2026091523,2026-09-15 23:29:26
4050186300,20260915232500,0,31,0,51,2026091523,2026-09-15 23:29:26
4050586600,20260915232500,0,72,0,36,2026091523,2026-09-15 23:29:26
4050455400,20260915232500,0,52,0,50,2026091523,2026-09-15 23:29:26
4050324200,20260915232500,0,12,0,22,2026091523,2026-09-15 23:29:26
4050109300,20260915232500,0,23,0,24,2026091523,2026-09-15 23:29:26
4060122800,20260915232500,0,31,0,154,2026091523,2026-09-15 23:29:26
4060474200,20260915232500,0,40,0,8,2026091523,2026-09-15 23:29:26
4060259300,20260915232500,0,46,0,4,2026091523,2026-09-15 23:29:26
4060128100,20260915232500,0,42,0,10,2026091523,2026-09-15 23:29:26
4050242800,20260915232500,0,52,0,15,2026091523,2026-09-15 23:29:26
4050594200,20260915232500,0,34,0,35,2026091523,2026-09-15 23:29:26
4050111600,20260915232500,0,29,0,19,2026091523,2026-09-15 23:29:26
4050248100,20260915232500,0,9,0,106,2026091523,2026-09-15 23:29:26
4060261600,20260915232500,0,65,0,46,2026091523,2026-09-15 23:29:26
4060177900,20260915232500,0,20,0,50,2026091523,2026-09-15 23:29:26
4060130400,20260915232500,0,24,0,24,2026091523,2026-09-15 23:29:26
4060046700,20260915232500,0,34,0,10,2026091523,2026-09-15 23:29:26
4060398100,20260915232500,0,30,0,2,2026091523,2026-09-15 23:29:26
4050511900,20260915232500,0,36,0,39,2026091523,2026-09-15 23:29:26
4060530700,20260915232500,0,47,0,5,2026091523,2026-09-15 23:29:26
4060315800,20260915232500,0,41,0,5,2026091523,2026-09-15 23:29:26
4050381600,20260915232500,0,44,0,117,2026091523,2026-09-15 23:29:26
4050297900,20260915232500,0,45,0,8,2026091523,2026-09-15 23:29:26
4050035503,20260915232500,0,32,0,235,2026091523,2026-09-15 23:29:26
4050250400,20260915232500,0,47,0,17,2026091523,2026-09-15 23:29:26
4050035502,20260915232500,0,12,0,270,2026091523,2026-09-15 23:29:26
4050166700,20260915232500,0,31,0,139,2026091523,2026-09-15 23:29:26
4050035501,20260915232500,0,31,0,29,2026091523,2026-09-15 23:29:26
4060185500,20260915232500,0,15,0,199,2026091523,2026-09-15 23:29:26
4060054300,20260915232500,0,11,0,24,2026091523,2026-09-15 23:29:26
4050435800,20260915232500,0,52,0,82,2026091523,2026-09-15 23:29:26
4050304600,20260915232500,0,29,0,6,2026091523,2026-09-15 23:29:26
4060323400,20260915232500,0,48,0,58,2026091523,2026-09-15 23:29:26
4060239700,20260915232500,0,31,0,12,2026091523,2026-09-15 23:29:26
4060108500,20260915232500,0,11,0,44,2026091523,2026-09-15 23:29:26
4060193100,20260915232500,0,37,0,5,2026091523,2026-09-15 23:29:26
4050574600,20260915232500,0,11,0,36,2026091523,2026-09-15 23:29:26
4050443400,20260915232500,0,24,0,12,2026091523,2026-09-15 23:29:26
4050359700,20260915232500,0,30,0,22,2026091523,2026-09-15 23:29:26
4050312200,20260915232500,0,36,0,7,2026091523,2026-09-15 23:29:26
4060110800,20260915232500,0,30,0,24,2026091523,2026-09-15 23:29:26
4060378500,20260915232500,0,60,0,31,2026091523,2026-09-15 23:29:26
4050092900,20260915232500,0,4,0,54,2026091523,2026-09-15 23:29:26
4060331000,20260915232500,0,33,0,8,2026091523,2026-09-15 23:29:26
4060247300,20260915232500,0,27,0,49,2026091523,2026-09-15 23:29:26
4060116100,20260915232500,0,30,0,14,2026091523,2026-09-15 23:29:26
4050098200,20260915232500,0,15,0,38,2026091523,2026-09-15 23:29:26
4050230802,20260915232500,0,9,0,72,2026091523,2026-09-15 23:29:26
4050230801,20260915232500,0,21,0,26,2026091523,2026-09-15 23:29:26
4050582200,20260915232500,0,36,0,11,2026091523,2026-09-15 23:29:26
4050498500,20260915232500,0,39,0,4,2026091523,2026-09-15 23:29:26
4050236100,20260915232500,0,38,0,6,2026091523,2026-09-15 23:29:26
4060386100,20260915232500,0,27,0,21,2026091523,2026-09-15 23:29:26
4050505200,20260915232500,0,46,0,53,2026091523,2026-09-15 23:29:26
4060303800,20260915232500,0,39,0,28,2026091523,2026-09-15 23:29:26
4050285900,20260915232500,0,48,0,44,2026091523,2026-09-15 23:29:26
4060524000,20260915232500,0,8,0,97,2026091523,2026-09-15 23:29:26
4050154700,20260915232500,0,12,0,44,2026091523,2026-09-15 23:29:26
4060309100,20260915232500,0,32,0,28,2026091523,2026-09-15 23:29:26
4060089800,20260915232500,0,21,0,136,2026091523,2026-09-15 23:29:26
4050423800,20260915232500,0,17,0,67,2026091523,2026-09-15 23:29:26
4050208902,20260915232500,0,33,0,3,2026091523,2026-09-15 23:29:26
4050208901,20260915232500,0,4,0,88,2026091523,2026-09-15 23:29:26
4060442600,20260915232500,0,59,0,1,2026091523,2026-09-15 23:29:26
4060358900,20260915232500,0,27,0,32,2026091523,2026-09-15 23:29:26
4060227700,20260915232500,0,30,0,20,2026091523,2026-09-15 23:29:26
4050293500,20260915232500,0,23,0,55,2026091523,2026-09-15 23:29:26
4050162300,20260915232500,0,21,0,17,2026091523,2026-09-15 23:29:26
4050078600,20260915232500,0,5,0,36,2026091523,2026-09-15 23:29:26
4060181100,20260915232500,0,38,0,27,2026091523,2026-09-15 23:29:26
4060097400,20260915232500,0,35,0,18,2026091523,2026-09-15 23:29:26
4050562600,20260915232500,0,47,0,226,2026091523,2026-09-15 23:29:26
4050431400,20260915232500,0,19,0,82,2026091523,2026-09-15 23:29:26
4050347700,20260915232500,0,42,0,31,2026091523,2026-09-15 23:29:26
4050300200,20260915232500,0,53,0,5,2026091523,2026-09-15 23:29:26
4060450200,20260915232500,0,34,0,6,2026091523,2026-09-15 23:29:26
4060366500,20260915232500,0,29,0,44,2026091523,2026-09-15 23:29:26
4050080900,20260915232500,0,22,0,63,2026091523,2026-09-15 23:29:26
4060235300,20260915232500,0,45,0,53,2026091523,2026-09-15 23:29:26
4060104100,20260915232500,0,31,0,13,2026091523,2026-09-15 23:29:26
4050086200,20260915232500,0,18,0,11,2026091523,2026-09-15 23:29:26
4050570200,20260915232500,0,37,0,74,2026091523,2026-09-15 23:29:26
4050355300,20260915232500,0,37,0,18,2026091523,2026-09-15 23:29:26
4060374100,20260915232500,0,34,0,15,2026091523,2026-09-15 23:29:26
4060028002,20260915232500,0,40,0,108,2026091523,2026-09-15 23:29:26
4060028001,20260915232500,0,31,0,30,2026091523,2026-09-15 23:29:26
4050142702,20260915232500,0,22,0,165,2026091523,2026-09-15 23:29:26
4050273900,20260915232500,0,37,0,90,2026091523,2026-09-15 23:29:26
4050142701,20260915232500,0,41,0,14,2026091523,2026-09-15 23:29:26
4060512000,20260915232500,0,38,0,137,2026091523,2026-09-15 23:29:26
4060428300,20260915232500,0,42,0,162,2026091523,2026-09-15 23:29:26
4050494100,20260915232500,0,33,0,21,2026091523,2026-09-15 23:29:26
4050279200,20260915232500,0,55,0,144,2026091523,2026-09-15 23:29:26
4050148000,20260915232500,0,23,0,46,2026091523,2026-09-15 23:29:26
4060077800,20260915232500,0,25,0,17,2026091523,2026-09-15 23:29:26
4060298000,20260915232500,0,48,0,9,2026091523,2026-09-15 23:29:26
4050411800,20260915232500,0,35,0,48,2026091523,2026-09-15 23:29:26
4050417100,20260915232500,0,29,0,7,2026091523,2026-09-15 23:29:26
4060215700,20260915232500,0,44,0,3,2026091523,2026-09-15 23:29:26
4050281500,20260915232500,0,45,0,25,2026091523,2026-09-15 23:29:26
4050197800,20260915232500,0,32,0,8,2026091523,2026-09-15 23:29:26
4050066600,20260915232500,0,19,0,3,2026091523,2026-09-15 23:29:26
4060085400,20260915232500,0,35,0,9,2026091523,2026-09-15 23:29:26
4050550600,20260915232500,0,44,0,75,2026091523,2026-09-15 23:29:26
4050335700,20260915232500,0,37,0,23,2026091523,2026-09-15 23:29:26
4060223300,20260915232500,0,38,0,14,2026091523,2026-09-15 23:29:26
4060008402,20260915232500,0,49,0,3,2026091523,2026-09-15 23:29:26
4060139600,20260915232500,0,21,0,75,2026091523,2026-09-15 23:29:26
4050604800,20260915232500,0,19,0,22,2026091523,2026-09-15 23:29:26
4050074200,20260915232500,0,12,0,18,2026091523,2026-09-15 23:29:26
4060093000,20260915232500,0,19,0,9,2026091523,2026-09-15 23:29:26
4050343300,20260915232500,0,38,0,8,2026091523,2026-09-15 23:29:26
4050212102,20260915232500,0,7,0,51,2026091523,2026-09-15 23:29:26
4050212101,20260915232500,0,12,0,99,2026091523,2026-09-15 23:29:26
4050259600,20260915232500,0,44,0,16,2026091523,2026-09-15 23:29:26
4050128400,20260915232500,0,6,0,87,2026091523,2026-09-15 23:29:26
4060493300,20260915232500,0,31,0,6,2026091523,2026-09-15 23:29:26
4060362100,20260915232500,0,19,0,34,2026091523,2026-09-15 23:29:26
4050612400,20260915232500,0,31,0,38,2026091523,2026-09-15 23:29:26
4050261900,20260915232500,0,40,0,5,2026091523,2026-09-15 23:29:26
4060500000,20260915232500,0,56,0,187,2026091523,2026-09-15 23:29:26
4050130700,20260915232500,0,21,0,38,2026091523,2026-09-15 23:29:26
4050398400,20260915232500,0,63,0,26,2026091523,2026-09-15 23:29:26
4050267200,20260915232500,0,45,0,4,2026091523,2026-09-15 23:29:26
4060065802,20260915232500,0,22,0,33,2026091523,2026-09-15 23:29:26
4060065801,20260915232500,0,22,0,16,2026091523,2026-09-15 23:29:26
4050536300,20260915232500,0,33,0,125,2026091523,2026-09-15 23:29:26
4060334900,20260915232500,0,40,0,162,2026091523,2026-09-15 23:29:26
4060203700,20260915232500,0,51,0,2,2026091523,2026-09-15 23:29:26
4050185800,20260915232500,0,12,0,39,2026091523,2026-09-15 23:29:26
4060209000,20260915232500,0,35,0,18,2026091523,2026-09-15 23:29:26
4060073400,20260915232500,0,21,0,25,2026091523,2026-09-15 23:29:26
4050454900,20260915232500,0,11,0,32,2026091523,2026-09-15 23:29:26
4050323700,20260915232500,0,39,0,10,2026091523,2026-09-15 23:29:26
4050108800,20260915232500,0,18,0,50,2026091523,2026-09-15 23:29:26
4050329000,20260915232500,0,35,0,6,2026091523,2026-09-15 23:29:26
4060473700,20260915232500,0,35,0,131,2026091523,2026-09-15 23:29:26
4060342500,20260915232500,0,35,0,41,2026091523,2026-09-15 23:29:26
4060258800,20260915232500,0,32,0,124,2026091523,2026-09-15 23:29:26
4060211300,20260915232500,0,47,0,6,2026091523,2026-09-15 23:29:26
4060127600,20260915232500,0,7,0,102,2026091523,2026-09-15 23:29:26
4050193400,20260915232500,0,28,0,9,2026091523,2026-09-15 23:29:26
4050062200,20260915232500,0,10,0,36,2026091523,2026-09-15 23:29:26
4060081000,20260915232500,0,4,0,167,2026091523,2026-09-15 23:29:26
4060527900,20260915232500,0,49,0,60,2026091523,2026-09-15 23:29:26
4050593700,20260915232500,0,29,0,13,2026091523,2026-09-15 23:29:26
4050462500,20260915232500,0,44,0,66,2026091523,2026-09-15 23:29:26
4050378800,20260915232500,0,47,0,144,2026091523,2026-09-15 23:29:26
4050331300,20260915232500,0,41,0,8,2026091523,2026-09-15 23:29:26
4050200100,20260915232500,0,18,0,15,2026091523,2026-09-15 23:29:26
4060397600,20260915232500,0,41,0,194,2026091523,2026-09-15 23:29:26
4060350100,20260915232500,0,33,0,31,2026091523,2026-09-15 23:29:26
4060266400,20260915232500,0,45,0,19,2026091523,2026-09-15 23:29:26
4060135200,20260915232500,0,21,0,15,2026091523,2026-09-15 23:29:26
4050600400,20260915232500,0,38,0,105,2026091523,2026-09-15 23:29:26
4060404300,20260915232500,0,52,0,62,2026091523,2026-09-15 23:29:26
4050470100,20260915232500,0,39,0,82,2026091523,2026-09-15 23:29:26
4050386400,20260915232500,0,47,0,6,2026091523,2026-09-15 23:29:26
4050255200,20260915232500,0,48,0,3,2026091523,2026-09-15 23:29:26
4050124000,20260915232500,0,23,0,23,2026091523,2026-09-15 23:29:26
4060274000,20260915232500,0,27,0,44,2026091523,2026-09-15 23:29:26
4060059100,20260915232500,0,37,0,71,2026091523,2026-09-15 23:29:26
4050309400,20260915232500,0,21,0,19,2026091523,2026-09-15 23:29:26
4060322900,20260915232500,0,15,0,19,2026091523,2026-09-15 23:29:26
4050173800,20260915232500,0,29,0,6,2026091523,2026-09-15 23:29:26
4060192600,20260915232500,0,50,0,27,2026091523,2026-09-15 23:29:26
4060061400,20260915232500,0,10,0,27,2026091523,2026-09-15 23:29:26
4050442900,20260915232500,0,47,0,81,2026091523,2026-09-15 23:29:26
4050579400,20260915232500,0,48,0,98,2026091523,2026-09-15 23:29:26
4050317000,20260915232500,0,46,0,7,2026091523,2026-09-15 23:29:26
4060461700,20260915232500,0,47,0,72,2026091523,2026-09-15 23:29:26
4060246800,20260915232500,0,40,0,5,2026091523,2026-09-15 23:29:26
4060115600,20260915232500,0,36,0,11,2026091523,2026-09-15 23:29:26
4060467000,20260915232500,0,47,0,184,2026091523,2026-09-15 23:29:26
4050097700,20260915232500,0,9,0,44,2026091523,2026-09-15 23:29:26
4050050200,20260915232500,0,27,0,17,2026091523,2026-09-15 23:29:26
4050366800,20260915232500,0,31,0,40,2026091523,2026-09-15 23:29:26
4050235600,20260915232500,0,36,0,18,2026091523,2026-09-15 23:29:26
4050104400,20260915232500,0,14,0,30,2026091523,2026-09-15 23:29:26
4060385600,20260915232500,0,50,0,71,2026091523,2026-09-15 23:29:26
4060254400,20260915232500,0,15,0,90,2026091523,2026-09-15 23:29:26
4060123200,20260915232500,0,32,0,41,2026091523,2026-09-15 23:29:26
4060039500,20260915232500,0,29,0,5,2026091523,2026-09-15 23:29:26
4050504700,20260915232500,0,46,0,32,2026091523,2026-09-15 23:29:26
4060523500,20260915232500,0,38,0,13,2026091523,2026-09-15 23:29:26
4060308600,20260915232500,0,42,0,43,2026091523,2026-09-15 23:29:26
4050243200,20260915232500,0,44,0,36,2026091523,2026-09-15 23:29:26
4050112000,20260915232500,0,18,0,40,2026091523,2026-09-15 23:29:26
4060041800,20260915232500,0,18,0,24,2026091523,2026-09-15 23:29:26
4060262000,20260915232500,0,55,0,72,2026091523,2026-09-15 23:29:26
4060178300,20260915232500,0,2,0,460,2026091523,2026-09-15 23:29:26
4050559800,20260915232500,0,42,0,33,2026091523,2026-09-15 23:29:26
4050512300,20260915232500,0,40,0,10,2026091523,2026-09-15 23:29:26
4050428600,20260915232500,0,40,0,82,2026091523,2026-09-15 23:29:26
4060310900,20260915232500,0,28,0,73,2026091523,2026-09-15 23:29:26
4060531100,20260915232500,0,36,0,28,2026091523,2026-09-15 23:29:26
4060447400,20260915232500,0,27,0,31,2026091523,2026-09-15 23:29:26
4060316200,20260915232500,0,33,0,42,2026091523,2026-09-15 23:29:26
4050382000,20260915232500,0,33,0,42,2026091523,2026-09-15 23:29:26
4050298300,20260915232500,0,44,0,51,2026091523,2026-09-15 23:29:26
4060180602,20260915232500,0,25,0,11,2026091523,2026-09-15 23:29:26
4060180601,20260915232500,0,37,0,31,2026091523,2026-09-15 23:29:26
4060096900,20260915232500,0,34,0,4,2026091523,2026-09-15 23:29:26
4050430900,20260915232500,0,29,0,160,2026091523,2026-09-15 23:29:26
4050567400,20260915232500,0,24,0,14,2026091523,2026-09-15 23:29:26
4050305000,20260915232500,0,27,0,9,2026091523,2026-09-15 23:29:26
4060103604,20260915232500,0,45,0,34,2026091523,2026-09-15 23:29:26
4060103603,20260915232500,0,52,0,79,2026091523,2026-09-15 23:29:26
4060103602,20260915232500,0,20,0,131,2026091523,2026-09-15 23:29:26
4060455000,20260915232500,0,46,0,147,2026091523,2026-09-15 23:29:26
4060503900,20260915232500,0,51,0,75,2026091523,2026-09-15 23:29:26
4050354800,20260915232500,0,43,0,21,2026091523,2026-09-15 23:29:26
4060509200,20260915232500,0,54,0,241,2026091523,2026-09-15 23:29:26
4050575000,20260915232500,0,28,0,51,2026091523,2026-09-15 23:29:26
4050139900,20260915232500,0,33,0,75,2026091523,2026-09-15 23:29:26
4060242400,20260915232500,0,14,0,83,2026091523,2026-09-15 23:29:26
4060111200,20260915232500,0,34,0,23,2026091523,2026-09-15 23:29:26
4050093300,20260915232500,0,15,0,24,2026091523,2026-09-15 23:29:26
4050493600,20260915232500,0,38,0,144,2026091523,2026-09-15 23:29:26
4050362400,20260915232500,0,30,0,14,2026091523,2026-09-15 23:29:26
4050278700,20260915232500,0,64,0,10,2026091523,2026-09-15 23:29:26
4050231200,20260915232500,0,11,0,77,2026091523,2026-09-15 23:29:26
4050100000,20260915232500,0,21,0,19,2026091523,2026-09-15 23:29:26
4060297500,20260915232500,0,41,0,59,2026091523,2026-09-15 23:29:26
4060250000,20260915232500,0,39,0,77,2026091523,2026-09-15 23:29:26
4060035100,20260915232500,0,27,0,18,2026091523,2026-09-15 23:29:26
4050500300,20260915232500,0,40,0,49,2026091523,2026-09-15 23:29:26
4050416600,20260915232500,0,44,0,66,2026091523,2026-09-15 23:29:26
4060435400,20260915232500,0,54,0,78,2026091523,2026-09-15 23:29:26
4060304200,20260915232500,0,37,0,95,2026091523,2026-09-15 23:29:26
4050370000,20260915232500,0,57,0,20,2026091523,2026-09-15 23:29:26
4050286300,20260915232500,0,43,0,12,2026091523,2026-09-15 23:29:26
4060084900,20260915232500,0,31,0,5,2026091523,2026-09-15 23:29:26
4050424200,20260915232500,0,44,0,91,2026091523,2026-09-15 23:29:26
4050209300,20260915232500,0,31,0,38,2026091523,2026-09-15 23:29:26
4060222800,20260915232500,0,38,0,39,2026091523,2026-09-15 23:29:26
4060443000,20260915232500,0,26,0,187,2026091523,2026-09-15 23:29:26
4060359300,20260915232500,0,7,0,86,2026091523,2026-09-15 23:29:26
4050073700,20260915232500,0,18,0,59,2026091523,2026-09-15 23:29:26
4060228100,20260915232500,0,33,0,8,2026091523,2026-09-15 23:29:26
4050609600,20260915232500,0,36,0,53,2026091523,2026-09-15 23:29:26
4050079000,20260915232500,0,20,0,9,2026091523,2026-09-15 23:29:26
4060092500,20260915232500,0,28,0,6,2026091523,2026-09-15 23:29:26
4050342800,20260915232500,0,14,0,32,2026091523,2026-09-15 23:29:26
4050211600,20260915232500,0,27,0,22,2026091523,2026-09-15 23:29:26
4050563000,20260915232500,0,44,0,140,2026091523,2026-09-15 23:29:26
4050127900,20260915232500,0,25,0,55,2026091523,2026-09-15 23:29:26
4050397400,20260915232500,0,32,0,57,2026091523,2026-09-15 23:29:26
4050266200,20260915232500,0,21,0,16,2026091523,2026-09-15 23:29:26
4050135000,20260915232500,0,27,0,289,2026091523,2026-09-15 23:29:26
4050404100,20260915232500,0,38,0,57,2026091523,2026-09-15 23:29:26
4060333900,20260915232500,0,48,0,75,2026091523,2026-09-15 23:29:26
4060202700,20260915232500,0,20,0,28,2026091523,2026-09-15 23:29:26
4050184802,20260915232500,0,16,0,68,2026091523,2026-09-15 23:29:26
4050184801,20260915232500,0,26,0,40,2026091523,2026-09-15 23:29:26
4060339200,20260915232500,0,56,0,15,2026091523,2026-09-15 23:29:26
4060208000,20260915232500,0,34,0,5,2026091523,2026-09-15 23:29:26
4050322700,20260915232500,0,51,0,2,2026091523,2026-09-15 23:29:26
4050107800,20260915232500,0,7,0,32,2026091523,2026-09-15 23:29:26
4050459200,20260915232500,0,20,0,61,2026091523,2026-09-15 23:29:26
4050328000,20260915232500,0,44,0,12,2026091523,2026-09-15 23:29:26
4060257800,20260915232500,0,49,0,11,2026091523,2026-09-15 23:29:26
4060210300,20260915232500,0,44,0,24,2026091523,2026-09-15 23:29:26
4060126600,20260915232500,0,19,0,177,2026091523,2026-09-15 23:29:26
4060478000,20260915232500,0,33,0,368,2026091523,2026-09-15 23:29:26
4060080000,20260915232500,0,15,0,32,2026091523,2026-09-15 23:29:26
4060526900,20260915232500,0,27,0,63,2026091523,2026-09-15 23:29:26
4050592700,20260915232500,0,22,0,53,2026091523,2026-09-15 23:29:26
4050461500,20260915232500,0,35,0,25,2026091523,2026-09-15 23:29:26
4050330300,20260915232500,0,43,0,18,2026091523,2026-09-15 23:29:26
4050246600,20260915232500,0,14,0,50,2026091523,2026-09-15 23:29:26
4050598000,20260915232500,0,23,0,39,2026091523,2026-09-15 23:29:26
4050115400,20260915232500,0,6,0,66,2026091523,2026-09-15 23:29:26
4060480300,20260915232500,0,35,0,19,2026091523,2026-09-15 23:29:26
4060396600,20260915232500,0,42,0,12,2026091523,2026-09-15 23:29:26
4060265400,20260915232500,0,45,0,7,2026091523,2026-09-15 23:29:26
4060134200,20260915232500,0,15,0,37,2026091523,2026-09-15 23:29:26
4060534501,20260915232500,0,25,0,15,2026091523,2026-09-15 23:29:26
4060403300,20260915232500,0,50,0,126,2026091523,2026-09-15 23:29:26
4060319600,20260915232500,0,12,0,47,2026091523,2026-09-15 23:29:26
4050385400,20260915232500,0,46,0,32,2026091523,2026-09-15 23:29:26
4050254200,20260915232500,0,35,0,215,2026091523,2026-09-15 23:29:26
4050123000,20260915232500,0,17,0,24,2026091523,2026-09-15 23:29:26
4050039300,20260915232500,0,41,0,4,2026091523,2026-09-15 23:29:26
4060052800,20260915232500,0,11,0,47,2026091523,2026-09-15 23:29:26
4060273000,20260915232500,0,34,0,16,2026091523,2026-09-15 23:29:26
4060189300,20260915232500,0,36,0,18,2026091523,2026-09-15 23:29:26
4050523300,20260915232500,0,13,0,73,2026091523,2026-09-15 23:29:26
4050439600,20260915232500,0,12,0,21,2026091523,2026-09-15 23:29:26
4050308400,20260915232500,0,20,0,27,2026091523,2026-09-15 23:29:26
4060321900,20260915232500,0,9,0,69,2026091523,2026-09-15 23:29:26
4060327200,20260915232500,0,27,0,18,2026091523,2026-09-15 23:29:26
4050393000,20260915232500,0,60,0,165,2026091523,2026-09-15 23:29:26
4060191600,20260915232500,0,47,0,195,2026091523,2026-09-15 23:29:26
4060060400,20260915232500,0,14,0,10,2026091523,2026-09-15 23:29:26
4050310700,20260915232500,0,32,0,11,2026091523,2026-09-15 23:29:26
4050578400,20260915232500,0,8,0,79,2026091523,2026-09-15 23:29:26
4050447200,20260915232500,0,7,0,9,2026091523,2026-09-15 23:29:26
4050316000,20260915232500,0,36,0,11,2026091523,2026-09-15 23:29:26
4060460700,20260915232500,0,38,0,13,2026091523,2026-09-15 23:29:26
4060245800,20260915232500,0,56,0,21,2026091523,2026-09-15 23:29:26
4060114600,20260915232500,0,16,0,73,2026091523,2026-09-15 23:29:26
4050580700,20260915232500,0,14,0,61,2026091523,2026-09-15 23:29:26
4050365800,20260915232500,0,43,0,73,2026091523,2026-09-15 23:29:26
4050234600,20260915232500,0,13,0,21,2026091523,2026-09-15 23:29:26
4050103400,20260915232500,0,17,0,24,2026091523,2026-09-15 23:29:26
4060169707,20260915232500,0,30,0,92,2026091523,2026-09-15 23:29:26
4060169706,20260915232500,0,27,0,20,2026091523,2026-09-15 23:29:26
4060169705,20260915232500,0,33,0,6,2026091523,2026-09-15 23:29:26
4060253400,20260915232500,0,35,0,14,2026091523,2026-09-15 23:29:26
4060122200,20260915232500,0,31,0,15,2026091523,2026-09-15 23:29:26
4060038500,20260915232500,0,41,0,9,2026091523,2026-09-15 23:29:26
4050503700,20260915232500,0,13,0,20,2026091523,2026-09-15 23:29:26
4060522500,20260915232500,0,34,0,16,2026091523,2026-09-15 23:29:26
4060307600,20260915232500,0,42,0,172,2026091523,2026-09-15 23:29:26
4050289700,20260915232500,0,33,0,146,2026091523,2026-09-15 23:29:26
4050242200,20260915232500,0,29,0,9,2026091523,2026-09-15 23:29:26
4050111000,20260915232500,0,27,0,15,2026091523,2026-09-15 23:29:26
4060261000,20260915232500,0,36,0,71,2026091523,2026-09-15 23:29:26
4060177300,20260915232500,0,26,0,38,2026091523,2026-09-15 23:29:26
4060046100,20260915232500,0,49,0,6,2026091523,2026-09-15 23:29:26
4050558800,20260915232500,0,49,0,188,2026091523,2026-09-15 23:29:26
4050511300,20260915232500,0,33,0,112,2026091523,2026-09-15 23:29:26
4050427600,20260915232500,0,34,0,39,2026091523,2026-09-15 23:29:26
4060530100,20260915232500,0,32,0,6,2026091523,2026-09-15 23:29:26
4060315200,20260915232500,0,18,0,26,2026091523,2026-09-15 23:29:26
4050381000,20260915232500,0,42,0,64,2026091523,2026-09-15 23:29:26
4050297300,20260915232500,0,41,0,42,2026091523,2026-09-15 23:29:26
4060095901,20260915232500,0,29,0,94,2026091523,2026-09-15 23:29:26
4050435200,20260915232500,0,33,0,62,2026091523,2026-09-15 23:29:26
4050304000,20260915232500,0,25,0,16,2026091523,2026-09-15 23:29:26
4060233800,20260915232500,0,33,0,18,2026091523,2026-09-15 23:29:26
4060102600,20260915232500,0,40,0,33,2026091523,2026-09-15 23:29:26
4060018900,20260915232500,0,19,0,6,2026091523,2026-09-15 23:29:26
4060239100,20260915232500,0,31,0,23,2026091523,2026-09-15 23:29:26
4060502900,20260915232500,0,35,0,36,2026091523,2026-09-15 23:29:26
4050353800,20260915232500,0,51,0,214,2026091523,2026-09-15 23:29:26
4050222600,20260915232500,0,20,0,71,2026091523,2026-09-15 23:29:26
4050138900,20260915232500,0,13,0,20,2026091523,2026-09-15 23:29:26
4050574000,20260915232500,0,8,0,75,2026091523,2026-09-15 23:29:26
4050359100,20260915232500,0,43,0,82,2026091523,2026-09-15 23:29:26
4060241400,20260915232500,0,37,0,10,2026091523,2026-09-15 23:29:26
4060110200,20260915232500,0,4,0,40,2026091523,2026-09-15 23:29:26
4060026500,20260915232500,0,26,0,17,2026091523,2026-09-15 23:29:26
4050092300,20260915232500,0,26,0,44,2026091523,2026-09-15 23:29:26
4060510500,20260915232500,0,27,0,66,2026091523,2026-09-15 23:29:26
4050492600,20260915232500,0,28,0,88,2026091523,2026-09-15 23:29:26
4050361400,20260915232500,0,36,0,9,2026091523,2026-09-15 23:29:26
4050277700,20260915232500,0,26,0,49,2026091523,2026-09-15 23:29:26
4050230200,20260915232500,0,25,0,33,2026091523,2026-09-15 23:29:26
4060380200,20260915232500,0,37,0,32,2026091523,2026-09-15 23:29:26
4060296500,20260915232500,0,40,0,56,2026091523,2026-09-15 23:29:26
4060034100,20260915232500,0,30,0,9,2026091523,2026-09-15 23:29:26
4060193000,20260915232500,0,43,0,4,2026091523,2026-09-15 23:29:26
4050574500,20260915232500,0,47,0,81,2026091523,2026-09-15 23:29:26
4050359600,20260915232500,0,27,0,24,2026091523,2026-09-15 23:29:26
4050312100,20260915232500,0,36,0,11,2026091523,2026-09-15 23:29:26
4060241900,20260915232500,0,45,0,3,2026091523,2026-09-15 23:29:26
4060110700,20260915232500,0,31,0,26,2026091523,2026-09-15 23:29:26
4060378400,20260915232500,0,54,0,35,2026091523,2026-09-15 23:29:26
4050092800,20260915232500,0,8,0,27,2026091523,2026-09-15 23:29:26
4060247200,20260915232500,0,21,0,63,2026091523,2026-09-15 23:29:26
4060116000,20260915232500,0,36,0,11,2026091523,2026-09-15 23:29:26
4050098100,20260915232500,0,12,0,48,2026091523,2026-09-15 23:29:26
4050361900,20260915232500,0,13,0,18,2026091523,2026-09-15 23:29:26
4050230700,20260915232500,0,30,0,19,2026091523,2026-09-15 23:29:26
4050582100,20260915232500,0,27,0,16,2026091523,2026-09-15 23:29:26
4050498400,20260915232500,0,21,0,61,2026091523,2026-09-15 23:29:26
4050236000,20260915232500,0,37,0,6,2026091523,2026-09-15 23:29:26
4060380700,20260915232500,0,40,0,74,2026091523,2026-09-15 23:29:26
4060386000,20260915232500,0,26,0,21,2026091523,2026-09-15 23:29:26
4050505100,20260915232500,0,6,0,51,2026091523,2026-09-15 23:29:26
4060434900,20260915232500,0,45,0,67,2026091523,2026-09-15 23:29:26
4060303700,20260915232500,0,19,0,56,2026091523,2026-09-15 23:29:26
4050285800,20260915232500,0,43,0,51,2026091523,2026-09-15 23:29:26
4050154600,20260915232500,0,16,0,35,2026091523,2026-09-15 23:29:26
4060309000,20260915232500,0,37,0,53,2026091523,2026-09-15 23:29:26
4060089700,20260915232500,0,39,0,73,2026091523,2026-09-15 23:29:26
4050554900,20260915232500,0,42,0,191,2026091523,2026-09-15 23:29:26
4050423700,20260915232500,0,38,0,13,2026091523,2026-09-15 23:29:26
4050208800,20260915232500,0,11,0,96,2026091523,2026-09-15 23:29:26
4060442500,20260915232500,0,53,0,2,2026091523,2026-09-15 23:29:26
4060358800,20260915232500,0,20,0,92,2026091523,2026-09-15 23:29:26
4060227600,20260915232500,0,33,0,18,2026091523,2026-09-15 23:29:26
4050293400,20260915232500,0,22,0,60,2026091523,2026-09-15 23:29:26
4050162200,20260915232500,0,15,0,8,2026091523,2026-09-15 23:29:26
4050078500,20260915232500,0,13,0,14,2026091523,2026-09-15 23:29:26
4060181000,20260915232500,0,33,0,31,2026091523,2026-09-15 23:29:26
4060097300,20260915232500,0,31,0,18,2026091523,2026-09-15 23:29:26
4050347600,20260915232500,0,39,0,32,2026091523,2026-09-15 23:29:26
4050300100,20260915232500,0,47,0,3,2026091523,2026-09-15 23:29:26
4060450100,20260915232500,0,37,0,6,2026091523,2026-09-15 23:29:26
4060366400,20260915232500,0,26,0,8,2026091523,2026-09-15 23:29:26
4050080800,20260915232500,0,19,0,25,2026091523,2026-09-15 23:29:26
4060235200,20260915232500,0,45,0,52,2026091523,2026-09-15 23:29:26
4060104000,20260915232500,0,43,0,10,2026091523,2026-09-15 23:29:26
4050086100,20260915232500,0,20,0,10,2026091523,2026-09-15 23:29:26
4050003801,20260915232500,0,57,0,10,2026091523,2026-09-15 23:29:26
4050355200,20260915232500,0,40,0,16,2026091523,2026-09-15 23:29:26
4060374000,20260915232500,0,12,0,44,2026091523,2026-09-15 23:29:26
4050273800,20260915232500,0,41,0,82,2026091523,2026-09-15 23:29:26
4060428200,20260915232500,0,45,0,151,2026091523,2026-09-15 23:29:26
4050142600,20260915232500,0,16,0,17,2026091523,2026-09-15 23:29:26
4050494000,20260915232500,0,14,0,51,2026091523,2026-09-15 23:29:26
4050058900,20260915232500,0,15,0,17,2026091523,2026-09-15 23:29:26
4050279100,20260915232500,0,42,0,13,2026091523,2026-09-15 23:29:26
4060077700,20260915232500,0,29,0,15,2026091523,2026-09-15 23:29:26
4060030200,20260915232500,0,9,0,40,2026091523,2026-09-15 23:29:26
4050542900,20260915232500,0,11,0,167,2026091523,2026-09-15 23:29:26
4050411700,20260915232500,0,62,0,21,2026091523,2026-09-15 23:29:26
4050417000,20260915232500,0,25,0,8,2026091523,2026-09-15 23:29:26
4060215600,20260915232500,0,48,0,2,2026091523,2026-09-15 23:29:26
4050281400,20260915232500,0,37,0,31,2026091523,2026-09-15 23:29:26
4050197700,20260915232500,0,1,0,262,2026091523,2026-09-15 23:29:26
4050066500,20260915232500,0,18,0,3,2026091523,2026-09-15 23:29:26
4060085300,20260915232500,0,18,0,12,2026091523,2026-09-15 23:29:26
4050335600,20260915232500,0,35,0,24,2026091523,2026-09-15 23:29:26
4050204400,20260915232500,0,35,0,13,2026091523,2026-09-15 23:29:26
4060485600,20260915232500,0,39,0,55,2026091523,2026-09-15 23:29:26
4060223200,20260915232500,0,53,0,10,2026091523,2026-09-15 23:29:26
4060008302,20260915232500,0,49,0,2,2026091523,2026-09-15 23:29:26
4060139500,20260915232500,0,18,0,88,2026091523,2026-09-15 23:29:26
4050604700,20260915232500,0,18,0,10,2026091523,2026-09-15 23:29:26
4050074100,20260915232500,0,10,0,23,2026091523,2026-09-15 23:29:26
4050343200,20260915232500,0,41,0,8,2026091523,2026-09-15 23:29:26
4050259500,20260915232500,0,48,0,3,2026091523,2026-09-15 23:29:26
4050212000,20260915232500,0,33,0,13,2026091523,2026-09-15 23:29:26
4050128300,20260915232500,0,16,0,32,2026091523,2026-09-15 23:29:26
4060493200,20260915232500,0,39,0,9,2026091523,2026-09-15 23:29:26
4060362000,20260915232500,0,45,0,9,2026091523,2026-09-15 23:29:26
4050612300,20260915232500,0,30,0,22,2026091523,2026-09-15 23:29:26
4060410900,20260915232500,0,37,0,64,2026091523,2026-09-15 23:29:26
4050261800,20260915232500,0,43,0,4,2026091523,2026-09-15 23:29:26
4050046900,20260915232500,0,44,0,53,2026091523,2026-09-15 23:29:26
4050267100,20260915232500,0,50,0,3,2026091523,2026-09-15 23:29:26
4060065702,20260915232500,0,32,0,11,2026091523,2026-09-15 23:29:26
4060196900,20260915232500,0,34,0,27,2026091523,2026-09-15 23:29:26
4060065701,20260915232500,0,35,0,22,2026091523,2026-09-15 23:29:26
4050536200,20260915232500,0,29,0,143,2026091523,2026-09-15 23:29:26
4060203600,20260915232500,0,32,0,4,2026091523,2026-09-15 23:29:26
4060119900,20260915232500,0,33,0,12,2026091523,2026-09-15 23:29:26
4050185700,20260915232500,0,20,0,23,2026091523,2026-09-15 23:29:26
4060073300,20260915232500,0,11,0,32,2026091523,2026-09-15 23:29:26
4050454800,20260915232500,0,4,0,87,2026091523,2026-09-15 23:29:26
4050323600,20260915232500,0,42,0,9,2026091523,2026-09-15 23:29:26
4050239900,20260915232500,0,50,0,12,2026091523,2026-09-15 23:29:26
4050108700,20260915232500,0,19,0,47,2026091523,2026-09-15 23:29:26
4060473600,20260915232500,0,40,0,18,2026091523,2026-09-15 23:29:26
4060389900,20260915232500,0,52,0,173,2026091523,2026-09-15 23:29:26
4060342400,20260915232500,0,52,0,25,2026091523,2026-09-15 23:29:26
4060258700,20260915232500,0,49,0,9,2026091523,2026-09-15 23:29:26
4060211200,20260915232500,0,49,0,5,2026091523,2026-09-15 23:29:26
4060127500,20260915232500,0,13,0,55,2026091523,2026-09-15 23:29:26
4050193300,20260915232500,0,24,0,11,2026091523,2026-09-15 23:29:26
4050062100,20260915232500,0,8,0,45,2026091523,2026-09-15 23:29:26
4060527800,20260915232500,0,44,0,196,2026091523,2026-09-15 23:29:26
4050593600,20260915232500,0,35,0,236,2026091523,2026-09-15 23:29:26
4050462400,20260915232500,0,24,0,121,2026091523,2026-09-15 23:29:26
4050331200,20260915232500,0,40,0,9,2026091523,2026-09-15 23:29:26
4050247500,20260915232500,0,13,0,69,2026091523,2026-09-15 23:29:26
4050200000,20260915232500,0,8,0,63,2026091523,2026-09-15 23:29:26
4060481200,20260915232500,0,34,0,117,2026091523,2026-09-15 23:29:26
4060350000,20260915232500,0,36,0,29,2026091523,2026-09-15 23:29:26
4060266300,20260915232500,0,43,0,14,2026091523,2026-09-15 23:29:26
4060135100,20260915232500,0,32,0,10,2026091523,2026-09-15 23:29:26
4050600300,20260915232500,0,50,0,6,2026091523,2026-09-15 23:29:26
4060535401,20260915232500,0,39,0,2,2026091523,2026-09-15 23:29:26
4060404200,20260915232500,0,52,0,61,2026091523,2026-09-15 23:29:26
4050470000,20260915232500,0,40,0,80,2026091523,2026-09-15 23:29:26
4050034900,20260915232500,0,38,0,50,2026091523,2026-09-15 23:29:26
4050255100,20260915232500,0,40,0,51,2026091523,2026-09-15 23:29:26
4060184900,20260915232500,0,31,0,61,2026091523,2026-09-15 23:29:26
4060059000,20260915232500,0,42,0,92,2026091523,2026-09-15 23:29:26
4050309300,20260915232500,0,18,0,30,2026091523,2026-09-15 23:29:26
4060322800,20260915232500,0,20,0,18,2026091523,2026-09-15 23:29:26
4060107900,20260915232500,0,11,0,40,2026091523,2026-09-15 23:29:26
4050173700,20260915232500,0,32,0,7,2026091523,2026-09-15 23:29:26
4060192500,20260915232500,0,56,0,10,2026091523,2026-09-15 23:29:26
4060061300,20260915232500,0,26,0,10,2026091523,2026-09-15 23:29:26
4050442800,20260915232500,0,48,0,79,2026091523,2026-09-15 23:29:26
4050579300,20260915232500,0,32,0,42,2026091523,2026-09-15 23:29:26
4050448100,20260915232500,0,10,0,18,2026091523,2026-09-15 23:29:26
4060377900,20260915232500,0,31,0,9,2026091523,2026-09-15 23:29:26
4060330400,20260915232500,0,56,0,102,2026091523,2026-09-15 23:29:26
4060246700,20260915232500,0,38,0,21,2026091523,2026-09-15 23:29:26
4060115500,20260915232500,0,36,0,11,2026091523,2026-09-15 23:29:26
4050097600,20260915232500,0,8,0,51,2026091523,2026-09-15 23:29:26
4050050100,20260915232500,0,20,0,23,2026091523,2026-09-15 23:29:26
4060515800,20260915232500,0,38,0,16,2026091523,2026-09-15 23:29:26
4050497900,20260915232500,0,36,0,117,2026091523,2026-09-15 23:29:26
4050366700,20260915232500,0,42,0,109,2026091523,2026-09-15 23:29:26
4050235500,20260915232500,0,38,0,10,2026091523,2026-09-15 23:29:26
4050104300,20260915232500,0,14,0,30,2026091523,2026-09-15 23:29:26
4060385500,20260915232500,0,46,0,11,2026091523,2026-09-15 23:29:26
4060254300,20260915232500,0,32,0,101,2026091523,2026-09-15 23:29:26
4060123100,20260915232500,0,31,0,45,2026091523,2026-09-15 23:29:26
4060039400,20260915232500,0,36,0,10,2026091523,2026-09-15 23:29:26
4050504600,20260915232500,0,30,0,52,2026091523,2026-09-15 23:29:26
4060308500,20260915232500,0,14,0,130,2026091523,2026-09-15 23:29:26
4050374300,20260915232500,0,46,0,153,2026091523,2026-09-15 23:29:26
4050243100,20260915232500,0,44,0,54,2026091523,2026-09-15 23:29:26
4050159400,20260915232500,0,25,0,39,2026091523,2026-09-15 23:29:26
4060041700,20260915232500,0,33,0,42,2026091523,2026-09-15 23:29:26
4060393100,20260915232500,0,23,0,75,2026091523,2026-09-15 23:29:26
4060178200,20260915232500,0,23,0,40,2026091523,2026-09-15 23:29:26
4060047000,20260915232500,0,41,0,8,2026091523,2026-09-15 23:29:26
4050512200,20260915232500,0,37,0,11,2026091523,2026-09-15 23:29:26
4060310800,20260915232500,0,17,0,31,2026091523,2026-09-15 23:29:26
4050292900,20260915232500,0,31,0,37,2026091523,2026-09-15 23:29:26
4060447300,20260915232500,0,9,0,94,2026091523,2026-09-15 23:29:26
4060316100,20260915232500,0,28,0,49,2026091523,2026-09-15 23:29:26
4060096806,20260915232500,0,8,0,49,2026091523,2026-09-15 23:29:26
4050298200,20260915232500,0,32,0,68,2026091523,2026-09-15 23:29:26
4060096805,20260915232500,0,29,0,15,2026091523,2026-09-15 23:29:26
4060096803,20260915232500,0,25,0,30,2026091523,2026-09-15 23:29:26
4060096801,20260915232500,0,11,0,42,2026091523,2026-09-15 23:29:26
4060180500,20260915232500,0,37,0,30,2026091523,2026-09-15 23:29:26
4050430800,20260915232500,0,37,0,125,2026091523,2026-09-15 23:29:26
4050567300,20260915232500,0,38,0,127,2026091523,2026-09-15 23:29:26
4060365900,20260915232500,0,23,0,24,2026091523,2026-09-15 23:29:26
4060234700,20260915232500,0,44,0,8,2026091523,2026-09-15 23:29:26
4060103500,20260915232500,0,42,0,47,2026091523,2026-09-15 23:29:26
4050085600,20260915232500,0,15,0,58,2026091523,2026-09-15 23:29:26
4060503800,20260915232500,0,43,0,78,2026091523,2026-09-15 23:29:26
4050485900,20260915232500,0,42,0,26,2026091523,2026-09-15 23:29:26
4050354700,20260915232500,0,33,0,27,2026091523,2026-09-15 23:29:26
4060509100,20260915232500,0,62,0,211,2026091523,2026-09-15 23:29:26
4050139800,20260915232500,0,46,0,43,2026091523,2026-09-15 23:29:26
4060373500,20260915232500,0,54,0,14,2026091523,2026-09-15 23:29:26
4060242300,20260915232500,0,9,0,26,2026091523,2026-09-15 23:29:26
4060111100,20260915232500,0,32,0,26,2026091523,2026-09-15 23:29:26
4060027400,20260915232500,0,9,0,24,2026091523,2026-09-15 23:29:26
4050093200,20260915232500,0,17,0,12,2026091523,2026-09-15 23:29:26
4060511400,20260915232500,0,39,0,68,2026091523,2026-09-15 23:29:26
4060427700,20260915232500,0,57,0,50,2026091523,2026-09-15 23:29:26
4050362300,20260915232500,0,39,0,5,2026091523,2026-09-15 23:29:26
4050278600,20260915232500,0,64,0,10,2026091523,2026-09-15 23:29:26
4050231100,20260915232500,0,21,0,40,2026091523,2026-09-15 23:29:26
4050147400,20260915232500,0,20,0,26,2026091523,2026-09-15 23:29:26
4060297400,20260915232500,0,28,0,87,2026091523,2026-09-15 23:29:26
4050500200,20260915232500,0,47,0,42,2026091523,2026-09-15 23:29:26
4050280900,20260915232500,0,33,0,43,2026091523,2026-09-15 23:29:26
4060435300,20260915232500,0,59,0,71,2026091523,2026-09-15 23:29:26
4060304100,20260915232500,0,38,0,92,2026091523,2026-09-15 23:29:26
4050286200,20260915232500,0,42,0,13,2026091523,2026-09-15 23:29:26
4060084800,20260915232500,0,4,0,41,2026091523,2026-09-15 23:29:26
4050555300,20260915232500,0,34,0,86,2026091523,2026-09-15 23:29:26
4060222700,20260915232500,0,42,0,27,2026091523,2026-09-15 23:29:26
4060359200,20260915232500,0,24,0,12,2026091523,2026-09-15 23:29:26
4050073600,20260915232500,0,16,0,13,2026091523,2026-09-15 23:29:26
4060228000,20260915232500,0,29,0,9,2026091523,2026-09-15 23:29:26
4050609500,20260915232500,0,29,0,10,2026091523,2026-09-15 23:29:26
4060092400,20260915232500,0,30,0,10,2026091523,2026-09-15 23:29:26
4050342700,20260915232500,0,47,0,10,2026091523,2026-09-15 23:29:26
4050211500,20260915232500,0,32,0,19,2026091523,2026-09-15 23:29:26
4050479200,20260915232500,0,46,0,42,2026091523,2026-09-15 23:29:26
4050348000,20260915232500,0,45,0,10,2026091523,2026-09-15 23:29:26
4060492700,20260915232500,0,38,0,4,2026091523,2026-09-15 23:29:26
4060361500,20260915232500,0,25,0,14,2026091523,2026-09-15 23:29:26
4060230300,20260915232500,0,45,0,28,2026091523,2026-09-15 23:29:26
4050611800,20260915232500,0,45,0,22,2026091523,2026-09-15 23:29:26
4060415700,20260915232500,0,46,0,71,2026091523,2026-09-15 23:29:26
4050397800,20260915232500,0,23,0,19,2026091523,2026-09-15 23:29:26
4050350300,20260915232500,0,24,0,46,2026091523,2026-09-15 23:29:26
4050266600,20260915232500,0,53,0,6,2026091523,2026-09-15 23:29:26
4050004200,20260915232500,0,51,0,34,2026091523,2026-09-15 23:29:26
4050404500,20260915232500,0,54,0,20,2026091523,2026-09-15 23:29:26
4060423300,20260915232500,0,47,0,67,2026091523,2026-09-15 23:29:26
4060339600,20260915232500,0,37,0,58,2026091523,2026-09-15 23:29:26
4060208400,20260915232500,0,42,0,3,2026091523,2026-09-15 23:29:26
4050274200,20260915232500,0,42,0,48,2026091523,2026-09-15 23:29:26
4050143000,20260915232500,0,18,0,12,2026091523,2026-09-15 23:29:26
4060072800,20260915232500,0,5,0,51,2026091523,2026-09-15 23:29:26
4060078100,20260915232500,0,8,0,139,2026091523,2026-09-15 23:29:26
4050459600,20260915232500,0,39,0,44,2026091523,2026-09-15 23:29:26
4050412100,20260915232500,0,45,0,39,2026091523,2026-09-15 23:29:26
4050328400,20260915232500,0,42,0,2,2026091523,2026-09-15 23:29:26
4060341900,20260915232500,0,35,0,8,2026091523,2026-09-15 23:29:26
4060210700,20260915232500,0,50,0,158,2026091523,2026-09-15 23:29:26
4060347200,20260915232500,0,31,0,48,2026091523,2026-09-15 23:29:26
4060216000,20260915232500,0,38,0,9,2026091523,2026-09-15 23:29:26
4050198100,20260915232500,0,34,0,13,2026091523,2026-09-15 23:29:26
4060080400,20260915232500,0,15,0,23,2026091523,2026-09-15 23:29:26
4050330700,20260915232500,0,18,0,12,2026091523,2026-09-15 23:29:26
4050598400,20260915232500,0,37,0,21,2026091523,2026-09-15 23:29:26
4050467200,20260915232500,0,41,0,137,2026091523,2026-09-15 23:29:26
4050336000,20260915232500,0,29,0,33,2026091523,2026-09-15 23:29:26
4060265800,20260915232500,0,53,0,124,2026091523,2026-09-15 23:29:26
4060134600,20260915232500,0,26,0,18,2026091523,2026-09-15 23:29:26
4060486000,20260915232500,0,44,0,84,2026091523,2026-09-15 23:29:26
4050605100,20260915232500,0,3,0,219,2026091523,2026-09-15 23:29:26
4060534901,20260915232500,0,14,0,42,2026091523,2026-09-15 23:29:26
4060403700,20260915232500,0,46,0,85,2026091523,2026-09-15 23:29:26
4050385800,20260915232500,0,53,0,251,2026091523,2026-09-15 23:29:26
4050254600,20260915232500,0,53,0,21,2026091523,2026-09-15 23:29:26
4050123400,20260915232500,0,8,0,63,2026091523,2026-09-15 23:29:26
4050039700,20260915232500,0,52,0,54,2026091523,2026-09-15 23:29:26
4060142204,20260915232500,0,15,0,48,2026091523,2026-09-15 23:29:26
4060142203,20260915232500,0,33,0,11,2026091523,2026-09-15 23:29:26
4060273400,20260915232500,0,38,0,12,2026091523,2026-09-15 23:29:26
4060142201,20260915232500,0,25,0,16,2026091523,2026-09-15 23:29:26
4060189700,20260915232500,0,21,0,76,2026091523,2026-09-15 23:29:26
4050523700,20260915232500,0,49,0,26,2026091523,2026-09-15 23:29:26
4050308800,20260915232500,0,22,0,39,2026091523,2026-09-15 23:29:26
4060411300,20260915232500,0,28,0,276,2026091523,2026-09-15 23:29:26
4060327600,20260915232500,0,45,0,105,2026091523,2026-09-15 23:29:26
4050393400,20260915232500,0,8,0,148,2026091523,2026-09-15 23:29:26
4050262200,20260915232500,0,44,0,6,2026091523,2026-09-15 23:29:26
4050047302,20260915232500,0,33,0,157,2026091523,2026-09-15 23:29:26
4050131000,20260915232500,0,13,0,33,2026091523,2026-09-15 23:29:26
4060197300,20260915232500,0,14,0,58,2026091523,2026-09-15 23:29:26
4060066100,20260915232500,0,33,0,40,2026091523,2026-09-15 23:29:26
4050531300,20260915232500,0,69,0,9,2026091523,2026-09-15 23:29:26
4050447600,20260915232500,0,9,0,133,2026091523,2026-09-15 23:29:26
4050400100,20260915232500,0,53,0,1,2026091523,2026-09-15 23:29:26
4050316400,20260915232500,0,13,0,66,2026091523,2026-09-15 23:29:26
4050180802,20260915232500,0,25,0,23,2026091523,2026-09-15 23:29:26
4050180801,20260915232500,0,11,0,63,2026091523,2026-09-15 23:29:26
4060335200,20260915232500,0,54,0,71,2026091523,2026-09-15 23:29:26
4060204000,20260915232500,0,53,0,4,2026091523,2026-09-15 23:29:26
4050186100,20260915232500,0,31,0,22,2026091523,2026-09-15 23:29:26
4050455200,20260915232500,0,17,0,109,2026091523,2026-09-15 23:29:26
4060122606,20260915232500,0,32,0,18,2026091523,2026-09-15 23:29:26
4050324000,20260915232500,0,30,0,31,2026091523,2026-09-15 23:29:26
4060122605,20260915232500,0,12,0,21,2026091523,2026-09-15 23:29:26
4060122604,20260915232500,0,34,0,13,2026091523,2026-09-15 23:29:26
4050109100,20260915232500,0,25,0,78,2026091523,2026-09-15 23:29:26
4060122602,20260915232500,0,40,0,125,2026091523,2026-09-15 23:29:26
4060253800,20260915232500,0,44,0,50,2026091523,2026-09-15 23:29:26
4060038900,20260915232500,0,30,0,89,2026091523,2026-09-15 23:29:26
4060474000,20260915232500,0,43,0,5,2026091523,2026-09-15 23:29:26
4060259100,20260915232500,0,42,0,25,2026091523,2026-09-15 23:29:26
4050509400,20260915232500,0,27,0,68,2026091523,2026-09-15 23:29:26
4060522900,20260915232500,0,24,0,16,2026091523,2026-09-15 23:29:26
4050373800,20260915232500,0,43,0,27,2026091523,2026-09-15 23:29:26
4060528200,20260915232500,0,24,0,17,2026091523,2026-09-15 23:29:26
4050242600,20260915232500,0,39,0,8,2026091523,2026-09-15 23:29:26
4050158900,20260915232500,0,22,0,21,2026091523,2026-09-15 23:29:26
4050111400,20260915232500,0,12,0,35,2026091523,2026-09-15 23:29:26
4050379100,20260915232500,0,32,0,533,2026091523,2026-09-15 23:29:26
4060261400,20260915232500,0,46,0,12,2026091523,2026-09-15 23:29:26
4060177700,20260915232500,0,50,0,51,2026091523,2026-09-15 23:29:26
4060130200,20260915232500,0,28,0,13,2026091523,2026-09-15 23:29:26
4060046500,20260915232500,0,17,0,8,2026091523,2026-09-15 23:29:26
4050511700,20260915232500,0,43,0,7,2026091523,2026-09-15 23:29:26
4060446800,20260915232500,0,35,0,20,2026091523,2026-09-15 23:29:26
4060315600,20260915232500,0,34,0,58,2026091523,2026-09-15 23:29:26
4050381400,20260915232500,0,46,0,117,2026091523,2026-09-15 23:29:26
4050297700,20260915232500,0,48,0,20,2026091523,2026-09-15 23:29:26
4050166500,20260915232500,0,18,0,8,2026091523,2026-09-15 23:29:26
4060185300,20260915232500,0,39,0,70,2026091523,2026-09-15 23:29:26
4060054100,20260915232500,0,31,0,12,2026091523,2026-09-15 23:29:26
4050566800,20260915232500,0,35,0,9,2026091523,2026-09-15 23:29:26
4050304400,20260915232500,0,8,0,26,2026091523,2026-09-15 23:29:26
4060454400,20260915232500,0,39,0,26,2026091523,2026-09-15 23:29:26
4060323200,20260915232500,0,11,0,267,2026091523,2026-09-15 23:29:26
4060239500,20260915232500,0,43,0,17,2026091523,2026-09-15 23:29:26
4060108300,20260915232500,0,24,0,16,2026091523,2026-09-15 23:29:26
4050174100,20260915232500,0,10,0,42,2026091523,2026-09-15 23:29:26
4050574400,20260915232500,0,34,0,112,2026091523,2026-09-15 23:29:26
4050359500,20260915232500,0,40,0,84,2026091523,2026-09-15 23:29:26
4050312000,20260915232500,0,30,0,13,2026091523,2026-09-15 23:29:26
4060241800,20260915232500,0,41,0,3,2026091523,2026-09-15 23:29:26
4060110600,20260915232500,0,44,0,10,2026091523,2026-09-15 23:29:26
4060462000,20260915232500,0,52,0,164,2026091523,2026-09-15 23:29:26
4060378300,20260915232500,0,39,0,112,2026091523,2026-09-15 23:29:26
4050092700,20260915232500,0,21,0,10,2026091523,2026-09-15 23:29:26
4060247100,20260915232500,0,30,0,58,2026091523,2026-09-15 23:29:26
4050361800,20260915232500,0,3,0,79,2026091523,2026-09-15 23:29:26
4050230600,20260915232500,0,34,0,18,2026091523,2026-09-15 23:29:26
4050582000,20260915232500,0,28,0,16,2026091523,2026-09-15 23:29:26
4050498300,20260915232500,0,15,0,87,2026091523,2026-09-15 23:29:26
4050367100,20260915232500,0,62,0,31,2026091523,2026-09-15 23:29:26
4060380600,20260915232500,0,42,0,69,2026091523,2026-09-15 23:29:26
4060296900,20260915232500,0,35,0,36,2026091523,2026-09-15 23:29:26
4060034500,20260915232500,0,10,0,21,2026091523,2026-09-15 23:29:26
4050505000,20260915232500,0,40,0,8,2026091523,2026-09-15 23:29:26
4060434800,20260915232500,0,47,0,75,2026091523,2026-09-15 23:29:26
4060303600,20260915232500,0,30,0,40,2026091523,2026-09-15 23:29:26
4060219900,20260915232500,0,49,0,13,2026091523,2026-09-15 23:29:26
4050285700,20260915232500,0,49,0,151,2026091523,2026-09-15 23:29:26
4050154500,20260915232500,0,14,0,40,2026091523,2026-09-15 23:29:26
4060089600,20260915232500,0,36,0,194,2026091523,2026-09-15 23:29:26
4060042100,20260915232500,0,10,0,116,2026091523,2026-09-15 23:29:26
4050554800,20260915232500,0,47,0,169,2026091523,2026-09-15 23:29:26
4050423600,20260915232500,0,40,0,13,2026091523,2026-09-15 23:29:26
4050339900,20260915232500,0,15,0,55,2026091523,2026-09-15 23:29:26
4050208700,20260915232500,0,10,0,108,2026091523,2026-09-15 23:29:26
4060489900,20260915232500,0,43,0,7,2026091523,2026-09-15 23:29:26
4060358700,20260915232500,0,46,0,40,2026091523,2026-09-15 23:29:26
4060311200,20260915232500,0,32,0,47,2026091523,2026-09-15 23:29:26
4060227500,20260915232500,0,28,0,17,2026091523,2026-09-15 23:29:26
4050293300,20260915232500,0,12,0,106,2026091523,2026-09-15 23:29:26
4050162100,20260915232500,0,17,0,6,2026091523,2026-09-15 23:29:26
4050078400,20260915232500,0,25,0,16,2026091523,2026-09-15 23:29:26
4060091900,20260915232500,0,12,0,211,2026091523,2026-09-15 23:29:26
4060097200,20260915232500,0,26,0,72,2026091523,2026-09-15 23:29:26
4050347500,20260915232500,0,49,0,3,2026091523,2026-09-15 23:29:26
4050300000,20260915232500,0,60,0,2,2026091523,2026-09-15 23:29:26
4060450000,20260915232500,0,38,0,20,2026091523,2026-09-15 23:29:26
4060366300,20260915232500,0,2,0,113,2026091523,2026-09-15 23:29:26
4050080700,20260915232500,0,22,0,21,2026091523,2026-09-15 23:29:26
4060235100,20260915232500,0,44,0,46,2026091523,2026-09-15 23:29:26
4060504200,20260915232500,0,34,0,63,2026091523,2026-09-15 23:29:26
4050134900,20260915232500,0,23,0,343,2026091523,2026-09-15 23:29:26
4050003701,20260915232500,0,33,0,18,2026091523,2026-09-15 23:29:26
4050355100,20260915232500,0,44,0,11,2026091523,2026-09-15 23:29:26
4050409300,20260915232500,0,53,0,22,2026091523,2026-09-15 23:29:26
4060207900,20260915232500,0,40,0,6,2026091523,2026-09-15 23:29:26
4050273700,20260915232500,0,44,0,45,2026091523,2026-09-15 23:29:26
4050142500,20260915232500,0,4,0,73,2026091523,2026-09-15 23:29:26
4050058800,20260915232500,0,26,0,196,2026091523,2026-09-15 23:29:26
4050279000,20260915232500,0,44,0,12,2026091523,2026-09-15 23:29:26
4060030100,20260915232500,0,12,0,30,2026091523,2026-09-15 23:29:26
4050542800,20260915232500,0,22,0,84,2026091523,2026-09-15 23:29:26
4050411600,20260915232500,0,48,0,28,2026091523,2026-09-15 23:29:26
4050327900,20260915232500,0,25,0,19,2026091523,2026-09-15 23:29:26
4060477900,20260915232500,0,29,0,418,2026091523,2026-09-15 23:29:26
4060430400,20260915232500,0,37,0,31,2026091523,2026-09-15 23:29:26
4060215500,20260915232500,0,46,0,10,2026091523,2026-09-15 23:29:26
4050281300,20260915232500,0,41,0,298,2026091523,2026-09-15 23:29:26
4050197600,20260915232500,0,21,0,14,2026091523,2026-09-15 23:29:26
4060085200,20260915232500,0,23,0,9,2026091523,2026-09-15 23:29:26
4050597900,20260915232500,0,24,0,111,2026091523,2026-09-15 23:29:26
4050335500,20260915232500,0,20,0,64,2026091523,2026-09-15 23:29:26
4050204300,20260915232500,0,30,0,15,2026091523,2026-09-15 23:29:26
4060485500,20260915232500,0,31,0,70,2026091523,2026-09-15 23:29:26
4060139402,20260915232500,0,27,0,176,2026091523,2026-09-15 23:29:26
4060139401,20260915232500,0,28,0,9,2026091523,2026-09-15 23:29:26
4060223100,20260915232500,0,41,0,10,2026091523,2026-09-15 23:29:26
4050604600,20260915232500,0,23,0,7,2026091523,2026-09-15 23:29:26
4050074000,20260915232500,0,15,0,56,2026091523,2026-09-15 23:29:26
4060408500,20260915232500,0,63,0,17,2026091523,2026-09-15 23:29:26
4050122900,20260915232500,0,22,0,19,2026091523,2026-09-15 23:29:26
4050474300,20260915232500,0,58,0,1,2026091523,2026-09-15 23:29:26
4050343100,20260915232500,0,44,0,24,2026091523,2026-09-15 23:29:26
4050259400,20260915232500,0,51,0,3,2026091523,2026-09-15 23:29:26
4050128200,20260915232500,0,17,0,19,2026091523,2026-09-15 23:29:26
4060272900,20260915232500,0,40,0,8,2026091523,2026-09-15 23:29:26
4060493100,20260915232500,0,42,0,6,2026091523,2026-09-15 23:29:26
4050612200,20260915232500,0,12,0,55,2026091523,2026-09-15 23:29:26
4060410800,20260915232500,0,39,0,61,2026091523,2026-09-15 23:29:26
4050392900,20260915232500,0,39,0,30,2026091523,2026-09-15 23:29:26
4050261700,20260915232500,0,43,0,104,2026091523,2026-09-15 23:29:26
4050046800,20260915232500,0,20,0,171,2026091523,2026-09-15 23:29:26
4050267000,20260915232500,0,52,0,3,2026091523,2026-09-15 23:29:26
4060196800,20260915232500,0,41,0,19,2026091523,2026-09-15 23:29:26
4060065600,20260915232500,0,24,0,23,2026091523,2026-09-15 23:29:26
4050315900,20260915232500,0,35,0,19,2026091523,2026-09-15 23:29:26
4060203500,20260915232500,0,39,0,8,2026091523,2026-09-15 23:29:26
4060119800,20260915232500,0,35,0,11,2026091523,2026-09-15 23:29:26
4060073200,20260915232500,0,24,0,3,2026091523,2026-09-15 23:29:26
4050454700,20260915232500,0,35,0,79,2026091523,2026-09-15 23:29:26
4050323500,20260915232500,0,37,0,11,2026091523,2026-09-15 23:29:26
4050239800,20260915232500,0,53,0,13,2026091523,2026-09-15 23:29:26
4050108600,20260915232500,0,20,0,12,2026091523,2026-09-15 23:29:26
4060473500,20260915232500,0,36,0,20,2026091523,2026-09-15 23:29:26
4060389800,20260915232500,0,45,0,199,2026091523,2026-09-15 23:29:26
4060342300,20260915232500,0,31,0,11,2026091523,2026-09-15 23:29:26
4060258600,20260915232500,0,46,0,10,2026091523,2026-09-15 23:29:26
4060211100,20260915232500,0,53,0,24,2026091523,2026-09-15 23:29:26
4060127400,20260915232500,0,12,0,28,2026091523,2026-09-15 23:29:26
4050193200,20260915232500,0,5,0,100,2026091523,2026-09-15 23:29:26
4050062000,20260915232500,0,15,0,14,2026091523,2026-09-15 23:29:26
4050508900,20260915232500,0,46,0,11,2026091523,2026-09-15 23:29:26
4060527700,20260915232500,0,55,0,158,2026091523,2026-09-15 23:29:26
4050593500,20260915232500,0,32,0,257,2026091523,2026-09-15 23:29:26
4050110900,20260915232500,0,28,0,15,2026091523,2026-09-15 23:29:26
4050462300,20260915232500,0,5,0,41,2026091523,2026-09-15 23:29:26
4050331100,20260915232500,0,31,0,8,2026091523,2026-09-15 23:29:26
4050247400,20260915232500,0,23,0,40,2026091523,2026-09-15 23:29:26
4060260900,20260915232500,0,40,0,11,2026091523,2026-09-15 23:29:26
4060481100,20260915232500,0,36,0,113,2026091523,2026-09-15 23:29:26
4060266200,20260915232500,0,51,0,12,2026091523,2026-09-15 23:29:26
4060135000,20260915232500,0,19,0,19,2026091523,2026-09-15 23:29:26
4050600200,20260915232500,0,53,0,5,2026091523,2026-09-15 23:29:26
4050516500,20260915232500,0,28,0,69,2026091523,2026-09-15 23:29:26
4050380900,20260915232500,0,37,0,81,2026091523,2026-09-15 23:29:26
4060535301,20260915232500,0,38,0,2,2026091523,2026-09-15 23:29:26
4060404100,20260915232500,0,42,0,59,2026091523,2026-09-15 23:29:26
4050034800,20260915232500,0,31,0,6,2026091523,2026-09-15 23:29:26
4050255000,20260915232500,0,45,0,46,2026091523,2026-09-15 23:29:26
4060184800,20260915232500,0,30,0,61,2026091523,2026-09-15 23:29:26
4060053600,20260915232500,0,31,0,16,2026091523,2026-09-15 23:29:26
4050303900,20260915232500,0,42,0,14,2026091523,2026-09-15 23:29:26
4050524100,20260915232500,0,40,0,10,2026091523,2026-09-15 23:29:26
4050309200,20260915232500,0,21,0,26,2026091523,2026-09-15 23:29:26
4060322700,20260915232500,0,36,0,10,2026091523,2026-09-15 23:29:26
4060107800,20260915232500,0,30,0,3,2026091523,2026-09-15 23:29:26
4050089901,20260915232500,0,23,0,2,2026091523,2026-09-15 23:29:26
4050173600,20260915232500,0,22,0,18,2026091523,2026-09-15 23:29:26
4060328000,20260915232500,0,40,0,42,2026091523,2026-09-15 23:29:26
4060192400,20260915232500,0,54,0,10,2026091523,2026-09-15 23:29:26
4050573900,20260915232500,0,46,0,147,2026091523,2026-09-15 23:29:26
4050442700,20260915232500,0,48,0,6,2026091523,2026-09-15 23:29:26
4050579200,20260915232500,0,13,0,100,2026091523,2026-09-15 23:29:26
4050448000,20260915232500,0,18,0,10,2026091523,2026-09-15 23:29:26
4060377800,20260915232500,0,33,0,8,2026091523,2026-09-15 23:29:26
4060330300,20260915232500,0,48,0,119,2026091523,2026-09-15 23:29:26
4060246600,20260915232500,0,37,0,21,2026091523,2026-09-15 23:29:26
4060115400,20260915232500,0,41,0,10,2026091523,2026-09-15 23:29:26
4050097500,20260915232500,0,16,0,25,2026091523,2026-09-15 23:29:26
4050050000,20260915232500,0,19,0,23,2026091523,2026-09-15 23:29:26
4060515700,20260915232500,0,38,0,17,2026091523,2026-09-15 23:29:26
4050581500,20260915232500,0,10,0,57,2026091523,2026-09-15 23:29:26
4050497800,20260915232500,0,41,0,100,2026091523,2026-09-15 23:29:26
4050366600,20260915232500,0,53,0,86,2026091523,2026-09-15 23:29:26
4050235400,20260915232500,0,38,0,10,2026091523,2026-09-15 23:29:26
4050104200,20260915232500,0,7,0,31,2026091523,2026-09-15 23:29:26
4060385400,20260915232500,0,50,0,11,2026091523,2026-09-15 23:29:26
4060254200,20260915232500,0,45,0,72,2026091523,2026-09-15 23:29:26
4060123000,20260915232500,0,20,0,72,2026091523,2026-09-15 23:29:26
4060039300,20260915232500,0,32,0,12,2026091523,2026-09-15 23:29:26
4060308400,20260915232500,0,36,0,125,2026091523,2026-09-15 23:29:26
4050374200,20260915232500,0,47,0,148,2026091523,2026-09-15 23:29:26
4050243000,20260915232500,0,40,0,62,2026091523,2026-09-15 23:29:26
4050159300,20260915232500,0,23,0,42,2026091523,2026-09-15 23:29:26
4060041600,20260915232500,0,17,0,52,2026091523,2026-09-15 23:29:26
4060393000,20260915232500,0,39,0,44,2026091523,2026-09-15 23:29:26
4060178100,20260915232500,0,17,0,42,2026091523,2026-09-15 23:29:26
4050512100,20260915232500,0,34,0,12,2026091523,2026-09-15 23:29:26
4060310700,20260915232500,0,13,0,41,2026091523,2026-09-15 23:29:26
4050292800,20260915232500,0,36,0,34,2026091523,2026-09-15 23:29:26
4060447200,20260915232500,0,41,0,4,2026091523,2026-09-15 23:29:26
4050161600,20260915232500,0,29,0,19,2026091523,2026-09-15 23:29:26
4050077900,20260915232500,0,23,0,9,2026091523,2026-09-15 23:29:26
4060096706,20260915232500,0,20,0,20,2026091523,2026-09-15 23:29:26
4050298100,20260915232500,0,40,0,16,2026091523,2026-09-15 23:29:26
4060096705,20260915232500,0,23,0,17,2026091523,2026-09-15 23:29:26
4060096704,20260915232500,0,37,0,20,2026091523,2026-09-15 23:29:26
4060096702,20260915232500,0,31,0,15,2026091523,2026-09-15 23:29:26
4060180400,20260915232500,0,29,0,38,2026091523,2026-09-15 23:29:26
4050561900,20260915232500,0,42,0,10,2026091523,2026-09-15 23:29:26
4050567200,20260915232500,0,38,0,128,2026091523,2026-09-15 23:29:26
4060365800,20260915232500,0,23,0,47,2026091523,2026-09-15 23:29:26
4060234600,20260915232500,0,42,0,8,2026091523,2026-09-15 23:29:26
4060103400,20260915232500,0,48,0,42,2026091523,2026-09-15 23:29:26
4050085500,20260915232500,0,19,0,46,2026091523,2026-09-15 23:29:26
4060503700,20260915232500,0,45,0,74,2026091523,2026-09-15 23:29:26
4050485800,20260915232500,0,42,0,27,2026091523,2026-09-15 23:29:26
4050354600,20260915232500,0,43,0,21,2026091523,2026-09-15 23:29:26
4060509000,20260915232500,0,39,0,72,2026091523,2026-09-15 23:29:26
4050139700,20260915232500,0,41,0,50,2026091523,2026-09-15 23:29:26
4060373400,20260915232500,0,49,0,15,2026091523,2026-09-15 23:29:26
4060242200,20260915232500,0,11,0,21,2026091523,2026-09-15 23:29:26
4060111000,20260915232500,0,30,0,15,2026091523,2026-09-15 23:29:26
4060027300,20260915232500,0,24,0,9,2026091523,2026-09-15 23:29:26
4050093100,20260915232500,0,20,0,10,2026091523,2026-09-15 23:29:26
4060511300,20260915232500,0,28,0,99,2026091523,2026-09-15 23:29:26
4060427600,20260915232500,0,22,0,130,2026091523,2026-09-15 23:29:26
4050231002,20260915232500,0,18,0,31,2026091523,2026-09-15 23:29:26
4050362200,20260915232500,0,41,0,5,2026091523,2026-09-15 23:29:26
4050231001,20260915232500,0,20,0,32,2026091523,2026-09-15 23:29:26
4050278500,20260915232500,0,29,0,18,2026091523,2026-09-15 23:29:26
4050147300,20260915232500,0,20,0,25,2026091523,2026-09-15 23:29:26
4060297300,20260915232500,0,32,0,32,2026091523,2026-09-15 23:29:26
4050280800,20260915232500,0,33,0,43,2026091523,2026-09-15 23:29:26
4060435200,20260915232500,0,59,0,157,2026091523,2026-09-15 23:29:26
4050286100,20260915232500,0,43,0,29,2026091523,2026-09-15 23:29:26
4060084700,20260915232500,0,30,0,6,2026091523,2026-09-15 23:29:26
4050203800,20260915232500,0,9,0,95,2026091523,2026-09-15 23:29:26
4050555200,20260915232500,0,35,0,82,2026091523,2026-09-15 23:29:26
4060222600,20260915232500,0,46,0,24,2026091523,2026-09-15 23:29:26
4060138900,20260915232500,0,41,0,16,2026091523,2026-09-15 23:29:26
4060359100,20260915232500,0,22,0,13,2026091523,2026-09-15 23:29:26
4050073500,20260915232500,0,17,0,12,2026091523,2026-09-15 23:29:26
4050609400,20260915232500,0,20,0,14,2026091523,2026-09-15 23:29:26
4060092300,20260915232500,0,27,0,11,2026091523,2026-09-15 23:29:26
4050342600,20260915232500,0,41,0,12,2026091523,2026-09-15 23:29:26
4050258900,20260915232500,0,50,0,7,2026091523,2026-09-15 23:29:26
4050211400,20260915232500,0,20,0,69,2026091523,2026-09-15 23:29:26
4050479100,20260915232500,0,46,0,25,2026091523,2026-09-15 23:29:26
4060492600,20260915232500,0,34,0,4,2026091523,2026-09-15 23:29:26
4060361400,20260915232500,0,35,0,18,2026091523,2026-09-15 23:29:26
4060230200,20260915232500,0,32,0,39,2026091523,2026-09-15 23:29:26
4060415600,20260915232500,0,43,0,76,2026091523,2026-09-15 23:29:26
4050350200,20260915232500,0,5,0,218,2026091523,2026-09-15 23:29:26
4050266500,20260915232500,0,65,0,2,2026091523,2026-09-15 23:29:26
4050004100,20260915232500,0,34,0,50,2026091523,2026-09-15 23:29:26
4050404400,20260915232500,0,44,0,24,2026091523,2026-09-15 23:29:26
4060423200,20260915232500,0,44,0,72,2026091523,2026-09-15 23:29:26
4060339500,20260915232500,0,45,0,31,2026091523,2026-09-15 23:29:26
4060208300,20260915232500,0,35,0,7,2026091523,2026-09-15 23:29:26
4050274100,20260915232500,0,31,0,20,2026091523,2026-09-15 23:29:26
4050059200,20260915232500,0,23,0,18,2026091523,2026-09-15 23:29:26
4060072700,20260915232500,0,29,0,18,2026091523,2026-09-15 23:29:26
4060078000,20260915232500,0,26,0,15,2026091523,2026-09-15 23:29:26
4050412000,20260915232500,0,43,0,41,2026091523,2026-09-15 23:29:26
4050328300,20260915232500,0,40,0,11,2026091523,2026-09-15 23:29:26
4060341800,20260915232500,0,35,0,8,2026091523,2026-09-15 23:29:26
4060126902,20260915232500,0,34,0,24,2026091523,2026-09-15 23:29:26
4060126901,20260915232500,0,21,0,24,2026091523,2026-09-15 23:29:26
4060210600,20260915232500,0,48,0,165,2026091523,2026-09-15 23:29:26
4060347100,20260915232500,0,40,0,9,2026091523,2026-09-15 23:29:26
4050198000,20260915232500,0,22,0,38,2026091523,2026-09-15 23:29:26
4060080300,20260915232500,0,5,0,69,2026091523,2026-09-15 23:29:26
4050330600,20260915232500,0,5,0,46,2026091523,2026-09-15 23:29:26
4050246900,20260915232500,0,28,0,19,2026091523,2026-09-15 23:29:26
4050598300,20260915232500,0,37,0,10,2026091523,2026-09-15 23:29:26
4050467100,20260915232500,0,11,0,267,2026091523,2026-09-15 23:29:26
4060480600,20260915232500,0,44,0,17,2026091523,2026-09-15 23:29:26
4060265700,20260915232500,0,52,0,18,2026091523,2026-09-15 23:29:26
4060134500,20260915232500,0,32,0,15,2026091523,2026-09-15 23:29:26
4050605000,20260915232500,0,18,0,36,2026091523,2026-09-15 23:29:26
4060534801,20260915232500,0,36,0,18,2026091523,2026-09-15 23:29:26
4060403600,20260915232500,0,51,0,77,2026091523,2026-09-15 23:29:26
4060319900,20260915232500,0,32,0,10,2026091523,2026-09-15 23:29:26
4050385700,20260915232500,0,37,0,336,2026091523,2026-09-15 23:29:26
4050254500,20260915232500,0,55,0,6,2026091523,2026-09-15 23:29:26
4050123300,20260915232500,0,8,0,63,2026091523,2026-09-15 23:29:26
4050039600,20260915232500,0,45,0,95,2026091523,2026-09-15 23:29:26
4060142104,20260915232500,0,32,0,12,2026091523,2026-09-15 23:29:26
4060142103,20260915232500,0,35,0,20,2026091523,2026-09-15 23:29:26
4060142102,20260915232500,0,25,0,18,2026091523,2026-09-15 23:29:26
4060189600,20260915232500,0,21,0,76,2026091523,2026-09-15 23:29:26
4050523600,20260915232500,0,44,0,27,2026091523,2026-09-15 23:29:26
4050439900,20260915232500,0,8,0,30,2026091523,2026-09-15 23:29:26
4050308700,20260915232500,0,26,0,32,2026091523,2026-09-15 23:29:26
4060411200,20260915232500,0,37,0,209,2026091523,2026-09-15 23:29:26
4060327500,20260915232500,0,36,0,132,2026091523,2026-09-15 23:29:26
4050041900,20260915232500,0,23,0,66,2026091523,2026-09-15 23:29:26
4050262100,20260915232500,0,13,0,25,2026091523,2026-09-15 23:29:26
4050047200,20260915232500,0,23,0,91,2026091523,2026-09-15 23:29:26
4060191900,20260915232500,0,47,0,59,2026091523,2026-09-15 23:29:26
4060066002,20260915232500,0,39,0,13,2026091523,2026-09-15 23:29:26
4060197200,20260915232500,0,35,0,23,2026091523,2026-09-15 23:29:26
4060066001,20260915232500,0,40,0,27,2026091523,2026-09-15 23:29:26
4050578700,20260915232500,0,24,0,29,2026091523,2026-09-15 23:29:26
4050531200,20260915232500,0,35,0,17,2026091523,2026-09-15 23:29:26
4050447500,20260915232500,0,37,0,19,2026091523,2026-09-15 23:29:26
4050316300,20260915232500,0,30,0,7,2026091523,2026-09-15 23:29:26
4060114902,20260915232500,0,35,0,21,2026091523,2026-09-15 23:29:26
4060114901,20260915232500,0,34,0,19,2026091523,2026-09-15 23:29:26
4050180702,20260915232500,0,4,0,171,2026091523,2026-09-15 23:29:26
4050180701,20260915232500,0,13,0,43,2026091523,2026-09-15 23:29:26
4060335100,20260915232500,0,50,0,77,2026091523,2026-09-15 23:29:26
4050186000,20260915232500,0,25,0,11,2026091523,2026-09-15 23:29:26
4050234900,20260915232500,0,41,0,16,2026091523,2026-09-15 23:29:26
4060384900,20260915232500,0,33,0,44,2026091523,2026-09-15 23:29:26
4060253700,20260915232500,0,44,0,99,2026091523,2026-09-15 23:29:26
4060038800,20260915232500,0,38,0,71,2026091523,2026-09-15 23:29:26
4060259000,20260915232500,0,41,0,28,2026091523,2026-09-15 23:29:26
4050509300,20260915232500,0,13,0,182,2026091523,2026-09-15 23:29:26
4060522800,20260915232500,0,52,0,7,2026091523,2026-09-15 23:29:26
4060307900,20260915232500,0,40,0,32,2026091523,2026-09-15 23:29:26
4050373700,20260915232500,0,36,0,64,2026091523,2026-09-15 23:29:26
4060528100,20260915232500,0,24,0,17,2026091523,2026-09-15 23:29:26
4050242500,20260915232500,0,36,0,10,2026091523,2026-09-15 23:29:26
4050158800,20260915232500,0,21,0,28,2026091523,2026-09-15 23:29:26
4050111300,20260915232500,0,12,0,36,2026091523,2026-09-15 23:29:26
4050379000,20260915232500,0,36,0,472,2026091523,2026-09-15 23:29:26
4060392500,20260915232500,0,36,0,6,2026091523,2026-09-15 23:29:26
4060261300,20260915232500,0,35,0,35,2026091523,2026-09-15 23:29:26
4060177600,20260915232500,0,34,0,77,2026091523,2026-09-15 23:29:26
4060130100,20260915232500,0,31,0,12,2026091523,2026-09-15 23:29:26
4060046400,20260915232500,0,28,0,4,2026091523,2026-09-15 23:29:26
4050511600,20260915232500,0,35,0,9,2026091523,2026-09-15 23:29:26
4060530400,20260915232500,0,46,0,195,2026091523,2026-09-15 23:29:26
4060446700,20260915232500,0,36,0,17,2026091523,2026-09-15 23:29:26
4060315500,20260915232500,0,46,0,43,2026091523,2026-09-15 23:29:26
4050381300,20260915232500,0,40,0,44,2026091523,2026-09-15 23:29:26
4050297600,20260915232500,0,42,0,23,2026091523,2026-09-15 23:29:26
4050250100,20260915232500,0,55,0,11,2026091523,2026-09-15 23:29:26
4050035200,20260915232500,0,18,0,15,2026091523,2026-09-15 23:29:26
4060185200,20260915232500,0,49,0,56,2026091523,2026-09-15 23:29:26
4050566700,20260915232500,0,47,0,46,2026091523,2026-09-15 23:29:26
4050304300,20260915232500,0,46,0,2,2026091523,2026-09-15 23:29:26
4060102900,20260915232500,0,45,0,49,2026091523,2026-09-15 23:29:26
4060323100,20260915232500,0,31,0,95,2026091523,2026-09-15 23:29:26
4060239400,20260915232500,0,43,0,17,2026091523,2026-09-15 23:29:26
4060108200,20260915232500,0,29,0,5,2026091523,2026-09-15 23:29:26
4050174000,20260915232500,0,19,0,35,2026091523,2026-09-15 23:29:26
4050222900,20260915232500,0,18,0,81,2026091523,2026-09-15 23:29:26
4050443100,20260915232500,0,26,0,10,2026091523,2026-09-15 23:29:26
4050359400,20260915232500,0,43,0,79,2026091523,2026-09-15 23:29:26
4060372900,20260915232500,0,29,0,10,2026091523,2026-09-15 23:29:26
4060026804,20260915232500,0,14,0,79,2026091523,2026-09-15 23:29:26
4060026803,20260915232500,0,26,0,52,2026091523,2026-09-15 23:29:26
4060241700,20260915232500,0,38,0,22,2026091523,2026-09-15 23:29:26
4060026801,20260915232500,0,17,0,13,2026091523,2026-09-15 23:29:26
4060110500,20260915232500,0,53,0,7,2026091523,2026-09-15 23:29:26
4060378200,20260915232500,0,40,0,108,2026091523,2026-09-15 23:29:26
4060247000,20260915232500,0,39,0,46,2026091523,2026-09-15 23:29:26
4060510800,20260915232500,0,37,0,20,2026091523,2026-09-15 23:29:26
4050361700,20260915232500,0,37,0,6,2026091523,2026-09-15 23:29:26
4050230500,20260915232500,0,16,0,56,2026091523,2026-09-15 23:29:26
4050498200,20260915232500,0,32,0,57,2026091523,2026-09-15 23:29:26
4050367000,20260915232500,0,51,0,38,2026091523,2026-09-15 23:29:26
4060296800,20260915232500,0,21,0,60,2026091523,2026-09-15 23:29:26
4060034400,20260915232500,0,13,0,16,2026091523,2026-09-15 23:29:26
4060434700,20260915232500,0,42,0,84,2026091523,2026-09-15 23:29:26
4060303500,20260915232500,0,29,0,43,2026091523,2026-09-15 23:29:26
4060219800,20260915232500,0,50,0,13,2026091523,2026-09-15 23:29:26
4050285600,20260915232500,0,60,0,123,2026091523,2026-09-15 23:29:26
4050154400,20260915232500,0,11,0,75,2026091523,2026-09-15 23:29:26
4060089500,20260915232500,0,34,0,205,2026091523,2026-09-15 23:29:26
4060042000,20260915232500,0,10,0,118,2026091523,2026-09-15 23:29:26
4050423500,20260915232500,0,16,0,22,2026091523,2026-09-15 23:29:26
4050339800,20260915232500,0,12,0,67,2026091523,2026-09-15 23:29:26
4050208600,20260915232500,0,27,0,36,2026091523,2026-09-15 23:29:26
4060489800,20260915232500,0,48,0,8,2026091523,2026-09-15 23:29:26
4060311100,20260915232500,0,22,0,69,2026091523,2026-09-15 23:29:26
4060227400,20260915232500,0,8,0,60,2026091523,2026-09-15 23:29:26
4050293200,20260915232500,0,10,0,127,2026091523,2026-09-15 23:29:26
4050162000,20260915232500,0,21,0,9,2026091523,2026-09-15 23:29:26
4050078300,20260915232500,0,14,0,30,2026091523,2026-09-15 23:29:26
4060091800,20260915232500,0,39,0,54,2026091523,2026-09-15 23:29:26
4060097100,20260915232500,0,44,0,44,2026091523,2026-09-15 23:29:26
4050210902,20260915232500,0,24,0,32,2026091523,2026-09-15 23:29:26
4050210901,20260915232500,0,13,0,58,2026091523,2026-09-15 23:29:26
4050562300,20260915232500,0,42,0,103,2026091523,2026-09-15 23:29:26
4050347400,20260915232500,0,46,0,3,2026091523,2026-09-15 23:29:26
4060360900,20260915232500,0,17,0,11,2026091523,2026-09-15 23:29:26
4060366200,20260915232500,0,31,0,14,2026091523,2026-09-15 23:29:26
4050080600,20260915232500,0,13,0,15,2026091523,2026-09-15 23:29:26
4060235000,20260915232500,0,43,0,47,2026091523,2026-09-15 23:29:26
4060504100,20260915232500,0,23,0,93,2026091523,2026-09-15 23:29:26
4050134800,20260915232500,0,11,0,29,2026091523,2026-09-15 23:29:26
4050355000,20260915232500,0,43,0,11,2026091523,2026-09-15 23:29:26
4060069900,20260915232500,0,2,0,144,2026091523,2026-09-15 23:29:26
4050403900,20260915232500,0,38,0,18,2026091523,2026-09-15 23:29:26
4050409200,20260915232500,0,47,0,24,2026091523,2026-09-15 23:29:26
4060422700,20260915232500,0,28,0,14,2026091523,2026-09-15 23:29:26
4060207800,20260915232500,0,40,0,6,2026091523,2026-09-15 23:29:26
4050273600,20260915232500,0,47,0,41,2026091523,2026-09-15 23:29:26
4050058700,20260915232500,0,34,0,149,2026091523,2026-09-15 23:29:26
4060030000,20260915232500,0,28,0,7,2026091523,2026-09-15 23:29:26
4050411500,20260915232500,0,32,0,5,2026091523,2026-09-15 23:29:26
4050327800,20260915232500,0,10,0,47,2026091523,2026-09-15 23:29:26
4060430300,20260915232500,0,39,0,30,2026091523,2026-09-15 23:29:26
4060215400,20260915232500,0,41,0,11,2026091523,2026-09-15 23:29:26
4050281200,20260915232500,0,43,0,285,2026091523,2026-09-15 23:29:26
4050197500,20260915232500,0,26,0,11,2026091523,2026-09-15 23:29:26
4050150000,20260915232500,0,8,0,87,2026091523,2026-09-15 23:29:26
4060085100,20260915232500,0,25,0,7,2026091523,2026-09-15 23:29:26
4050597800,20260915232500,0,28,0,93,2026091523,2026-09-15 23:29:26
4050550300,20260915232500,0,42,0,206,2026091523,2026-09-15 23:29:26
4050335400,20260915232500,0,22,0,58,2026091523,2026-09-15 23:29:26
4060485400,20260915232500,0,39,0,58,2026091523,2026-09-15 23:29:26
4060139302,20260915232500,0,25,0,11,2026091523,2026-09-15 23:29:26
4060139301,20260915232500,0,28,0,178,2026091523,2026-09-15 23:29:26
4060223000,20260915232500,0,46,0,9,2026091523,2026-09-15 23:29:26
4050604500,20260915232500,0,16,0,36,2026091523,2026-09-15 23:29:26
4060408400,20260915232500,0,15,0,78,2026091523,2026-09-15 23:29:26
4050474200,20260915232500,0,52,0,2,2026091523,2026-09-15 23:29:26
4060141606,20260915232500,0,20,0,41,2026091523,2026-09-15 23:29:26
4050343000,20260915232500,0,40,0,27,2026091523,2026-09-15 23:29:26
4060141605,20260915232500,0,13,0,94,2026091523,2026-09-15 23:29:26
4050259300,20260915232500,0,45,0,12,2026091523,2026-09-15 23:29:26
4060141603,20260915232500,0,22,0,19,2026091523,2026-09-15 23:29:26
4050128100,20260915232500,0,21,0,15,2026091523,2026-09-15 23:29:26
4060272800,20260915232500,0,48,0,7,2026091523,2026-09-15 23:29:26
4060141601,20260915232500,0,14,0,67,2026091523,2026-09-15 23:29:26
4060057900,20260915232500,0,32,0,15,2026091523,2026-09-15 23:29:26
4060493000,20260915232500,0,36,0,4,2026091523,2026-09-15 23:29:26
4050612100,20260915232500,0,41,0,48,2026091523,2026-09-15 23:29:26
4060410700,20260915232500,0,51,0,37,2026091523,2026-09-15 23:29:26
4050392800,20260915232500,0,23,0,50,2026091523,2026-09-15 23:29:26
4050261600,20260915232500,0,40,0,119,2026091523,2026-09-15 23:29:26
4050130400,20260915232500,0,7,0,71,2026091523,2026-09-15 23:29:26
4050046700,20260915232500,0,23,0,149,2026091523,2026-09-15 23:29:26
4050398100,20260915232500,0,51,0,16,2026091523,2026-09-15 23:29:26
4060196700,20260915232500,0,18,0,92,2026091523,2026-09-15 23:29:26
4060065500,20260915232500,0,9,0,62,2026091523,2026-09-15 23:29:26
4050530700,20260915232500,0,36,0,16,2026091523,2026-09-15 23:29:26
4050315800,20260915232500,0,28,0,23,2026091523,2026-09-15 23:29:26
4060465800,20260915232500,0,47,0,7,2026091523,2026-09-15 23:29:26
4060334600,20260915232500,0,49,0,182,2026091523,2026-09-15 23:29:26
4060203400,20260915232500,0,33,0,10,2026091523,2026-09-15 23:29:26
4060119700,20260915232500,0,25,0,16,2026091523,2026-09-15 23:29:26
4060073100,20260915232500,0,24,0,20,2026091523,2026-09-15 23:29:26
4050454600,20260915232500,0,37,0,75,2026091523,2026-09-15 23:29:26
4050323400,20260915232500,0,45,0,9,2026091523,2026-09-15 23:29:26
4050239700,20260915232500,0,38,0,12,2026091523,2026-09-15 23:29:26
4050108500,20260915232500,0,23,0,10,2026091523,2026-09-15 23:29:26
4060473400,20260915232500,0,32,0,3,2026091523,2026-09-15 23:29:26
4060342200,20260915232500,0,29,0,12,2026091523,2026-09-15 23:29:26
4060258500,20260915232500,0,51,0,8,2026091523,2026-09-15 23:29:26
4060211000,20260915232500,0,43,0,29,2026091523,2026-09-15 23:29:26
4060127300,20260915232500,0,16,0,21,2026091523,2026-09-15 23:29:26
4050193100,20260915232500,0,8,0,63,2026091523,2026-09-15 23:29:26
4050508800,20260915232500,0,39,0,12,2026091523,2026-09-15 23:29:26
4060527600,20260915232500,0,29,0,41,2026091523,2026-09-15 23:29:26
4050593400,20260915232500,0,49,0,190,2026091523,2026-09-15 23:29:26
4050110800,20260915232500,0,11,0,40,2026091523,2026-09-15 23:29:26
4050462200,20260915232500,0,17,0,12,2026091523,2026-09-15 23:29:26
4050331000,20260915232500,0,29,0,9,2026091523,2026-09-15 23:29:26
4050247300,20260915232500,0,33,0,17,2026091523,2026-09-15 23:29:26
4060260800,20260915232500,0,32,0,14,2026091523,2026-09-15 23:29:26
4060481000,20260915232500,0,45,0,18,2026091523,2026-09-15 23:29:26
4060266100,20260915232500,0,52,0,58,2026091523,2026-09-15 23:29:26
4050516400,20260915232500,0,29,0,66,2026091523,2026-09-15 23:29:26
4050380800,20260915232500,0,34,0,88,2026091523,2026-09-15 23:29:26
4060535201,20260915232500,0,35,0,18,2026091523,2026-09-15 23:29:26
4060404000,20260915232500,0,60,0,41,2026091523,2026-09-15 23:29:26
4050034700,20260915232500,0,38,0,5,2026091523,2026-09-15 23:29:26
4060184700,20260915232500,0,33,0,35,2026091523,2026-09-15 23:29:26
4060053500,20260915232500,0,10,0,51,2026091523,2026-09-15 23:29:26
4050303800,20260915232500,0,42,0,12,2026091523,2026-09-15 23:29:26
4050524000,20260915232500,0,27,0,15,2026091523,2026-09-15 23:29:26
4050309100,20260915232500,0,38,0,14,2026091523,2026-09-15 23:29:26
4060322600,20260915232500,0,49,0,4,2026091523,2026-09-15 23:29:26
4060238900,20260915232500,0,44,0,37,2026091523,2026-09-15 23:29:26
4060107700,20260915232500,0,11,0,10,2026091523,2026-09-15 23:29:26
4050173500,20260915232500,0,31,0,11,2026091523,2026-09-15 23:29:26
4060192300,20260915232500,0,30,0,21,2026091523,2026-09-15 23:29:26
4050573800,20260915232500,0,57,0,118,2026091523,2026-09-15 23:29:26
4050442600,20260915232500,0,35,0,9,2026091523,2026-09-15 23:29:26
4050358900,20260915232500,0,41,0,5,2026091523,2026-09-15 23:29:26
4050579100,20260915232500,0,36,0,244,2026091523,2026-09-15 23:29:26
4060377700,20260915232500,0,4,0,58,2026091523,2026-09-15 23:29:26
4060330200,20260915232500,0,49,0,3,2026091523,2026-09-15 23:29:26
4060246500,20260915232500,0,42,0,7,2026091523,2026-09-15 23:29:26
4060115300,20260915232500,0,30,0,15,2026091523,2026-09-15 23:29:26
4050097400,20260915232500,0,7,0,60,2026091523,2026-09-15 23:29:26
4060515600,20260915232500,0,24,0,21,2026091523,2026-09-15 23:29:26
4050581400,20260915232500,0,11,0,59,2026091523,2026-09-15 23:29:26
4050497700,20260915232500,0,33,0,123,2026091523,2026-09-15 23:29:26
4050235300,20260915232500,0,56,0,1,2026091523,2026-09-15 23:29:26
4050104100,20260915232500,0,6,0,36,2026091523,2026-09-15 23:29:26
4060385300,20260915232500,0,30,0,54,2026091523,2026-09-15 23:29:26
4060254100,20260915232500,0,42,0,32,2026091523,2026-09-15 23:29:26
4060039200,20260915232500,0,15,0,71,2026091523,2026-09-15 23:29:26
4060523200,20260915232500,0,7,0,31,2026091523,2026-09-15 23:29:26
4050153900,20260915232500,0,19,0,50,2026091523,2026-09-15 23:29:26
4060308300,20260915232500,0,44,0,101,2026091523,2026-09-15 23:29:26
4050159200,20260915232500,0,9,0,66,2026091523,2026-09-15 23:29:26
4060041500,20260915232500,0,19,0,46,2026091523,2026-09-15 23:29:26
4060178000,20260915232500,0,7,0,104,2026091523,2026-09-15 23:29:26
4050559500,20260915232500,0,48,0,198,2026091523,2026-09-15 23:29:26
4050512000,20260915232500,0,19,0,21,2026091523,2026-09-15 23:29:26
4050428300,20260915232500,0,44,0,66,2026091523,2026-09-15 23:29:26
4060310600,20260915232500,0,29,0,67,2026091523,2026-09-15 23:29:26
4060226900,20260915232500,0,14,0,130,2026091523,2026-09-15 23:29:26
4050292700,20260915232500,0,11,0,69,2026091523,2026-09-15 23:29:26
4060447100,20260915232500,0,48,0,4,2026091523,2026-09-15 23:29:26
4050161500,20260915232500,0,18,0,32,2026091523,2026-09-15 23:29:26
4050077800,20260915232500,0,4,0,25,2026091523,2026-09-15 23:29:26
4050298000,20260915232500,0,33,0,19,2026091523,2026-09-15 23:29:26
4060180300,20260915232500,0,33,0,55,2026091523,2026-09-15 23:29:26
4060096600,20260915232500,0,55,0,9,2026091523,2026-09-15 23:29:26
4050561800,20260915232500,0,9,0,52,2026091523,2026-09-15 23:29:26
4050223312,20260915232500,0,13,0,38,2026091523,2026-09-15 23:29:26
4050223311,20260915232500,0,42,0,13,2026091523,2026-09-15 23:29:26
4050346900,20260915232500,0,49,0,9,2026091523,2026-09-15 23:29:26
4050223310,20260915232500,0,18,0,36,2026091523,2026-09-15 23:29:26
4050567100,20260915232500,0,39,0,39,2026091523,2026-09-15 23:29:26
4060496900,20260915232500,0,29,0,5,2026091523,2026-09-15 23:29:26
4060365700,20260915232500,0,41,0,27,2026091523,2026-09-15 23:29:26
4060103302,20260915232500,0,40,0,108,2026091523,2026-09-15 23:29:26
4060234500,20260915232500,0,39,0,30,2026091523,2026-09-15 23:29:26
4060103301,20260915232500,0,27,0,46,2026091523,2026-09-15 23:29:26
4050085400,20260915232500,0,17,0,12,2026091523,2026-09-15 23:29:26
4050223308,20260915232500,0,15,0,43,2026091523,2026-09-15 23:29:26
4050223306,20260915232500,0,54,0,43,2026091523,2026-09-15 23:29:26
4060419900,20260915232500,0,27,0,40,2026091523,2026-09-15 23:29:26
4050223304,20260915232500,0,32,0,58,2026091523,2026-09-15 23:29:26
4050485700,20260915232500,0,33,0,31,2026091523,2026-09-15 23:29:26
4050223303,20260915232500,0,44,0,53,2026091523,2026-09-15 23:29:26
4050354500,20260915232500,0,51,0,8,2026091523,2026-09-15 23:29:26
4050139600,20260915232500,0,9,0,44,2026091523,2026-09-15 23:29:26
4060242100,20260915232500,0,55,0,18,2026091523,2026-09-15 23:29:26
4060027200,20260915232500,0,26,0,21,2026091523,2026-09-15 23:29:26
4050093000,20260915232500,0,23,0,10,2026091523,2026-09-15 23:29:26
4050539900,20260915232500,0,38,0,33,2026091523,2026-09-15 23:29:26
4050408700,20260915232500,0,35,0,249,2026091523,2026-09-15 23:29:26
4060511200,20260915232500,0,7,0,125,2026091523,2026-09-15 23:29:26
4050141900,20260915232500,0,44,0,3,2026091523,2026-09-15 23:29:26
4050362100,20260915232500,0,48,0,4,2026091523,2026-09-15 23:29:26
4050278400,20260915232500,0,32,0,16,2026091523,2026-09-15 23:29:26
4050147200,20260915232500,0,18,0,25,2026091523,2026-09-15 23:29:26
4060297200,20260915232500,0,35,0,30,2026091523,2026-09-15 23:29:26
4050416300,20260915232500,0,28,0,29,2026091523,2026-09-15 23:29:26
4060214900,20260915232500,0,32,0,22,2026091523,2026-09-15 23:29:26
4050280700,20260915232500,0,25,0,74,2026091523,2026-09-15 23:29:26
4060435100,20260915232500,0,50,0,185,2026091523,2026-09-15 23:29:26
4050065800,20260915232500,0,19,0,56,2026091523,2026-09-15 23:29:26
4050286000,20260915232500,0,22,0,58,2026091523,2026-09-15 23:29:26
4060084600,20260915232500,0,20,0,9,2026091523,2026-09-15 23:29:26
4050334900,20260915232500,0,17,0,50,2026091523,2026-09-15 23:29:26
4050203700,20260915232500,0,26,0,32,2026091523,2026-09-15 23:29:26
4050209002,20260915232500,0,32,0,11,2026091523,2026-09-15 23:29:26
4050209001,20260915232500,0,39,0,2,2026091523,2026-09-15 23:29:26
4060353700,20260915232500,0,39,0,14,2026091523,2026-09-15 23:29:26
4060222500,20260915232500,0,42,0,60,2026091523,2026-09-15 23:29:26
4060138800,20260915232500,0,39,0,61,2026091523,2026-09-15 23:29:26
4060359000,20260915232500,0,21,0,42,2026091523,2026-09-15 23:29:26
4050073400,20260915232500,0,27,0,16,2026091523,2026-09-15 23:29:26
4060092200,20260915232500,0,20,0,30,2026091523,2026-09-15 23:29:26
4060407900,20260915232500,0,42,0,151,2026091523,2026-09-15 23:29:26
4050473700,20260915232500,0,42,0,18,2026091523,2026-09-15 23:29:26
4050342500,20260915232500,0,53,0,20,2026091523,2026-09-15 23:29:26
4050258800,20260915232500,0,31,0,11,2026091523,2026-09-15 23:29:26
4050211300,20260915232500,0,30,0,46,2026091523,2026-09-15 23:29:26
4050479000,20260915232500,0,15,0,77,2026091523,2026-09-15 23:29:26
4060492500,20260915232500,0,36,0,4,2026091523,2026-09-15 23:29:26
4060361300,20260915232500,0,38,0,16,2026091523,2026-09-15 23:29:26
4060230100,20260915232500,0,19,0,56,2026091523,2026-09-15 23:29:26
4050081000,20260915232500,0,12,0,115,2026091523,2026-09-15 23:29:26
4060415500,20260915232500,0,47,0,50,2026091523,2026-09-15 23:29:26
4050481300,20260915232500,0,33,0,211,2026091523,2026-09-15 23:29:26
4050350100,20260915232500,0,41,0,26,2026091523,2026-09-15 23:29:26
4050266400,20260915232500,0,30,0,5,2026091523,2026-09-15 23:29:26
4050135200,20260915232500,0,22,0,50,2026091523,2026-09-15 23:29:26
4050535500,20260915232500,0,13,0,17,2026091523,2026-09-15 23:29:26
4050404300,20260915232500,0,50,0,83,2026091523,2026-09-15 23:29:26
4060202900,20260915232500,0,61,0,1,2026091523,2026-09-15 23:29:26
4060339400,20260915232500,0,24,0,57,2026091523,2026-09-15 23:29:26
4060208200,20260915232500,0,45,0,5,2026091523,2026-09-15 23:29:26
4050274000,20260915232500,0,32,0,19,2026091523,2026-09-15 23:29:26
4050059100,20260915232500,0,21,0,19,2026091523,2026-09-15 23:29:26
4060072600,20260915232500,0,3,0,176,2026091523,2026-09-15 23:29:26
4050322900,20260915232500,0,45,0,23,2026091523,2026-09-15 23:29:26
4050328200,20260915232500,0,34,0,11,2026091523,2026-09-15 23:29:26
4060472900,20260915232500,0,44,0,6,2026091523,2026-09-15 23:29:26
4060210500,20260915232500,0,39,0,63,2026091523,2026-09-15 23:29:26
4060478200,20260915232500,0,64,0,335,2026091523,2026-09-15 23:29:26
4050192600,20260915232500,0,16,0,64,2026091523,2026-09-15 23:29:26
4060347000,20260915232500,0,27,0,13,2026091523,2026-09-15 23:29:26
4060080200,20260915232500,0,19,0,25,2026091523,2026-09-15 23:29:26
4050592900,20260915232500,0,20,0,51,2026091523,2026-09-15 23:29:26
4050461700,20260915232500,0,9,0,117,2026091523,2026-09-15 23:29:26
4050330500,20260915232500,0,39,0,20,2026091523,2026-09-15 23:29:26
4050246800,20260915232500,0,21,0,26,2026091523,2026-09-15 23:29:26
4050598200,20260915232500,0,28,0,14,2026091523,2026-09-15 23:29:26
4050467000,20260915232500,0,39,0,75,2026091523,2026-09-15 23:29:26
4060480500,20260915232500,0,46,0,16,2026091523,2026-09-15 23:29:26
4060265600,20260915232500,0,65,0,15,2026091523,2026-09-15 23:29:26
4060134400,20260915232500,0,5,0,184,2026091523,2026-09-15 23:29:26
4050515900,20260915232500,0,47,0,172,2026091523,2026-09-15 23:29:26
4060534701,20260915232500,0,41,0,16,2026091523,2026-09-15 23:29:26
4060403500,20260915232500,0,35,0,118,2026091523,2026-09-15 23:29:26
4050385600,20260915232500,0,49,0,253,2026091523,2026-09-15 23:29:26
4050254400,20260915232500,0,18,0,20,2026091523,2026-09-15 23:29:26
4050039500,20260915232500,0,41,0,103,2026091523,2026-09-15 23:29:26
4060189500,20260915232500,0,31,0,19,2026091523,2026-09-15 23:29:26
4050523500,20260915232500,0,47,0,101,2026091523,2026-09-15 23:29:26
4050439800,20260915232500,0,33,0,7,2026091523,2026-09-15 23:29:26
4050308600,20260915232500,0,56,0,14,2026091523,2026-09-15 23:29:26
4050041802,20260915232500,0,5,0,259,2026091523,2026-09-15 23:29:26
4060458600,20260915232500,0,45,0,86,2026091523,2026-09-15 23:29:26
4050041801,20260915232500,0,9,0,82,2026091523,2026-09-15 23:29:26
4060411100,20260915232500,0,66,0,33,2026091523,2026-09-15 23:29:26
4050262000,20260915232500,0,35,0,9,2026091523,2026-09-15 23:29:26
4050047100,20260915232500,0,23,0,91,2026091523,2026-09-15 23:29:26
4060191800,20260915232500,0,47,0,59,2026091523,2026-09-15 23:29:26
4060060600,20260915232500,0,31,0,3,2026091523,2026-09-15 23:29:26
4060197100,20260915232500,0,35,0,10,2026091523,2026-09-15 23:29:26
4050310900,20260915232500,0,35,0,31,2026091523,2026-09-15 23:29:26
4050578600,20260915232500,0,28,0,24,2026091523,2026-09-15 23:29:26
4050531100,20260915232500,0,10,0,55,2026091523,2026-09-15 23:29:26
4050447400,20260915232500,0,69,0,10,2026091523,2026-09-15 23:29:26
4050316200,20260915232500,0,33,0,6,2026091523,2026-09-15 23:29:26
4060114802,20260915232500,0,26,0,25,2026091523,2026-09-15 23:29:26
4060114801,20260915232500,0,27,0,28,2026091523,2026-09-15 23:29:26
4060466200,20260915232500,0,60,0,241,2026091523,2026-09-15 23:29:26
4050096900,20260915232500,0,20,0,69,2026091523,2026-09-15 23:29:26
4060335000,20260915232500,0,44,0,147,2026091523,2026-09-15 23:29:26
4050580900,20260915232500,0,66,0,9,2026091523,2026-09-15 23:29:26
4050234800,20260915232500,0,19,0,36,2026091523,2026-09-15 23:29:26
4050103600,20260915232500,0,7,0,54,2026091523,2026-09-15 23:29:26
4060384800,20260915232500,0,45,0,32,2026091523,2026-09-15 23:29:26
4060038704,20260915232500,0,35,0,146,2026091523,2026-09-15 23:29:26
4060038703,20260915232500,0,28,0,17,2026091523,2026-09-15 23:29:26
4060253600,20260915232500,0,45,0,97,2026091523,2026-09-15 23:29:26
4060038701,20260915232500,0,30,0,38,2026091523,2026-09-15 23:29:26
4050503900,20260915232500,0,39,0,9,2026091523,2026-09-15 23:29:26
4050509200,20260915232500,0,32,0,75,2026091523,2026-09-15 23:29:26
4060522700,20260915232500,0,29,0,13,2026091523,2026-09-15 23:29:26
4060307800,20260915232500,0,41,0,76,2026091523,2026-09-15 23:29:26
4050373600,20260915232500,0,43,0,54,2026091523,2026-09-15 23:29:26
4050289900,20260915232500,0,29,0,36,2026091523,2026-09-15 23:29:26
4060528000,20260915232500,0,53,0,56,2026091523,2026-09-15 23:29:26
4050242400,20260915232500,0,32,0,11,2026091523,2026-09-15 23:29:26
4050158700,20260915232500,0,14,0,43,2026091523,2026-09-15 23:29:26
4050111200,20260915232500,0,11,0,33,2026091523,2026-09-15 23:29:26
4060392400,20260915232500,0,45,0,4,2026091523,2026-09-15 23:29:26
4060261200,20260915232500,0,33,0,37,2026091523,2026-09-15 23:29:26
4060177500,20260915232500,0,7,0,246,2026091523,2026-09-15 23:29:26
4060130000,20260915232500,0,25,0,13,2026091523,2026-09-15 23:29:26
4060046300,20260915232500,0,19,0,6,2026091523,2026-09-15 23:29:26
4050511500,20260915232500,0,38,0,14,2026091523,2026-09-15 23:29:26
4060530300,20260915232500,0,38,0,235,2026091523,2026-09-15 23:29:26
4060446600,20260915232500,0,29,0,12,2026091523,2026-09-15 23:29:26
4060315400,20260915232500,0,44,0,23,2026091523,2026-09-15 23:29:26
4050381200,20260915232500,0,36,0,48,2026091523,2026-09-15 23:29:26
4050297500,20260915232500,0,29,0,21,2026091523,2026-09-15 23:29:26
4050250000,20260915232500,0,25,0,26,2026091523,2026-09-15 23:29:26
4050035100,20260915232500,0,18,0,15,2026091523,2026-09-15 23:29:26
4060185100,20260915232500,0,41,0,58,2026091523,2026-09-15 23:29:26
4050566600,20260915232500,0,58,0,37,2026091523,2026-09-15 23:29:26
4050304200,20260915232500,0,55,0,2,2026091523,2026-09-15 23:29:26
4060102800,20260915232500,0,41,0,54,2026091523,2026-09-15 23:29:26
4060454200,20260915232500,0,6,0,76,2026091523,2026-09-15 23:29:26
4050084900,20260915232500,0,21,0,66,2026091523,2026-09-15 23:29:26
4060323000,20260915232500,0,13,0,22,2026091523,2026-09-15 23:29:26
4060239300,20260915232500,0,36,0,16,2026091523,2026-09-15 23:29:26
4060108100,20260915232500,0,14,0,11,2026091523,2026-09-15 23:29:26
4050222800,20260915232500,0,33,0,42,2026091523,2026-09-15 23:29:26
4050443000,20260915232500,0,24,0,11,2026091523,2026-09-15 23:29:26
4050359300,20260915232500,0,50,0,105,2026091523,2026-09-15 23:29:26
4060372800,20260915232500,0,10,0,30,2026091523,2026-09-15 23:29:26
4060026704,20260915232500,0,27,0,50,2026091523,2026-09-15 23:29:26
4060026703,20260915232500,0,30,0,37,2026091523,2026-09-15 23:29:26
4060241600,20260915232500,0,53,0,16,2026091523,2026-09-15 23:29:26
4060026702,20260915232500,0,9,0,22,2026091523,2026-09-15 23:29:26
4060110400,20260915232500,0,29,0,13,2026091523,2026-09-15 23:29:26
4060378100,20260915232500,0,33,0,40,2026091523,2026-09-15 23:29:26
4060510700,20260915232500,0,39,0,20,2026091523,2026-09-15 23:29:26
4050361600,20260915232500,0,38,0,6,2026091523,2026-09-15 23:29:26
4050277900,20260915232500,0,51,0,17,2026091523,2026-09-15 23:29:26
4050230400,20260915232500,0,19,0,47,2026091523,2026-09-15 23:29:26
4050498100,20260915232500,0,38,0,48,2026091523,2026-09-15 23:29:26
4060296700,20260915232500,0,36,0,2,2026091523,2026-09-15 23:29:26
4060034300,20260915232500,0,34,0,4,2026091523,2026-09-15 23:29:26
4060303400,20260915232500,0,58,0,39,2026091523,2026-09-15 23:29:26
4060219700,20260915232500,0,38,0,63,2026091523,2026-09-15 23:29:26
4050285500,20260915232500,0,32,0,198,2026091523,2026-09-15 23:29:26
4050154300,20260915232500,0,22,0,38,2026091523,2026-09-15 23:29:26
4060089402,20260915232500,0,45,0,84,2026091523,2026-09-15 23:29:26
4060089401,20260915232500,0,42,0,10,2026091523,2026-09-15 23:29:26
4050423400,20260915232500,0,29,0,12,2026091523,2026-09-15 23:29:26
4050339700,20260915232500,0,10,0,36,2026091523,2026-09-15 23:29:26
4050208500,20260915232500,0,39,0,24,2026091523,2026-09-15 23:29:26
4060489700,20260915232500,0,38,0,13,2026091523,2026-09-15 23:29:26
4060442200,20260915232500,0,39,0,22,2026091523,2026-09-15 23:29:26
4050072900,20260915232500,0,20,0,54,2026091523,2026-09-15 23:29:26
4060311000,20260915232500,0,29,0,71,2026091523,2026-09-15 23:29:26
4060227300,20260915232500,0,30,0,12,2026091523,2026-09-15 23:29:26
4050293100,20260915232500,0,23,0,41,2026091523,2026-09-15 23:29:26
4050078200,20260915232500,0,6,0,34,2026091523,2026-09-15 23:29:26
4060091700,20260915232500,0,36,0,58,2026091523,2026-09-15 23:29:26
4060097000,20260915232500,0,31,0,5,2026091523,2026-09-15 23:29:26
4050210800,20260915232500,0,29,0,18,2026091523,2026-09-15 23:29:26
4050562200,20260915232500,0,46,0,94,2026091523,2026-09-15 23:29:26
4050347300,20260915232500,0,48,0,20,2026091523,2026-09-15 23:29:26
4060360800,20260915232500,0,16,0,21,2026091523,2026-09-15 23:29:26
4060366100,20260915232500,0,33,0,13,2026091523,2026-09-15 23:29:26
4050080500,20260915232500,0,31,0,6,2026091523,2026-09-15 23:29:26
4050265900,20260915232500,0,23,0,10,2026091523,2026-09-15 23:29:26
4060504000,20260915232500,0,44,0,86,2026091523,2026-09-15 23:29:26
4050134700,20260915232500,0,30,0,11,2026091523,2026-09-15 23:29:26
4050486100,20260915232500,0,5,0,70,2026091523,2026-09-15 23:29:26
4060069800,20260915232500,0,8,0,24,2026091523,2026-09-15 23:29:26
4050403800,20260915232500,0,47,0,15,2026091523,2026-09-15 23:29:26
4050409100,20260915232500,0,48,0,23,2026091523,2026-09-15 23:29:26
4060422600,20260915232500,0,23,0,13,2026091523,2026-09-15 23:29:26
4060207700,20260915232500,0,57,0,4,2026091523,2026-09-15 23:29:26
4050273500,20260915232500,0,32,0,10,2026091523,2026-09-15 23:29:26
4050189800,20260915232500,0,23,0,20,2026091523,2026-09-15 23:29:26
4060077402,20260915232500,0,18,0,9,2026091523,2026-09-15 23:29:26
4060077401,20260915232500,0,16,0,45,2026091523,2026-09-15 23:29:26
4050411400,20260915232500,0,19,0,9,2026091523,2026-09-15 23:29:26
4050327700,20260915232500,0,29,0,9,2026091523,2026-09-15 23:29:26
4060430200,20260915232500,0,32,0,10,2026091523,2026-09-15 23:29:26
4060215300,20260915232500,0,28,0,71,2026091523,2026-09-15 23:29:26
4050066202,20260915232500,0,8,0,29,2026091523,2026-09-15 23:29:26
4050197400,20260915232500,0,25,0,10,2026091523,2026-09-15 23:29:26
4050066201,20260915232500,0,19,0,42,2026091523,2026-09-15 23:29:26
4060085000,20260915232500,0,34,0,5,2026091523,2026-09-15 23:29:26
4050597700,20260915232500,0,30,0,26,2026091523,2026-09-15 23:29:26
4050550200,20260915232500,0,58,0,149,2026091523,2026-09-15 23:29:26
4050335300,20260915232500,0,48,0,28,2026091523,2026-09-15 23:29:26
4060010316,20260915232500,0,62,0,9,2026091523,2026-09-15 23:29:26
4060485300,20260915232500,0,37,0,61,2026091523,2026-09-15 23:29:26
4060354100,20260915232500,0,17,0,85,2026091523,2026-09-15 23:29:26
4060139200,20260915232500,0,37,0,52,2026091523,2026-09-15 23:29:26
4050604400,20260915232500,0,25,0,23,2026091523,2026-09-15 23:29:26
4050253900,20260915232500,0,33,0,12,2026091523,2026-09-15 23:29:26
4060408300,20260915232500,0,50,0,69,2026091523,2026-09-15 23:29:26
4060141506,20260915232500,0,17,0,72,2026091523,2026-09-15 23:29:26
4060141505,20260915232500,0,31,0,27,2026091523,2026-09-15 23:29:26
4050259200,20260915232500,0,27,0,21,2026091523,2026-09-15 23:29:26
4060141504,20260915232500,0,7,0,60,2026091523,2026-09-15 23:29:26
4050128000,20260915232500,0,22,0,62,2026091523,2026-09-15 23:29:26
4060141502,20260915232500,0,5,0,200,2026091523,2026-09-15 23:29:26
4060272700,20260915232500,0,44,0,19,2026091523,2026-09-15 23:29:26
4050612000,20260915232500,0,35,0,56,2026091523,2026-09-15 23:29:26
4050528300,20260915232500,0,52,0,2,2026091523,2026-09-15 23:29:26
4060410600,20260915232500,0,52,0,35,2026091523,2026-09-15 23:29:26
4060326900,20260915232500,0,47,0,5,2026091523,2026-09-15 23:29:26
4050392700,20260915232500,0,20,0,9,2026091523,2026-09-15 23:29:26
4050261500,20260915232500,0,21,0,19,2026091523,2026-09-15 23:29:26
4050130300,20260915232500,0,10,0,50,2026091523,2026-09-15 23:29:26
4050398000,20260915232500,0,12,0,69,2026091523,2026-09-15 23:29:26
4060196600,20260915232500,0,6,0,276,2026091523,2026-09-15 23:29:26
4060065400,20260915232500,0,8,0,44,2026091523,2026-09-15 23:29:26
4050530600,20260915232500,0,38,0,16,2026091523,2026-09-15 23:29:26
4050446900,20260915232500,0,28,0,475,2026091523,2026-09-15 23:29:26
4050315700,20260915232500,0,29,0,46,2026091523,2026-09-15 23:29:26
4060465700,20260915232500,0,49,0,7,2026091523,2026-09-15 23:29:26
4060334500,20260915232500,0,38,0,235,2026091523,2026-09-15 23:29:26
4060203300,20260915232500,0,30,0,9,2026091523,2026-09-15 23:29:26
4060119600,20260915232500,0,38,0,10,2026091523,2026-09-15 23:29:26
4050185400,20260915232500,0,4,0,70,2026091523,2026-09-15 23:29:26
4050054201,20260915232500,0,37,0,77,2026091523,2026-09-15 23:29:26
4060073000,20260915232500,0,18,0,27,2026091523,2026-09-15 23:29:26
4060519900,20260915232500,0,75,0,1,2026091523,2026-09-15 23:29:26
4050585700,20260915232500,0,28,0,10,2026091523,2026-09-15 23:29:26
4050454500,20260915232500,0,28,0,13,2026091523,2026-09-15 23:29:26
4050323300,20260915232500,0,28,0,15,2026091523,2026-09-15 23:29:26
4050239600,20260915232500,0,30,0,16,2026091523,2026-09-15 23:29:26
4050108400,20260915232500,0,34,0,26,2026091523,2026-09-15 23:29:26
4060121900,20260915232500,0,37,0,15,2026091523,2026-09-15 23:29:26
4060473300,20260915232500,0,29,0,3,2026091523,2026-09-15 23:29:26
4060342100,20260915232500,0,49,0,70,2026091523,2026-09-15 23:29:26
4060258400,20260915232500,0,46,0,9,2026091523,2026-09-15 23:29:26
4060127200,20260915232500,0,23,0,15,2026091523,2026-09-15 23:29:26
4060527500,20260915232500,0,30,0,40,2026091523,2026-09-15 23:29:26
4050241900,20260915232500,0,23,0,14,2026091523,2026-09-15 23:29:26
4050593300,20260915232500,0,45,0,207,2026091523,2026-09-15 23:29:26
4050110700,20260915232500,0,11,0,40,2026091523,2026-09-15 23:29:26
4050462100,20260915232500,0,44,0,14,2026091523,2026-09-15 23:29:26
4050247200,20260915232500,0,44,0,12,2026091523,2026-09-15 23:29:26
4060391900,20260915232500,0,39,0,25,2026091523,2026-09-15 23:29:26
4060260700,20260915232500,0,48,0,15,2026091523,2026-09-15 23:29:26
4060266000,20260915232500,0,57,0,51,2026091523,2026-09-15 23:29:26
4060314900,20260915232500,0,7,0,34,2026091523,2026-09-15 23:29:26
4050380700,20260915232500,0,33,0,200,2026091523,2026-09-15 23:29:26
4060535101,20260915232500,0,39,0,18,2026091523,2026-09-15 23:29:26
4060184600,20260915232500,0,41,0,27,2026091523,2026-09-15 23:29:26
4050303700,20260915232500,0,10,0,48,2026091523,2026-09-15 23:29:26
4050309000,20260915232500,0,40,0,13,2026091523,2026-09-15 23:29:26
4060322500,20260915232500,0,34,0,6,2026091523,2026-09-15 23:29:26
4060238800,20260915232500,0,45,0,36,2026091523,2026-09-15 23:29:26
4060107600,20260915232500,0,16,0,12,2026091523,2026-09-15 23:29:26
4060459000,20260915232500,0,36,0,57,2026091523,2026-09-15 23:29:26
4050173400,20260915232500,0,7,0,67,2026091523,2026-09-15 23:29:26
4050042200,20260915232500,0,24,0,113,2026091523,2026-09-15 23:29:26
4060192200,20260915232500,0,52,0,10,2026091523,2026-09-15 23:29:26
4060507900,20260915232500,0,50,0,139,2026091523,2026-09-15 23:29:26
4050573700,20260915232500,0,15,0,256,2026091523,2026-09-15 23:29:26
4050442500,20260915232500,0,55,0,7,2026091523,2026-09-15 23:29:26
4050358800,20260915232500,0,52,0,3,2026091523,2026-09-15 23:29:26
4050311300,20260915232500,0,35,0,23,2026091523,2026-09-15 23:29:26
4050579000,20260915232500,0,36,0,244,2026091523,2026-09-15 23:29:26
4060377600,20260915232500,0,29,0,8,2026091523,2026-09-15 23:29:26
4060330100,20260915232500,0,44,0,4,2026091523,2026-09-15 23:29:26
4060246400,20260915232500,0,56,0,5,2026091523,2026-09-15 23:29:26
4060115200,20260915232500,0,34,0,13,2026091523,2026-09-15 23:29:26
4050181000,20260915232500,0,38,0,252,2026091523,2026-09-15 23:29:26
4050097300,20260915232500,0,18,0,23,2026091523,2026-09-15 23:29:26
4060515500,20260915232500,0,27,0,21,2026091523,2026-09-15 23:29:26
4050581300,20260915232500,0,52,0,36,2026091523,2026-09-15 23:29:26
4050497600,20260915232500,0,35,0,79,2026091523,2026-09-15 23:29:26
4050450100,20260915232500,0,28,0,36,2026091523,2026-09-15 23:29:26
4050235200,20260915232500,0,12,0,9,2026091523,2026-09-15 23:29:26
4050104000,20260915232500,0,15,0,26,2026091523,2026-09-15 23:29:26
4060385200,20260915232500,0,29,0,56,2026091523,2026-09-15 23:29:26
4060254000,20260915232500,0,47,0,29,2026091523,2026-09-15 23:29:26
4060039100,20260915232500,0,33,0,32,2026091523,2026-09-15 23:29:26
4050504300,20260915232500,0,9,0,89,2026091523,2026-09-15 23:29:26
4060302900,20260915232500,0,39,0,332,2026091523,2026-09-15 23:29:26
4060523100,20260915232500,0,31,0,7,2026091523,2026-09-15 23:29:26
4050153800,20260915232500,0,17,0,34,2026091523,2026-09-15 23:29:26
4060308200,20260915232500,0,33,0,171,2026091523,2026-09-15 23:29:26
4050159100,20260915232500,0,20,0,29,2026091523,2026-09-15 23:29:26
4060088900,20260915232500,0,41,0,91,2026091523,2026-09-15 23:29:26
4050422900,20260915232500,0,37,0,32,2026091523,2026-09-15 23:29:26
4050559400,20260915232500,0,50,0,190,2026091523,2026-09-15 23:29:26
4050428200,20260915232500,0,41,0,72,2026091523,2026-09-15 23:29:26
4060310500,20260915232500,0,26,0,76,2026091523,2026-09-15 23:29:26
4060226800,20260915232500,0,22,0,82,2026091523,2026-09-15 23:29:26
4050292600,20260915232500,0,21,0,34,2026091523,2026-09-15 23:29:26
4060447000,20260915232500,0,35,0,164,2026091523,2026-09-15 23:29:26
4050077700,20260915232500,0,13,0,7,2026091523,2026-09-15 23:29:26
4060180200,20260915232500,0,35,0,52,2026091523,2026-09-15 23:29:26
4060096500,20260915232500,0,27,0,20,2026091523,2026-09-15 23:29:26
4050223212,20260915232500,0,20,0,27,2026091523,2026-09-15 23:29:26
4050430500,20260915232500,0,22,0,184,2026091523,2026-09-15 23:29:26
4050223211,20260915232500,0,46,0,10,2026091523,2026-09-15 23:29:26
4050346800,20260915232500,0,17,0,30,2026091523,2026-09-15 23:29:26
4050567000,20260915232500,0,35,0,45,2026091523,2026-09-15 23:29:26
4060496800,20260915232500,0,28,0,21,2026091523,2026-09-15 23:29:26
4060365600,20260915232500,0,60,0,18,2026091523,2026-09-15 23:29:26
4060103202,20260915232500,0,30,0,41,2026091523,2026-09-15 23:29:26
4060234400,20260915232500,0,45,0,26,2026091523,2026-09-15 23:29:26
4060103201,20260915232500,0,43,0,99,2026091523,2026-09-15 23:29:26
4050615901,20260915232500,0,36,0,80,2026091523,2026-09-15 23:29:26
4050085300,20260915232500,0,8,0,26,2026091523,2026-09-15 23:29:26
4050223209,20260915232500,0,36,0,18,2026091523,2026-09-15 23:29:26
4050223207,20260915232500,0,11,0,58,2026091523,2026-09-15 23:29:26
4060419800,20260915232500,0,31,0,33,2026091523,2026-09-15 23:29:26
4050223205,20260915232500,0,42,0,56,2026091523,2026-09-15 23:29:26
4050223204,20260915232500,0,24,0,98,2026091523,2026-09-15 23:29:26
4050485600,20260915232500,0,23,0,45,2026091523,2026-09-15 23:29:26
4050223203,20260915232500,0,60,0,31,2026091523,2026-09-15 23:29:26
4050354400,20260915232500,0,45,0,10,2026091523,2026-09-15 23:29:26
4050139500,20260915232500,0,23,0,17,2026091523,2026-09-15 23:29:26
4060242000,20260915232500,0,32,0,32,2026091523,2026-09-15 23:29:26
4060027100,20260915232500,0,9,0,47,2026091523,2026-09-15 23:29:26
4050408600,20260915232500,0,42,0,207,2026091523,2026-09-15 23:29:26
4060511100,20260915232500,0,8,0,110,2026091523,2026-09-15 23:29:26
4050141800,20260915232500,0,15,0,131,2026091523,2026-09-15 23:29:26
4050362000,20260915232500,0,51,0,4,2026091523,2026-09-15 23:29:26
4050278300,20260915232500,0,35,0,83,2026091523,2026-09-15 23:29:26
4050147100,20260915232500,0,9,0,52,2026091523,2026-09-15 23:29:26
4060076900,20260915232500,0,29,0,6,2026091523,2026-09-15 23:29:26
4050410900,20260915232500,0,55,0,56,2026091523,2026-09-15 23:29:26
4050416200,20260915232500,0,26,0,30,2026091523,2026-09-15 23:29:26
4060214800,20260915232500,0,46,0,14,2026091523,2026-09-15 23:29:26
4050280600,20260915232500,0,30,0,61,2026091523,2026-09-15 23:29:26
4060435000,20260915232500,0,35,0,87,2026091523,2026-09-15 23:29:26
4050065700,20260915232500,0,17,0,62,2026091523,2026-09-15 23:29:26
4060084500,20260915232500,0,14,0,11,2026091523,2026-09-15 23:29:26
4050334800,20260915232500,0,53,0,16,2026091523,2026-09-15 23:29:26
4050203600,20260915232500,0,25,0,20,2026091523,2026-09-15 23:29:26
4050119900,20260915232500,0,9,0,123,2026091523,2026-09-15 23:29:26
4060353600,20260915232500,0,12,0,46,2026091523,2026-09-15 23:29:26
4060269900,20260915232500,0,43,0,4,2026091523,2026-09-15 23:29:26
4060222400,20260915232500,0,30,0,85,2026091523,2026-09-15 23:29:26
4060138700,20260915232500,0,12,0,197,2026091523,2026-09-15 23:29:26
4050073300,20260915232500,0,3,0,151,2026091523,2026-09-15 23:29:26
4050603900,20260915232500,0,33,0,76,2026091523,2026-09-15 23:29:26
4060092100,20260915232500,0,12,0,50,2026091523,2026-09-15 23:29:26
4060407800,20260915232500,0,33,0,191,2026091523,2026-09-15 23:29:26
4050473600,20260915232500,0,15,0,54,2026091523,2026-09-15 23:29:26
4050342400,20260915232500,0,53,0,20,2026091523,2026-09-15 23:29:26
4050258700,20260915232500,0,33,0,3,2026091523,2026-09-15 23:29:26
4050211200,20260915232500,0,28,0,18,2026091523,2026-09-15 23:29:26
4060492400,20260915232500,0,42,0,4,2026091523,2026-09-15 23:29:26
4060361200,20260915232500,0,30,0,9,2026091523,2026-09-15 23:29:26
4060230000,20260915232500,0,14,0,76,2026091523,2026-09-15 23:29:26
4060415400,20260915232500,0,41,0,57,2026091523,2026-09-15 23:29:26
4050481200,20260915232500,0,36,0,193,2026091523,2026-09-15 23:29:26
4050397500,20260915232500,0,38,0,48,2026091523,2026-09-15 23:29:26
4050350000,20260915232500,0,38,0,26,2026091523,2026-09-15 23:29:26
4050266300,20260915232500,0,22,0,16,2026091523,2026-09-15 23:29:26
4050135100,20260915232500,0,20,0,55,2026091523,2026-09-15 23:29:26
4050535400,20260915232500,0,6,0,37,2026091523,2026-09-15 23:29:26
4050404200,20260915232500,0,50,0,83,2026091523,2026-09-15 23:29:26
4060202800,20260915232500,0,29,0,4,2026091523,2026-09-15 23:29:26
4050184900,20260915232500,0,26,0,17,2026091523,2026-09-15 23:29:26
4060339300,20260915232500,0,53,0,15,2026091523,2026-09-15 23:29:26
4060208100,20260915232500,0,62,0,2,2026091523,2026-09-15 23:29:26
4050059000,20260915232500,0,7,0,36,2026091523,2026-09-15 23:29:26
4050322800,20260915232500,0,12,0,89,2026091523,2026-09-15 23:29:26
4050459300,20260915232500,0,43,0,28,2026091523,2026-09-15 23:29:26
4050328100,20260915232500,0,32,0,17,2026091523,2026-09-15 23:29:26
4060257900,20260915232500,0,50,0,10,2026091523,2026-09-15 23:29:26
4060210400,20260915232500,0,46,0,53,2026091523,2026-09-15 23:29:26
4060478100,20260915232500,0,10,0,2145,2026091523,2026-09-15 23:29:26
4050192500,20260915232500,0,16,0,63,2026091523,2026-09-15 23:29:26
4060080100,20260915232500,0,18,0,22,2026091523,2026-09-15 23:29:26
4050592800,20260915232500,0,23,0,45,2026091523,2026-09-15 23:29:26
4050461600,20260915232500,0,32,0,32,2026091523,2026-09-15 23:29:26
4050330400,20260915232500,0,41,0,19,2026091523,2026-09-15 23:29:26
4050246700,20260915232500,0,35,0,20,2026091523,2026-09-15 23:29:26
4050598100,20260915232500,0,6,0,152,2026091523,2026-09-15 23:29:26
4060480400,20260915232500,0,36,0,19,2026091523,2026-09-15 23:29:26
4060396700,20260915232500,0,40,0,13,2026091523,2026-09-15 23:29:26
4060265500,20260915232500,0,54,0,6,2026091523,2026-09-15 23:29:26
4060134300,20260915232500,0,2,0,502,2026091523,2026-09-15 23:29:26
4050515800,20260915232500,0,29,0,279,2026091523,2026-09-15 23:29:26
4060534601,20260915232500,0,26,0,14,2026091523,2026-09-15 23:29:26
4060403400,20260915232500,0,47,0,88,2026091523,2026-09-15 23:29:26
4050385500,20260915232500,0,43,0,34,2026091523,2026-09-15 23:29:26
4050254300,20260915232500,0,41,0,183,2026091523,2026-09-15 23:29:26
4050039400,20260915232500,0,37,0,4,2026091523,2026-09-15 23:29:26
4060273100,20260915232500,0,56,0,10,2026091523,2026-09-15 23:29:26
4060189400,20260915232500,0,41,0,14,2026091523,2026-09-15 23:29:26
4050523400,20260915232500,0,51,0,93,2026091523,2026-09-15 23:29:26
4050439700,20260915232500,0,13,0,20,2026091523,2026-09-15 23:29:26
4050308500,20260915232500,0,16,0,35,2026091523,2026-09-15 23:29:26
4050041702,20260915232500,0,10,0,74,2026091523,2026-09-15 23:29:26
4060458500,20260915232500,0,43,0,92,2026091523,2026-09-15 23:29:26
4050172900,20260915232500,0,27,0,51,2026091523,2026-09-15 23:29:26
4050041701,20260915232500,0,23,0,54,2026091523,2026-09-15 23:29:26
4050393100,20260915232500,0,63,0,157,2026091523,2026-09-15 23:29:26
4050047000,20260915232500,0,72,0,32,2026091523,2026-09-15 23:29:26
4060191700,20260915232500,0,44,0,210,2026091523,2026-09-15 23:29:26
4060060500,20260915232500,0,14,0,8,2026091523,2026-09-15 23:29:26
4060197000,20260915232500,0,33,0,11,2026091523,2026-09-15 23:29:26
4050310800,20260915232500,0,34,0,32,2026091523,2026-09-15 23:29:26
4050578500,20260915232500,0,19,0,33,2026091523,2026-09-15 23:29:26
4050531000,20260915232500,0,35,0,15,2026091523,2026-09-15 23:29:26
4050447300,20260915232500,0,22,0,2,2026091523,2026-09-15 23:29:26
4050316100,20260915232500,0,20,0,21,2026091523,2026-09-15 23:29:26
4060460800,20260915232500,0,41,0,11,2026091523,2026-09-15 23:29:26
4060245900,20260915232500,0,49,0,24,2026091523,2026-09-15 23:29:26
4060114700,20260915232500,0,26,0,45,2026091523,2026-09-15 23:29:26
4060466100,20260915232500,0,67,0,216,2026091523,2026-09-15 23:29:26
4050580800,20260915232500,0,37,0,16,2026091523,2026-09-15 23:29:26
4050365900,20260915232500,0,46,0,69,2026091523,2026-09-15 23:29:26
4050234700,20260915232500,0,19,0,13,2026091523,2026-09-15 23:29:26
4050103500,20260915232500,0,9,0,44,2026091523,2026-09-15 23:29:26
4060038604,20260915232500,0,27,0,18,2026091523,2026-09-15 23:29:26
4060038603,20260915232500,0,34,0,151,2026091523,2026-09-15 23:29:26
4060253500,20260915232500,0,43,0,11,2026091523,2026-09-15 23:29:26
4060038602,20260915232500,0,32,0,36,2026091523,2026-09-15 23:29:26
4060122300,20260915232500,0,53,0,183,2026091523,2026-09-15 23:29:26
4050503800,20260915232500,0,9,0,45,2026091523,2026-09-15 23:29:26
4060522600,20260915232500,0,47,0,12,2026091523,2026-09-15 23:29:26
4060307700,20260915232500,0,32,0,98,2026091523,2026-09-15 23:29:26
4050289800,20260915232500,0,33,0,31,2026091523,2026-09-15 23:29:26
4050242300,20260915232500,0,26,0,11,2026091523,2026-09-15 23:29:26
4050111100,20260915232500,0,14,0,26,2026091523,2026-09-15 23:29:26
4060261100,20260915232500,0,48,0,52,2026091523,2026-09-15 23:29:26
4060177400,20260915232500,0,10,0,171,2026091523,2026-09-15 23:29:26
4060046200,20260915232500,0,15,0,8,2026091523,2026-09-15 23:29:26
4050558900,20260915232500,0,49,0,189,2026091523,2026-09-15 23:29:26
4050511400,20260915232500,0,27,0,20,2026091523,2026-09-15 23:29:26
4050427700,20260915232500,0,31,0,43,2026091523,2026-09-15 23:29:26
4060530200,20260915232500,0,31,0,6,2026091523,2026-09-15 23:29:26
4060446500,20260915232500,0,25,0,15,2026091523,2026-09-15 23:29:26
4050160900,20260915232500,0,11,0,24,2026091523,2026-09-15 23:29:26
4060315300,20260915232500,0,44,0,24,2026091523,2026-09-15 23:29:26
4050381100,20260915232500,0,51,0,53,2026091523,2026-09-15 23:29:26
4050297400,20260915232500,0,30,0,20,2026091523,2026-09-15 23:29:26
4050035000,20260915232500,0,39,0,48,2026091523,2026-09-15 23:29:26
4060185000,20260915232500,0,37,0,64,2026091523,2026-09-15 23:29:26
4050435300,20260915232500,0,26,0,77,2026091523,2026-09-15 23:29:26
4050304100,20260915232500,0,33,0,12,2026091523,2026-09-15 23:29:26
4060233900,20260915232500,0,36,0,16,2026091523,2026-09-15 23:29:26
4060102700,20260915232500,0,39,0,34,2026091523,2026-09-15 23:29:26
4060454100,20260915232500,0,35,0,12,2026091523,2026-09-15 23:29:26
4060239200,20260915232500,0,47,0,14,2026091523,2026-09-15 23:29:26
4060108000,20260915232500,0,24,0,18,2026091523,2026-09-15 23:29:26
4050353900,20260915232500,0,46,0,239,2026091523,2026-09-15 23:29:26
4050222700,20260915232500,0,38,0,38,2026091523,2026-09-15 23:29:26
4050574100,20260915232500,0,7,0,87,2026091523,2026-09-15 23:29:26
4050359200,20260915232500,0,49,0,107,2026091523,2026-09-15 23:29:26
4060241500,20260915232500,0,37,0,10,2026091523,2026-09-15 23:29:26
4060110300,20260915232500,0,34,0,10,2026091523,2026-09-15 23:29:26
4060026600,20260915232500,0,28,0,14,2026091523,2026-09-15 23:29:26
4060378000,20260915232500,0,34,0,38,2026091523,2026-09-15 23:29:26
4050092400,20260915232500,0,22,0,49,2026091523,2026-09-15 23:29:26
4060510600,20260915232500,0,9,0,193,2026091523,2026-09-15 23:29:26
4050492700,20260915232500,0,26,0,96,2026091523,2026-09-15 23:29:26
4050361500,20260915232500,0,53,0,6,2026091523,2026-09-15 23:29:26
4050277800,20260915232500,0,54,0,16,2026091523,2026-09-15 23:29:26
4050230300,20260915232500,0,20,0,39,2026091523,2026-09-15 23:29:26
4050498000,20260915232500,0,40,0,107,2026091523,2026-09-15 23:29:26
4060380300,20260915232500,0,39,0,30,2026091523,2026-09-15 23:29:26
4060296600,20260915232500,0,40,0,2,2026091523,2026-09-15 23:29:26
4060034200,20260915232500,0,23,0,6,2026091523,2026-09-15 23:29:26
4050546900,20260915232500,0,32,0,42,2026091523,2026-09-15 23:29:26
4050415700,20260915232500,0,39,0,30,2026091523,2026-09-15 23:29:26
4060303300,20260915232500,0,42,0,53,2026091523,2026-09-15 23:29:26
4060219600,20260915232500,0,42,0,57,2026091523,2026-09-15 23:29:26
4050285400,20260915232500,0,44,0,143,2026091523,2026-09-15 23:29:26
4060089302,20260915232500,0,36,0,12,2026091523,2026-09-15 23:29:26
4060089301,20260915232500,0,48,0,79,2026091523,2026-09-15 23:29:26
4050554500,20260915232500,0,34,0,39,2026091523,2026-09-15 23:29:26
4050208402,20260915232500,0,27,0,67,2026091523,2026-09-15 23:29:26
4050339600,20260915232500,0,17,0,21,2026091523,2026-09-15 23:29:26
4050208401,20260915232500,0,27,0,32,2026091523,2026-09-15 23:29:26
4060221900,20260915232500,0,40,0,12,2026091523,2026-09-15 23:29:26
4060358400,20260915232500,0,29,0,14,2026091523,2026-09-15 23:29:26
4050072800,20260915232500,0,23,0,36,2026091523,2026-09-15 23:29:26
4060227200,20260915232500,0,30,0,12,2026091523,2026-09-15 23:29:26
4050293000,20260915232500,0,26,0,39,2026091523,2026-09-15 23:29:26
4050078100,20260915232500,0,34,0,6,2026091523,2026-09-15 23:29:26
4060091600,20260915232500,0,23,0,10,2026091523,2026-09-15 23:29:26
4050341900,20260915232500,0,39,0,11,2026091523,2026-09-15 23:29:26
4050210700,20260915232500,0,37,0,16,2026091523,2026-09-15 23:29:26
4050347200,20260915232500,0,50,0,17,2026091523,2026-09-15 23:29:26
4060491900,20260915232500,0,32,0,6,2026091523,2026-09-15 23:29:26
4060360700,20260915232500,0,16,0,21,2026091523,2026-09-15 23:29:26
4060497200,20260915232500,0,31,0,9,2026091523,2026-09-15 23:29:26
4060366000,20260915232500,0,27,0,21,2026091523,2026-09-15 23:29:26
4050080400,20260915232500,0,21,0,13,2026091523,2026-09-15 23:29:26
4050616301,20260915232500,0,30,0,30,2026091523,2026-09-15 23:29:26
4060414900,20260915232500,0,44,0,56,2026091523,2026-09-15 23:29:26
4050480700,20260915232500,0,33,0,348,2026091523,2026-09-15 23:29:26
4050265800,20260915232500,0,6,0,42,2026091523,2026-09-15 23:29:26
4050486000,20260915232500,0,9,0,42,2026091523,2026-09-15 23:29:26
4060069700,20260915232500,0,20,0,21,2026091523,2026-09-15 23:29:26
4050534900,20260915232500,0,37,0,83,2026091523,2026-09-15 23:29:26
4050403700,20260915232500,0,33,0,55,2026091523,2026-09-15 23:29:26
4050409000,20260915232500,0,53,0,20,2026091523,2026-09-15 23:29:26
4060207600,20260915232500,0,33,0,8,2026091523,2026-09-15 23:29:26
4050273400,20260915232500,0,24,0,14,2026091523,2026-09-15 23:29:26
4050189700,20260915232500,0,29,0,16,2026091523,2026-09-15 23:29:26
4050142200,20260915232500,0,20,0,12,2026091523,2026-09-15 23:29:26
4060077302,20260915232500,0,18,0,40,2026091523,2026-09-15 23:29:26
4060077301,20260915232500,0,18,0,10,2026091523,2026-09-15 23:29:26
4050542500,20260915232500,0,19,0,65,2026091523,2026-09-15 23:29:26
4050411300,20260915232500,0,46,0,20,2026091523,2026-09-15 23:29:26
4050327600,20260915232500,0,31,0,7,2026091523,2026-09-15 23:29:26
4060477600,20260915232500,0,51,0,102,2026091523,2026-09-15 23:29:26
4060430100,20260915232500,0,31,0,10,2026091523,2026-09-15 23:29:26
4050060800,20260915232500,0,12,0,25,2026091523,2026-09-15 23:29:26
4060215200,20260915232500,0,39,0,51,2026091523,2026-09-15 23:29:26
4050066102,20260915232500,0,16,0,50,2026091523,2026-09-15 23:29:26
4050197300,20260915232500,0,12,0,22,2026091523,2026-09-15 23:29:26
4050066101,20260915232500,0,50,0,4,2026091523,2026-09-15 23:29:26
4050597600,20260915232500,0,12,0,67,2026091523,2026-09-15 23:29:26
4050335200,20260915232500,0,53,0,25,2026091523,2026-09-15 23:29:26
4060133800,20260915232500,0,23,0,32,2026091523,2026-09-15 23:29:26
4060354000,20260915232500,0,18,0,82,2026091523,2026-09-15 23:29:26
4060139100,20260915232500,0,20,0,94,2026091523,2026-09-15 23:29:26
4060402900,20260915232500,0,28,0,5,2026091523,2026-09-15 23:29:26
4050253800,20260915232500,0,38,0,10,2026091523,2026-09-15 23:29:26
4060408200,20260915232500,0,49,0,70,2026091523,2026-09-15 23:29:26
4050122600,20260915232500,0,20,0,76,2026091523,2026-09-15 23:29:26
4050038900,20260915232500,0,41,0,33,2026091523,2026-09-15 23:29:26
4050259100,20260915232500,0,8,0,40,2026091523,2026-09-15 23:29:26
4060141402,20260915232500,0,8,0,55,2026091523,2026-09-15 23:29:26
4060272600,20260915232500,0,38,0,23,2026091523,2026-09-15 23:29:26
4060141401,20260915232500,0,10,0,41,2026091523,2026-09-15 23:29:26
4060188900,20260915232500,0,30,0,5,2026091523,2026-09-15 23:29:26
4050522900,20260915232500,0,10,0,93,2026091523,2026-09-15 23:29:26
4050528200,20260915232500,0,14,0,7,2026091523,2026-09-15 23:29:26
4060410500,20260915232500,0,54,0,27,2026091523,2026-09-15 23:29:26
4060326800,20260915232500,0,34,0,19,2026091523,2026-09-15 23:29:26
4050392600,20260915232500,0,8,0,24,2026091523,2026-09-15 23:29:26
4050261400,20260915232500,0,33,0,13,2026091523,2026-09-15 23:29:26
4050130200,20260915232500,0,14,0,12,2026091523,2026-09-15 23:29:26
4060196500,20260915232500,0,27,0,15,2026091523,2026-09-15 23:29:26
4060065300,20260915232500,0,20,0,26,2026091523,2026-09-15 23:29:26
4050530500,20260915232500,0,46,0,4,2026091523,2026-09-15 23:29:26
4050446800,20260915232500,0,35,0,380,2026091523,2026-09-15 23:29:26
4050315600,20260915232500,0,42,0,31,2026091523,2026-09-15 23:29:26
4060465600,20260915232500,0,49,0,8,2026091523,2026-09-15 23:29:26
4060334400,20260915232500,0,38,0,39,2026091523,2026-09-15 23:29:26
4060203200,20260915232500,0,21,0,13,2026091523,2026-09-15 23:29:26
4060119500,20260915232500,0,40,0,11,2026091523,2026-09-15 23:29:26
4050054102,20260915232500,0,36,0,80,2026091523,2026-09-15 23:29:26
4050185300,20260915232500,0,9,0,31,2026091523,2026-09-15 23:29:26
4060519800,20260915232500,0,26,0,48,2026091523,2026-09-15 23:29:26
4050585600,20260915232500,0,34,0,8,2026091523,2026-09-15 23:29:26
4050454400,20260915232500,0,26,0,14,2026091523,2026-09-15 23:29:26
4050323200,20260915232500,0,29,0,15,2026091523,2026-09-15 23:29:26
4050239500,20260915232500,0,23,0,54,2026091523,2026-09-15 23:29:26
4050108300,20260915232500,0,31,0,28,2026091523,2026-09-15 23:29:26
4060121800,20260915232500,0,22,0,25,2026091523,2026-09-15 23:29:26
4060473200,20260915232500,0,27,0,97,2026091523,2026-09-15 23:29:26
4060389500,20260915232500,0,24,0,47,2026091523,2026-09-15 23:29:26
4060342000,20260915232500,0,47,0,72,2026091523,2026-09-15 23:29:26
4060258300,20260915232500,0,33,0,36,2026091523,2026-09-15 23:29:26
4060127100,20260915232500,0,19,0,18,2026091523,2026-09-15 23:29:26
4050241800,20260915232500,0,36,0,9,2026091523,2026-09-15 23:29:26
4050593200,20260915232500,0,31,0,42,2026091523,2026-09-15 23:29:26
4050110600,20260915232500,0,19,0,22,2026091523,2026-09-15 23:29:26
4050462000,20260915232500,0,38,0,17,2026091523,2026-09-15 23:29:26
4050378300,20260915232500,0,38,0,37,2026091523,2026-09-15 23:29:26
4050247100,20260915232500,0,25,0,54,2026091523,2026-09-15 23:29:26
4060391800,20260915232500,0,25,0,40,2026091523,2026-09-15 23:29:26
4060260600,20260915232500,0,72,0,9,2026091523,2026-09-15 23:29:26
4060176900,20260915232500,0,41,0,9,2026091523,2026-09-15 23:29:26
4060045700,20260915232500,0,35,0,8,2026091523,2026-09-15 23:29:26
4050510900,20260915232500,0,17,0,109,2026091523,2026-09-15 23:29:26
4050380600,20260915232500,0,45,0,145,2026091523,2026-09-15 23:29:26
4060535001,20260915232500,0,11,0,54,2026091523,2026-09-15 23:29:26
4050296900,20260915232500,0,26,0,8,2026091523,2026-09-15 23:29:26
4060184500,20260915232500,0,56,0,26,2026091523,2026-09-15 23:29:26
4050303600,20260915232500,0,11,0,45,2026091523,2026-09-15 23:29:26
4050219900,20260915232500,0,10,0,422,2026091523,2026-09-15 23:29:26
4060453600,20260915232500,0,43,0,101,2026091523,2026-09-15 23:29:26
4060369900,20260915232500,0,18,0,54,2026091523,2026-09-15 23:29:26
4060322400,20260915232500,0,30,0,6,2026091523,2026-09-15 23:29:26
4060238700,20260915232500,0,39,0,135,2026091523,2026-09-15 23:29:26
4060107500,20260915232500,0,10,0,20,2026091523,2026-09-15 23:29:26
4050173300,20260915232500,0,27,0,17,2026091523,2026-09-15 23:29:26
4050089600,20260915232500,0,18,0,77,2026091523,2026-09-15 23:29:26
4050042100,20260915232500,0,22,0,121,2026091523,2026-09-15 23:29:26
4060192100,20260915232500,0,35,0,29,2026091523,2026-09-15 23:29:26
4050573600,20260915232500,0,42,0,91,2026091523,2026-09-15 23:29:26
4050489900,20260915232500,0,29,0,6,2026091523,2026-09-15 23:29:26
4050442400,20260915232500,0,25,0,15,2026091523,2026-09-15 23:29:26
4050358700,20260915232500,0,48,0,9,2026091523,2026-09-15 23:29:26
4050311200,20260915232500,0,7,0,116,2026091523,2026-09-15 23:29:26
4060246300,20260915232500,0,31,0,47,2026091523,2026-09-15 23:29:26
4050097200,20260915232500,0,21,0,28,2026091523,2026-09-15 23:29:26
4050581200,20260915232500,0,24,0,76,2026091523,2026-09-15 23:29:26
4050497500,20260915232500,0,37,0,76,2026091523,2026-09-15 23:29:26
4050450000,20260915232500,0,13,0,79,2026091523,2026-09-15 23:29:26
4050366300,20260915232500,0,48,0,219,2026091523,2026-09-15 23:29:26
4050235100,20260915232500,0,26,0,4,2026091523,2026-09-15 23:29:26
4060033700,20260915232500,0,29,0,48,2026091523,2026-09-15 23:29:26
4060039000,20260915232500,0,21,0,23,2026091523,2026-09-15 23:29:26
4050504200,20260915232500,0,28,0,29,2026091523,2026-09-15 23:29:26
4060302800,20260915232500,0,31,0,152,2026091523,2026-09-15 23:29:26
4050284900,20260915232500,0,27,0,27,2026091523,2026-09-15 23:29:26
4060523000,20260915232500,0,8,0,48,2026091523,2026-09-15 23:29:26
4050153700,20260915232500,0,16,0,36,2026091523,2026-09-15 23:29:26
4060308100,20260915232500,0,43,0,133,2026091523,2026-09-15 23:29:26
4050159000,20260915232500,0,22,0,21,2026091523,2026-09-15 23:29:26
4050422800,20260915232500,0,33,0,36,2026091523,2026-09-15 23:29:26
4050207900,20260915232500,0,25,0,16,2026091523,2026-09-15 23:29:26
4050559300,20260915232500,0,54,0,464,2026091523,2026-09-15 23:29:26
4050428100,20260915232500,0,45,0,288,2026091523,2026-09-15 23:29:26
4060310400,20260915232500,0,31,0,48,2026091523,2026-09-15 23:29:26
4060226700,20260915232500,0,45,0,10,2026091523,2026-09-15 23:29:26
4050292500,20260915232500,0,25,0,5,2026091523,2026-09-15 23:29:26
4060180100,20260915232500,0,11,0,100,2026091523,2026-09-15 23:29:26
4060096400,20260915232500,0,27,0,13,2026091523,2026-09-15 23:29:26
4050430400,20260915232500,0,33,0,122,2026091523,2026-09-15 23:29:26
4050346700,20260915232500,0,53,0,7,2026091523,2026-09-15 23:29:26
4060496700,20260915232500,0,23,0,26,2026091523,2026-09-15 23:29:26
4060365500,20260915232500,0,39,0,26,2026091523,2026-09-15 23:29:26
4060234300,20260915232500,0,30,0,22,2026091523,2026-09-15 23:29:26
4060103100,20260915232500,0,29,0,56,2026091523,2026-09-15 23:29:26
4050615801,20260915232500,0,31,0,93,2026091523,2026-09-15 23:29:26
4050085200,20260915232500,0,19,0,13,2026091523,2026-09-15 23:29:26
4060503400,20260915232500,0,35,0,2,2026091523,2026-09-15 23:29:26
4050485500,20260915232500,0,18,0,6,2026091523,2026-09-15 23:29:26
4050002900,20260915232500,0,16,0,125,2026091523,2026-09-15 23:29:26
4050354300,20260915232500,0,40,0,5,2026091523,2026-09-15 23:29:26
4050223100,20260915232500,0,39,0,16,2026091523,2026-09-15 23:29:26
4050139400,20260915232500,0,8,0,27,2026091523,2026-09-15 23:29:26
4060373100,20260915232500,0,66,0,25,2026091523,2026-09-15 23:29:26
4050272900,20260915232500,0,39,0,13,2026091523,2026-09-15 23:29:26
4060427300,20260915232500,0,11,0,63,2026091523,2026-09-15 23:29:26
4050141700,20260915232500,0,37,0,54,2026091523,2026-09-15 23:29:26
4050278200,20260915232500,0,45,0,64,2026091523,2026-09-15 23:29:26
4060076800,20260915232500,0,30,0,17,2026091523,2026-09-15 23:29:26
4050410800,20260915232500,0,49,0,64,2026091523,2026-09-15 23:29:26
4050547300,20260915232500,0,55,0,155,2026091523,2026-09-15 23:29:26
4050416100,20260915232500,0,50,0,44,2026091523,2026-09-15 23:29:26
4060214700,20260915232500,0,47,0,19,2026091523,2026-09-15 23:29:26
4050280500,20260915232500,0,48,0,73,2026091523,2026-09-15 23:29:26
4050196800,20260915232500,0,20,0,12,2026091523,2026-09-15 23:29:26
4060084400,20260915232500,0,18,0,9,2026091523,2026-09-15 23:29:26
4050465900,20260915232500,0,33,0,40,2026091523,2026-09-15 23:29:26
4050334700,20260915232500,0,53,0,6,2026091523,2026-09-15 23:29:26
4050203500,20260915232500,0,23,0,21,2026091523,2026-09-15 23:29:26
4050119800,20260915232500,0,18,0,13,2026091523,2026-09-15 23:29:26
4060353500,20260915232500,0,34,0,35,2026091523,2026-09-15 23:29:26
4060269800,20260915232500,0,52,0,4,2026091523,2026-09-15 23:29:26
4060222300,20260915232500,0,32,0,26,2026091523,2026-09-15 23:29:26
4060138600,20260915232500,0,47,0,13,2026091523,2026-09-15 23:29:26
4050073200,20260915232500,0,15,0,13,2026091523,2026-09-15 23:29:26
4050603800,20260915232500,0,12,0,213,2026091523,2026-09-15 23:29:26
4050609100,20260915232500,0,30,0,212,2026091523,2026-09-15 23:29:26
4060092000,20260915232500,0,6,0,433,2026091523,2026-09-15 23:29:26
4050473500,20260915232500,0,29,0,14,2026091523,2026-09-15 23:29:26
4050342300,20260915232500,0,21,0,41,2026091523,2026-09-15 23:29:26
4050258600,20260915232500,0,31,0,3,2026091523,2026-09-15 23:29:26
4050211100,20260915232500,0,27,0,19,2026091523,2026-09-15 23:29:26
4050127400,20260915232500,0,4,0,27,2026091523,2026-09-15 23:29:26
4060492300,20260915232500,0,47,0,4,2026091523,2026-09-15 23:29:26
4060361100,20260915232500,0,54,0,5,2026091523,2026-09-15 23:29:26
4050260900,20260915232500,0,33,0,17,2026091523,2026-09-15 23:29:26
4060415300,20260915232500,0,35,0,27,2026091523,2026-09-15 23:29:26
4050481100,20260915232500,0,50,0,87,2026091523,2026-09-15 23:29:26
4050033500,20260915232500,0,58,0,97,2026091523,2026-09-15 23:29:26
4060183500,20260915232500,0,29,0,30,2026091523,2026-09-15 23:29:26
4060099800,20260915232500,0,31,0,16,2026091523,2026-09-15 23:29:26
4050302600,20260915232500,0,37,0,10,2026091523,2026-09-15 23:29:26
4050218900,20260915232500,0,47,0,74,2026091523,2026-09-15 23:29:26
4060368900,20260915232500,0,46,0,39,2026091523,2026-09-15 23:29:26
4060237700,20260915232500,0,46,0,120,2026091523,2026-09-15 23:29:26
4060106500,20260915232500,0,22,0,7,2026091523,2026-09-15 23:29:26
4050172300,20260915232500,0,31,0,5,2026091523,2026-09-15 23:29:26
4050088600,20260915232500,0,16,0,50,2026091523,2026-09-15 23:29:26
4060191100,20260915232500,0,41,0,132,2026091523,2026-09-15 23:29:26
4060506800,20260915232500,0,40,0,202,2026091523,2026-09-15 23:29:26
4050572600,20260915232500,0,34,0,113,2026091523,2026-09-15 23:29:26
4050488900,20260915232500,0,24,0,7,2026091523,2026-09-15 23:29:26
4050357700,20260915232500,0,28,0,9,2026091523,2026-09-15 23:29:26
4060245300,20260915232500,0,41,0,42,2026091523,2026-09-15 23:29:26
4060114100,20260915232500,0,36,0,42,2026091523,2026-09-15 23:29:26
4050096200,20260915232500,0,13,0,26,2026091523,2026-09-15 23:29:26
4060514400,20260915232500,0,41,0,65,2026091523,2026-09-15 23:29:26
4050580200,20260915232500,0,22,0,22,2026091523,2026-09-15 23:29:26
4050496500,20260915232500,0,28,0,8,2026091523,2026-09-15 23:29:26
4050234100,20260915232500,0,48,0,27,2026091523,2026-09-15 23:29:26
4060032700,20260915232500,0,18,0,50,2026091523,2026-09-15 23:29:26
4060384100,20260915232500,0,44,0,4,2026091523,2026-09-15 23:29:26
4060038004,20260915232500,0,29,0,51,2026091523,2026-09-15 23:29:26
4060038003,20260915232500,0,33,0,20,2026091523,2026-09-15 23:29:26
4060038001,20260915232500,0,32,0,11,2026091523,2026-09-15 23:29:26
4050503200,20260915232500,0,66,0,21,2026091523,2026-09-15 23:29:26
4050419500,20260915232500,0,59,0,14,2026091523,2026-09-15 23:29:26
4060301800,20260915232500,0,30,0,67,2026091523,2026-09-15 23:29:26
4050283900,20260915232500,0,54,0,45,2026091523,2026-09-15 23:29:26
4050152700,20260915232500,0,18,0,21,2026091523,2026-09-15 23:29:26
4060438300,20260915232500,0,31,0,35,2026091523,2026-09-15 23:29:26
4060307100,20260915232500,0,44,0,61,2026091523,2026-09-15 23:29:26
4060171506,20260915232500,0,39,0,14,2026091523,2026-09-15 23:29:26
4060171505,20260915232500,0,34,0,20,2026091523,2026-09-15 23:29:26
4050289200,20260915232500,0,36,0,17,2026091523,2026-09-15 23:29:26
4050158000,20260915232500,0,11,0,570,2026091523,2026-09-15 23:29:26
4060171502,20260915232500,0,18,0,85,2026091523,2026-09-15 23:29:26
4060171501,20260915232500,0,31,0,19,2026091523,2026-09-15 23:29:26
4060087800,20260915232500,0,22,0,16,2026091523,2026-09-15 23:29:26
4060356900,20260915232500,0,51,0,33,2026091523,2026-09-15 23:29:26
4060225700,20260915232500,0,29,0,34,2026091523,2026-09-15 23:29:26
4050291500,20260915232500,0,45,0,17,2026091523,2026-09-15 23:29:26
4060095402,20260915232500,0,28,0,34,2026091523,2026-09-15 23:29:26
4060095401,20260915232500,0,28,0,45,2026091523,2026-09-15 23:29:26
4050560600,20260915232500,0,49,0,29,2026091523,2026-09-15 23:29:26
4050345700,20260915232500,0,47,0,14,2026091523,2026-09-15 23:29:26
4060495700,20260915232500,0,31,0,6,2026091523,2026-09-15 23:29:26
4060364500,20260915232500,0,31,0,26,2026091523,2026-09-15 23:29:26
4060233300,20260915232500,0,25,0,14,2026091523,2026-09-15 23:29:26
4060102100,20260915232500,0,22,0,19,2026091523,2026-09-15 23:29:26
4060018400,20260915232500,0,33,0,32,2026091523,2026-09-15 23:29:26
4050614800,20260915232500,0,38,0,27,2026091523,2026-09-15 23:29:26
4060418700,20260915232500,0,29,0,698,2026091523,2026-09-15 23:29:26
4050484500,20260915232500,0,21,0,17,2026091523,2026-09-15 23:29:26
4050353300,20260915232500,0,43,0,8,2026091523,2026-09-15 23:29:26
4050269600,20260915232500,0,56,0,9,2026091523,2026-09-15 23:29:26
4050222100,20260915232500,0,26,0,32,2026091523,2026-09-15 23:29:26
4060026000,20260915232500,0,33,0,29,2026091523,2026-09-15 23:29:26
4050271900,20260915232500,0,42,0,5,2026091523,2026-09-15 23:29:26
4060510000,20260915232500,0,25,0,95,2026091523,2026-09-15 23:29:26
4050140700,20260915232500,0,17,0,33,2026091523,2026-09-15 23:29:26
4060426300,20260915232500,0,35,0,160,2026091523,2026-09-15 23:29:26
4050492100,20260915232500,0,42,0,20,2026091523,2026-09-15 23:29:26
4050277200,20260915232500,0,36,0,17,2026091523,2026-09-15 23:29:26
4050146000,20260915232500,0,18,0,19,2026091523,2026-09-15 23:29:26
4060075800,20260915232500,0,19,0,14,2026091523,2026-09-15 23:29:26
4060296000,20260915232500,0,27,0,180,2026091523,2026-09-15 23:29:26
4050546300,20260915232500,0,60,0,1,2026091523,2026-09-15 23:29:26
4050415100,20260915232500,0,58,0,27,2026091523,2026-09-15 23:29:26
4060213700,20260915232500,0,40,0,111,2026091523,2026-09-15 23:29:26
4050195800,20260915232500,0,27,0,17,2026091523,2026-09-15 23:29:26
4050064600,20260915232500,0,17,0,11,2026091523,2026-09-15 23:29:26
4060219000,20260915232500,0,27,0,28,2026091523,2026-09-15 23:29:26
4060083400,20260915232500,0,25,0,15,2026091523,2026-09-15 23:29:26
4050333700,20260915232500,0,18,0,25,2026091523,2026-09-15 23:29:26
4050202500,20260915232500,0,22,0,20,2026091523,2026-09-15 23:29:26
4050118800,20260915232500,0,23,0,24,2026091523,2026-09-15 23:29:26
4050339000,20260915232500,0,48,0,14,2026091523,2026-09-15 23:29:26
4060483700,20260915232500,0,41,0,339,2026091523,2026-09-15 23:29:26
4060352500,20260915232500,0,36,0,12,2026091523,2026-09-15 23:29:26
4060268800,20260915232500,0,21,0,47,2026091523,2026-09-15 23:29:26
4060221300,20260915232500,0,47,0,10,2026091523,2026-09-15 23:29:26
4060137600,20260915232500,0,27,0,86,2026091523,2026-09-15 23:29:26
4050072200,20260915232500,0,28,0,42,2026091523,2026-09-15 23:29:26
4050602800,20260915232500,0,21,0,7,2026091523,2026-09-15 23:29:26
4050608100,20260915232500,0,37,0,132,2026091523,2026-09-15 23:29:26
4060091002,20260915232500,0,34,0,21,2026091523,2026-09-15 23:29:26
4060091001,20260915232500,0,27,0,102,2026091523,2026-09-15 23:29:26
4060406700,20260915232500,0,46,0,84,2026091523,2026-09-15 23:29:26
4050472500,20260915232500,0,29,0,64,2026091523,2026-09-15 23:29:26
4050341300,20260915232500,0,20,0,23,2026091523,2026-09-15 23:29:26
4050257600,20260915232500,0,23,0,9,2026091523,2026-09-15 23:29:26
4050210100,20260915232500,0,13,0,62,2026091523,2026-09-15 23:29:26
4050126400,20260915232500,0,17,0,24,2026091523,2026-09-15 23:29:26
4060491300,20260915232500,0,13,0,81,2026091523,2026-09-15 23:29:26
4060360100,20260915232500,0,30,0,108,2026091523,2026-09-15 23:29:26
4050526700,20260915232500,0,37,0,353,2026091523,2026-09-15 23:29:26
4050480100,20260915232500,0,53,0,59,2026091523,2026-09-15 23:29:26
4050396400,20260915232500,0,75,0,18,2026091523,2026-09-15 23:29:26
4050265200,20260915232500,0,28,0,17,2026091523,2026-09-15 23:29:26
4060069100,20260915232500,0,10,0,52,2026091523,2026-09-15 23:29:26
4050319400,20260915232500,0,13,0,40,2026091523,2026-09-15 23:29:26
4060201700,20260915232500,0,43,0,2,2026091523,2026-09-15 23:29:26
4060469400,20260915232500,0,40,0,17,2026091523,2026-09-15 23:29:26
4050546800,20260915232500,0,31,0,44,2026091523,2026-09-15 23:29:26
4050415600,20260915232500,0,51,0,23,2026091523,2026-09-15 23:29:26
4060434400,20260915232500,0,52,0,124,2026091523,2026-09-15 23:29:26
4060303200,20260915232500,0,28,0,8,2026091523,2026-09-15 23:29:26
4060219500,20260915232500,0,37,0,14,2026091523,2026-09-15 23:29:26
4050285300,20260915232500,0,51,0,153,2026091523,2026-09-15 23:29:26
4060083900,20260915232500,0,28,0,6,2026091523,2026-09-15 23:29:26
4060089202,20260915232500,0,40,0,49,2026091523,2026-09-15 23:29:26
4060089201,20260915232500,0,29,0,72,2026091523,2026-09-15 23:29:26
4050554400,20260915232500,0,33,0,41,2026091523,2026-09-15 23:29:26
4050208302,20260915232500,0,33,0,26,2026091523,2026-09-15 23:29:26
4050339500,20260915232500,0,67,0,12,2026091523,2026-09-15 23:29:26
4050208301,20260915232500,0,25,0,68,2026091523,2026-09-15 23:29:26
4060221800,20260915232500,0,26,0,19,2026091523,2026-09-15 23:29:26
4060358300,20260915232500,0,7,0,59,2026091523,2026-09-15 23:29:26
4050072700,20260915232500,0,12,0,70,2026091523,2026-09-15 23:29:26
4060227100,20260915232500,0,33,0,8,2026091523,2026-09-15 23:29:26
4050078000,20260915232500,0,18,0,12,2026091523,2026-09-15 23:29:26
4060091500,20260915232500,0,29,0,8,2026091523,2026-09-15 23:29:26
4050341800,20260915232500,0,61,0,7,2026091523,2026-09-15 23:29:26
4050210600,20260915232500,0,19,0,74,2026091523,2026-09-15 23:29:26
4050126900,20260915232500,0,14,0,50,2026091523,2026-09-15 23:29:26
4050478300,20260915232500,0,44,0,45,2026091523,2026-09-15 23:29:26
4050347100,20260915232500,0,52,0,11,2026091523,2026-09-15 23:29:26
4060491800,20260915232500,0,31,0,4,2026091523,2026-09-15 23:29:26
4060360600,20260915232500,0,23,0,11,2026091523,2026-09-15 23:29:26
4060497100,20260915232500,0,25,0,11,2026091523,2026-09-15 23:29:26
4050080300,20260915232500,0,23,0,12,2026091523,2026-09-15 23:29:26
4050616201,20260915232500,0,16,0,56,2026091523,2026-09-15 23:29:26
4060414800,20260915232500,0,31,0,80,2026091523,2026-09-15 23:29:26
4050480600,20260915232500,0,27,0,424,2026091523,2026-09-15 23:29:26
4050396900,20260915232500,0,33,0,3,2026091523,2026-09-15 23:29:26
4050265700,20260915232500,0,34,0,24,2026091523,2026-09-15 23:29:26
4050003302,20260915232500,0,53,0,20,2026091523,2026-09-15 23:29:26
4060069600,20260915232500,0,5,0,69,2026091523,2026-09-15 23:29:26
4050534800,20260915232500,0,38,0,81,2026091523,2026-09-15 23:29:26
4050403600,20260915232500,0,41,0,43,2026091523,2026-09-15 23:29:26
4050319900,20260915232500,0,37,0,24,2026091523,2026-09-15 23:29:26
4060338700,20260915232500,0,19,0,70,2026091523,2026-09-15 23:29:26
4060207500,20260915232500,0,37,0,7,2026091523,2026-09-15 23:29:26
4050058404,20260915232500,0,28,0,83,2026091523,2026-09-15 23:29:26
4050058403,20260915232500,0,27,0,31,2026091523,2026-09-15 23:29:26
4050273300,20260915232500,0,33,0,19,2026091523,2026-09-15 23:29:26
4050189600,20260915232500,0,48,0,5,2026091523,2026-09-15 23:29:26
4050058401,20260915232500,0,56,0,6,2026091523,2026-09-15 23:29:26
4050142100,20260915232500,0,24,0,10,2026091523,2026-09-15 23:29:26
4060077200,20260915232500,0,32,0,6,2026091523,2026-09-15 23:29:26
4050589900,20260915232500,0,41,0,91,2026091523,2026-09-15 23:29:26
4050542400,20260915232500,0,12,0,103,2026091523,2026-09-15 23:29:26
4050411200,20260915232500,0,39,0,24,2026091523,2026-09-15 23:29:26
4050327500,20260915232500,0,10,0,59,2026091523,2026-09-15 23:29:26
4060477500,20260915232500,0,46,0,115,2026091523,2026-09-15 23:29:26
4050060700,20260915232500,0,15,0,19,2026091523,2026-09-15 23:29:26
4060215100,20260915232500,0,51,0,12,2026091523,2026-09-15 23:29:26
4050197200,20260915232500,0,25,0,18,2026091523,2026-09-15 23:29:26
4050597500,20260915232500,0,22,0,9,2026091523,2026-09-15 23:29:26
4050466300,20260915232500,0,43,0,50,2026091523,2026-09-15 23:29:26
4050335100,20260915232500,0,53,0,11,2026091523,2026-09-15 23:29:26
4060264900,20260915232500,0,43,0,6,2026091523,2026-09-15 23:29:26
4060133700,20260915232500,0,5,0,144,2026091523,2026-09-15 23:29:26
4060139000,20260915232500,0,34,0,18,2026091523,2026-09-15 23:29:26
4060402800,20260915232500,0,26,0,6,2026091523,2026-09-15 23:29:26
4050384900,20260915232500,0,53,0,102,2026091523,2026-09-15 23:29:26
4050253700,20260915232500,0,51,0,54,2026091523,2026-09-15 23:29:26
4050038802,20260915232500,0,46,0,25,2026091523,2026-09-15 23:29:26
4050038801,20260915232500,0,40,0,39,2026091523,2026-09-15 23:29:26
4050122500,20260915232500,0,18,0,84,2026091523,2026-09-15 23:29:26
4050259000,20260915232500,0,6,0,54,2026091523,2026-09-15 23:29:26
4060141302,20260915232500,0,30,0,13,2026091523,2026-09-15 23:29:26
4060272500,20260915232500,0,40,0,129,2026091523,2026-09-15 23:29:26
4060141301,20260915232500,0,19,0,23,2026091523,2026-09-15 23:29:26
4060188800,20260915232500,0,34,0,4,2026091523,2026-09-15 23:29:26
4050522800,20260915232500,0,33,0,27,2026091523,2026-09-15 23:29:26
4050307900,20260915232500,0,37,0,14,2026091523,2026-09-15 23:29:26
4060410400,20260915232500,0,61,0,23,2026091523,2026-09-15 23:29:26
4060326700,20260915232500,0,42,0,16,2026091523,2026-09-15 23:29:26
4050392500,20260915232500,0,75,0,15,2026091523,2026-09-15 23:29:26
4050261300,20260915232500,0,36,0,7,2026091523,2026-09-15 23:29:26
4050177600,20260915232500,0,15,0,90,2026091523,2026-09-15 23:29:26
4050130100,20260915232500,0,18,0,9,2026091523,2026-09-15 23:29:26
4060196400,20260915232500,0,28,0,14,2026091523,2026-09-15 23:29:26
4060065200,20260915232500,0,7,0,75,2026091523,2026-09-15 23:29:26
4050577900,20260915232500,0,8,0,93,2026091523,2026-09-15 23:29:26
4050530400,20260915232500,0,31,0,6,2026091523,2026-09-15 23:29:26
4050315500,20260915232500,0,36,0,13,2026091523,2026-09-15 23:29:26
4060465500,20260915232500,0,23,0,18,2026091523,2026-09-15 23:29:26
4060334300,20260915232500,0,48,0,31,2026091523,2026-09-15 23:29:26
4060203100,20260915232500,0,24,0,5,2026091523,2026-09-15 23:29:26
4060119400,20260915232500,0,53,0,183,2026091523,2026-09-15 23:29:26
4050185200,20260915232500,0,40,0,16,2026091523,2026-09-15 23:29:26
4060519700,20260915232500,0,6,0,216,2026091523,2026-09-15 23:29:26
4050585500,20260915232500,0,31,0,65,2026091523,2026-09-15 23:29:26
4050102900,20260915232500,0,15,0,27,2026091523,2026-09-15 23:29:26
4050323100,20260915232500,0,38,0,17,2026091523,2026-09-15 23:29:26
4050239400,20260915232500,0,25,0,49,2026091523,2026-09-15 23:29:26
4050108200,20260915232500,0,18,0,15,2026091523,2026-09-15 23:29:26
4060252900,20260915232500,0,50,0,3,2026091523,2026-09-15 23:29:26
4060121700,20260915232500,0,32,0,10,2026091523,2026-09-15 23:29:26
4060473100,20260915232500,0,32,0,82,2026091523,2026-09-15 23:29:26
4060389400,20260915232500,0,57,0,19,2026091523,2026-09-15 23:29:26
4060127002,20260915232500,0,22,0,23,2026091523,2026-09-15 23:29:26
4060258200,20260915232500,0,60,0,19,2026091523,2026-09-15 23:29:26
4060127001,20260915232500,0,19,0,44,2026091523,2026-09-15 23:29:26
4050508500,20260915232500,0,37,0,31,2026091523,2026-09-15 23:29:26
4050372900,20260915232500,0,37,0,21,2026091523,2026-09-15 23:29:26
4050593100,20260915232500,0,17,0,74,2026091523,2026-09-15 23:29:26
4050110500,20260915232500,0,14,0,29,2026091523,2026-09-15 23:29:26
4050378200,20260915232500,0,24,0,60,2026091523,2026-09-15 23:29:26
4050247000,20260915232500,0,33,0,41,2026091523,2026-09-15 23:29:26
4060391700,20260915232500,0,50,0,82,2026091523,2026-09-15 23:29:26
4060260500,20260915232500,0,45,0,13,2026091523,2026-09-15 23:29:26
4060176800,20260915232500,0,31,0,12,2026091523,2026-09-15 23:29:26
4060045600,20260915232500,0,50,0,6,2026091523,2026-09-15 23:29:26
4050510800,20260915232500,0,40,0,46,2026091523,2026-09-15 23:29:26
4050296800,20260915232500,0,35,0,6,2026091523,2026-09-15 23:29:26
4050165600,20260915232500,0,25,0,15,2026091523,2026-09-15 23:29:26
4050034400,20260915232500,0,55,0,39,2026091523,2026-09-15 23:29:26
4060184400,20260915232500,0,42,0,35,2026091523,2026-09-15 23:29:26
4060053200,20260915232500,0,27,0,19,2026091523,2026-09-15 23:29:26
4050303500,20260915232500,0,11,0,36,2026091523,2026-09-15 23:29:26
4050219800,20260915232500,0,32,0,133,2026091523,2026-09-15 23:29:26
4060453500,20260915232500,0,45,0,96,2026091523,2026-09-15 23:29:26
4060322300,20260915232500,0,35,0,5,2026091523,2026-09-15 23:29:26
4060238600,20260915232500,0,35,0,152,2026091523,2026-09-15 23:29:26
4060107400,20260915232500,0,20,0,8,2026091523,2026-09-15 23:29:26
4050173200,20260915232500,0,25,0,38,2026091523,2026-09-15 23:29:26
4050089500,20260915232500,0,41,0,33,2026091523,2026-09-15 23:29:26
4050042000,20260915232500,0,29,0,52,2026091523,2026-09-15 23:29:26
4060192000,20260915232500,0,32,0,32,2026091523,2026-09-15 23:29:26
4050573500,20260915232500,0,38,0,59,2026091523,2026-09-15 23:29:26
4050489800,20260915232500,0,18,0,11,2026091523,2026-09-15 23:29:26
4050358600,20260915232500,0,33,0,14,2026091523,2026-09-15 23:29:26
4050311100,20260915232500,0,37,0,15,2026091523,2026-09-15 23:29:26
4060240900,20260915232500,0,47,0,11,2026091523,2026-09-15 23:29:26
4050091800,20260915232500,0,22,0,8,2026091523,2026-09-15 23:29:26
4060246200,20260915232500,0,63,0,23,2026091523,2026-09-15 23:29:26
4050097100,20260915232500,0,15,0,45,2026091523,2026-09-15 23:29:26
4050360900,20260915232500,0,9,0,1252,2026091523,2026-09-15 23:29:26
4050581100,20260915232500,0,11,0,119,2026091523,2026-09-15 23:29:26
4050366200,20260915232500,0,41,0,257,2026091523,2026-09-15 23:29:26
4050235000,20260915232500,0,34,0,3,2026091523,2026-09-15 23:29:26
4060433900,20260915232500,0,38,0,1,2026091523,2026-09-15 23:29:26
4060302700,20260915232500,0,65,0,5,2026091523,2026-09-15 23:29:26
4050284800,20260915232500,0,33,0,22,2026091523,2026-09-15 23:29:26
4050069900,20260915232500,0,18,0,11,2026091523,2026-09-15 23:29:26
4060308000,20260915232500,0,15,0,86,2026091523,2026-09-15 23:29:26
4050553900,20260915232500,0,49,0,2,2026091523,2026-09-15 23:29:26
4050422700,20260915232500,0,34,0,91,2026091523,2026-09-15 23:29:26
4050207800,20260915232500,0,8,0,52,2026091523,2026-09-15 23:29:26
4050559200,20260915232500,0,53,0,473,2026091523,2026-09-15 23:29:26
4050428000,20260915232500,0,52,0,249,2026091523,2026-09-15 23:29:26
4060310300,20260915232500,0,31,0,48,2026091523,2026-09-15 23:29:26
4060226600,20260915232500,0,36,0,13,2026091523,2026-09-15 23:29:26
4050292400,20260915232500,0,19,0,7,2026091523,2026-09-15 23:29:26
4050161200,20260915232500,0,24,0,42,2026091523,2026-09-15 23:29:26
4060180000,20260915232500,0,43,0,25,2026091523,2026-09-15 23:29:26
4060096300,20260915232500,0,26,0,13,2026091523,2026-09-15 23:29:26
4050346600,20260915232500,0,50,0,7,2026091523,2026-09-15 23:29:26
4060496600,20260915232500,0,33,0,9,2026091523,2026-09-15 23:29:26
4060365400,20260915232500,0,39,0,124,2026091523,2026-09-15 23:29:26
4060234200,20260915232500,0,40,0,17,2026091523,2026-09-15 23:29:26
4060103000,20260915232500,0,39,0,41,2026091523,2026-09-15 23:29:26
4050615701,20260915232500,0,25,0,26,2026091523,2026-09-15 23:29:26
4050085100,20260915232500,0,17,0,15,2026091523,2026-09-15 23:29:26
4060503300,20260915232500,0,23,0,4,2026091523,2026-09-15 23:29:26
4050485400,20260915232500,0,15,0,8,2026091523,2026-09-15 23:29:26
4050354200,20260915232500,0,37,0,4,2026091523,2026-09-15 23:29:26
4050223000,20260915232500,0,34,0,19,2026091523,2026-09-15 23:29:26
4050139300,20260915232500,0,14,0,15,2026091523,2026-09-15 23:29:26
4060373000,20260915232500,0,67,0,25,2026091523,2026-09-15 23:29:26
4060421900,20260915232500,0,50,0,23,2026091523,2026-09-15 23:29:26
4050272800,20260915232500,0,26,0,19,2026091523,2026-09-15 23:29:26
4060427200,20260915232500,0,35,0,20,2026091523,2026-09-15 23:29:26
4050141600,20260915232500,0,17,0,23,2026091523,2026-09-15 23:29:26
4050278100,20260915232500,0,41,0,21,2026091523,2026-09-15 23:29:26
4060076700,20260915232500,0,36,0,14,2026091523,2026-09-15 23:29:26
4050541900,20260915232500,0,27,0,65,2026091523,2026-09-15 23:29:26
4050410700,20260915232500,0,48,0,1,2026091523,2026-09-15 23:29:26
4050547200,20260915232500,0,51,0,167,2026091523,2026-09-15 23:29:26
4050416000,20260915232500,0,32,0,69,2026091523,2026-09-15 23:29:26
4060214600,20260915232500,0,46,0,20,2026091523,2026-09-15 23:29:26
4050280400,20260915232500,0,29,0,121,2026091523,2026-09-15 23:29:26
4050196700,20260915232500,0,21,0,11,2026091523,2026-09-15 23:29:26
4060084300,20260915232500,0,11,0,31,2026091523,2026-09-15 23:29:26
4050465800,20260915232500,0,30,0,44,2026091523,2026-09-15 23:29:26
4050334600,20260915232500,0,53,0,6,2026091523,2026-09-15 23:29:26
4050203400,20260915232500,0,30,0,40,2026091523,2026-09-15 23:29:26
4050119700,20260915232500,0,15,0,16,2026091523,2026-09-15 23:29:26
4060484600,20260915232500,0,22,0,87,2026091523,2026-09-15 23:29:26
4060353400,20260915232500,0,32,0,37,2026091523,2026-09-15 23:29:26
4060269700,20260915232500,0,37,0,53,2026091523,2026-09-15 23:29:26
4060222200,20260915232500,0,41,0,19,2026091523,2026-09-15 23:29:26
4060138500,20260915232500,0,47,0,13,2026091523,2026-09-15 23:29:26
4050073100,20260915232500,0,16,0,13,2026091523,2026-09-15 23:29:26
4050603700,20260915232500,0,17,0,24,2026091523,2026-09-15 23:29:26
4050609000,20260915232500,0,36,0,175,2026091523,2026-09-15 23:29:26
4050473400,20260915232500,0,7,0,58,2026091523,2026-09-15 23:29:26
4050211002,20260915232500,0,24,0,34,2026091523,2026-09-15 23:29:26
4050342200,20260915232500,0,47,0,19,2026091523,2026-09-15 23:29:26
4050211001,20260915232500,0,26,0,30,2026091523,2026-09-15 23:29:26
4050258500,20260915232500,0,56,0,22,2026091523,2026-09-15 23:29:26
4050127300,20260915232500,0,23,0,4,2026091523,2026-09-15 23:29:26
4060140800,20260915232500,0,13,0,137,2026091523,2026-09-15 23:29:26
4060492200,20260915232500,0,40,0,3,2026091523,2026-09-15 23:29:26
4060361000,20260915232500,0,23,0,8,2026091523,2026-09-15 23:29:26
4050260800,20260915232500,0,31,0,18,2026091523,2026-09-15 23:29:26
4060415200,20260915232500,0,61,0,16,2026091523,2026-09-15 23:29:26
4050045900,20260915232500,0,16,0,33,2026091523,2026-09-15 23:29:26
4050481000,20260915232500,0,49,0,88,2026091523,2026-09-15 23:29:26
4050266100,20260915232500,0,29,0,12,2026091523,2026-09-15 23:29:26
4060195900,20260915232500,0,34,0,31,2026091523,2026-09-15 23:29:26
4050404000,20260915232500,0,35,0,63,2026091523,2026-09-15 23:29:26
4060118902,20260915232500,0,37,0,268,2026091523,2026-09-15 23:29:26
4060202600,20260915232500,0,23,0,24,2026091523,2026-09-15 23:29:26
4050184702,20260915232500,0,27,0,44,2026091523,2026-09-15 23:29:26
4060118901,20260915232500,0,41,0,6,2026091523,2026-09-15 23:29:26
4050184701,20260915232500,0,15,0,72,2026091523,2026-09-15 23:29:26
4060339100,20260915232500,0,40,0,3,2026091523,2026-09-15 23:29:26
4060072302,20260915232500,0,37,0,11,2026091523,2026-09-15 23:29:26
4060072301,20260915232500,0,19,0,32,2026091523,2026-09-15 23:29:26
4050322600,20260915232500,0,38,0,3,2026091523,2026-09-15 23:29:26
4050238900,20260915232500,0,19,0,12,2026091523,2026-09-15 23:29:26
4050107700,20260915232500,0,27,0,8,2026091523,2026-09-15 23:29:26
4050459100,20260915232500,0,44,0,19,2026091523,2026-09-15 23:29:26
4060472600,20260915232500,0,36,0,126,2026091523,2026-09-15 23:29:26
4060388900,20260915232500,0,36,0,11,2026091523,2026-09-15 23:29:26
4060257700,20260915232500,0,46,0,27,2026091523,2026-09-15 23:29:26
4060210200,20260915232500,0,45,0,24,2026091523,2026-09-15 23:29:26
4060126500,20260915232500,0,25,0,137,2026091523,2026-09-15 23:29:26
4060526800,20260915232500,0,36,0,16,2026091523,2026-09-15 23:29:26
4050592600,20260915232500,0,25,0,48,2026091523,2026-09-15 23:29:26
4050461400,20260915232500,0,28,0,31,2026091523,2026-09-15 23:29:26
4050330200,20260915232500,0,42,0,18,2026091523,2026-09-15 23:29:26
4050115300,20260915232500,0,42,0,9,2026091523,2026-09-15 23:29:26
4060480200,20260915232500,0,56,0,49,2026091523,2026-09-15 23:29:26
4060396500,20260915232500,0,24,0,34,2026091523,2026-09-15 23:29:26
4060265300,20260915232500,0,44,0,3,2026091523,2026-09-15 23:29:26
4060134100,20260915232500,0,35,0,15,2026091523,2026-09-15 23:29:26
4060534401,20260915232500,0,44,0,9,2026091523,2026-09-15 23:29:26
4060403200,20260915232500,0,51,0,124,2026091523,2026-09-15 23:29:26
4060319500,20260915232500,0,26,0,21,2026091523,2026-09-15 23:29:26
4050033900,20260915232500,0,31,0,43,2026091523,2026-09-15 23:29:26
4050385300,20260915232500,0,47,0,254,2026091523,2026-09-15 23:29:26
4050039203,20260915232500,0,25,0,67,2026091523,2026-09-15 23:29:26
4050254100,20260915232500,0,59,0,6,2026091523,2026-09-15 23:29:26
4050039202,20260915232500,0,35,0,75,2026091523,2026-09-15 23:29:26
4050039201,20260915232500,0,28,0,689,2026091523,2026-09-15 23:29:26
4060183900,20260915232500,0,51,0,22,2026091523,2026-09-15 23:29:26
4060052700,20260915232500,0,30,0,17,2026091523,2026-09-15 23:29:26
4060189200,20260915232500,0,17,0,38,2026091523,2026-09-15 23:29:26
4060058000,20260915232500,0,23,0,22,2026091523,2026-09-15 23:29:26
4050523200,20260915232500,0,16,0,57,2026091523,2026-09-15 23:29:26
4050308300,20260915232500,0,54,0,7,2026091523,2026-09-15 23:29:26
4060321800,20260915232500,0,31,0,34,2026091523,2026-09-15 23:29:26
4060106900,20260915232500,0,14,0,12,2026091523,2026-09-15 23:29:26
4060327100,20260915232500,0,50,0,9,2026091523,2026-09-15 23:29:26
4060191500,20260915232500,0,44,0,187,2026091523,2026-09-15 23:29:26
4060060300,20260915232500,0,40,0,3,2026091523,2026-09-15 23:29:26
4050310600,20260915232500,0,36,0,10,2026091523,2026-09-15 23:29:26
4050578300,20260915232500,0,23,0,20,2026091523,2026-09-15 23:29:26
4050447100,20260915232500,0,20,0,28,2026091523,2026-09-15 23:29:26
4060245700,20260915232500,0,32,0,22,2026091523,2026-09-15 23:29:26
4060114500,20260915232500,0,25,0,26,2026091523,2026-09-15 23:29:26
4050096600,20260915232500,0,13,0,28,2026091523,2026-09-15 23:29:26
4060514800,20260915232500,0,30,0,8,2026091523,2026-09-15 23:29:26
4050580600,20260915232500,0,27,0,34,2026091523,2026-09-15 23:29:26
4050234500,20260915232500,0,64,0,26,2026091523,2026-09-15 23:29:26
4050103300,20260915232500,0,17,0,24,2026091523,2026-09-15 23:29:26
4060169607,20260915232500,0,44,0,65,2026091523,2026-09-15 23:29:26
4060169606,20260915232500,0,48,0,4,2026091523,2026-09-15 23:29:26
4060169605,20260915232500,0,28,0,21,2026091523,2026-09-15 23:29:26
4060384500,20260915232500,0,32,0,11,2026091523,2026-09-15 23:29:26
4060253300,20260915232500,0,31,0,18,2026091523,2026-09-15 23:29:26
4060122100,20260915232500,0,28,0,10,2026091523,2026-09-15 23:29:26
4060038400,20260915232500,0,25,0,18,2026091523,2026-09-15 23:29:26
4050503600,20260915232500,0,26,0,8,2026091523,2026-09-15 23:29:26
4060522400,20260915232500,0,21,0,17,2026091523,2026-09-15 23:29:26
4060307500,20260915232500,0,43,0,166,2026091523,2026-09-15 23:29:26
4050373300,20260915232500,0,35,0,2,2026091523,2026-09-15 23:29:26
4050289600,20260915232500,0,38,0,128,2026091523,2026-09-15 23:29:26
4050242100,20260915232500,0,32,0,10,2026091523,2026-09-15 23:29:26
4050158400,20260915232500,0,17,0,65,2026091523,2026-09-15 23:29:26
4060171900,20260915232500,0,59,0,65,2026091523,2026-09-15 23:29:26
4060177200,20260915232500,0,40,0,25,2026091523,2026-09-15 23:29:26
4060046000,20260915232500,0,32,0,9,2026091523,2026-09-15 23:29:26
4050558700,20260915232500,0,32,0,21,2026091523,2026-09-15 23:29:26
4050511200,20260915232500,0,33,0,112,2026091523,2026-09-15 23:29:26
4050427500,20260915232500,0,44,0,239,2026091523,2026-09-15 23:29:26
4050291900,20260915232500,0,39,0,14,2026091523,2026-09-15 23:29:26
4060530000,20260915232500,0,38,0,42,2026091523,2026-09-15 23:29:26
4060315100,20260915232500,0,67,0,7,2026091523,2026-09-15 23:29:26
4050297200,20260915232500,0,34,0,49,2026091523,2026-09-15 23:29:26
4060095800,20260915232500,0,28,0,28,2026091523,2026-09-15 23:29:26
4050566300,20260915232500,0,36,0,6,2026091523,2026-09-15 23:29:26
4060233700,20260915232500,0,35,0,33,2026091523,2026-09-15 23:29:26
4060102500,20260915232500,0,17,0,15,2026091523,2026-09-15 23:29:26
4060239000,20260915232500,0,31,0,23,2026091523,2026-09-15 23:29:26
4060502800,20260915232500,0,69,0,32,2026091523,2026-09-15 23:29:26
4050484900,20260915232500,0,63,0,78,2026091523,2026-09-15 23:29:26
4050353700,20260915232500,0,32,0,9,2026091523,2026-09-15 23:29:26
4050138802,20260915232500,0,18,0,7,2026091523,2026-09-15 23:29:26
4050138801,20260915232500,0,26,0,72,2026091523,2026-09-15 23:29:26
4050359000,20260915232500,0,40,0,90,2026091523,2026-09-15 23:29:26
4060372500,20260915232500,0,28,0,54,2026091523,2026-09-15 23:29:26
4060241300,20260915232500,0,22,0,14,2026091523,2026-09-15 23:29:26
4060026402,20260915232500,0,24,0,14,2026091523,2026-09-15 23:29:26
4060026401,20260915232500,0,28,0,24,2026091523,2026-09-15 23:29:26
4060110100,20260915232500,0,15,0,10,2026091523,2026-09-15 23:29:26
4060510400,20260915232500,0,24,0,16,2026091523,2026-09-15 23:29:26
4050230106,20260915232500,0,29,0,20,2026091523,2026-09-15 23:29:26
4060426700,20260915232500,0,59,0,70,2026091523,2026-09-15 23:29:26
4050230105,20260915232500,0,13,0,24,2026091523,2026-09-15 23:29:26
4050230104,20260915232500,0,15,0,6,2026091523,2026-09-15 23:29:26
4050492500,20260915232500,0,30,0,11,2026091523,2026-09-15 23:29:26
4050230102,20260915232500,0,10,0,36,2026091523,2026-09-15 23:29:26
4050361300,20260915232500,0,29,0,10,2026091523,2026-09-15 23:29:26
4050277600,20260915232500,0,14,0,95,2026091523,2026-09-15 23:29:26
4050146400,20260915232500,0,12,0,33,2026091523,2026-09-15 23:29:26
4060296400,20260915232500,0,42,0,54,2026091523,2026-09-15 23:29:26
4060034000,20260915232500,0,30,0,9,2026091523,2026-09-15 23:29:26
4050546700,20260915232500,0,40,0,167,2026091523,2026-09-15 23:29:26
4060434300,20260915232500,0,66,0,97,2026091523,2026-09-15 23:29:26
4060303100,20260915232500,0,27,0,9,2026091523,2026-09-15 23:29:26
4060219400,20260915232500,0,35,0,15,2026091523,2026-09-15 23:29:26
4050285200,20260915232500,0,56,0,140,2026091523,2026-09-15 23:29:26
4050154000,20260915232500,0,18,0,51,2026091523,2026-09-15 23:29:26
4060083800,20260915232500,0,25,0,7,2026091523,2026-09-15 23:29:26
4060089102,20260915232500,0,31,0,65,2026091523,2026-09-15 23:29:26
4060089101,20260915232500,0,38,0,51,2026091523,2026-09-15 23:29:26
4050554300,20260915232500,0,34,0,43,2026091523,2026-09-15 23:29:26
4050423100,20260915232500,0,19,0,21,2026091523,2026-09-15 23:29:26
4050208202,20260915232500,0,36,0,27,2026091523,2026-09-15 23:29:26
4050339400,20260915232500,0,53,0,15,2026091523,2026-09-15 23:29:26
4050208201,20260915232500,0,34,0,12,2026091523,2026-09-15 23:29:26
4060221700,20260915232500,0,30,0,23,2026091523,2026-09-15 23:29:26
4060358200,20260915232500,0,27,0,38,2026091523,2026-09-15 23:29:26
4050072600,20260915232500,0,4,0,62,2026091523,2026-09-15 23:29:26
4060227000,20260915232500,0,31,0,9,2026091523,2026-09-15 23:29:26
4050608500,20260915232500,0,42,0,97,2026091523,2026-09-15 23:29:26
4060091400,20260915232500,0,21,0,2,2026091523,2026-09-15 23:29:26
4050472900,20260915232500,0,49,0,44,2026091523,2026-09-15 23:29:26
4050341700,20260915232500,0,10,0,84,2026091523,2026-09-15 23:29:26
4050210500,20260915232500,0,32,0,44,2026091523,2026-09-15 23:29:26
4050126800,20260915232500,0,17,0,24,2026091523,2026-09-15 23:29:26
4050478200,20260915232500,0,42,0,47,2026091523,2026-09-15 23:29:26
4050347000,20260915232500,0,40,0,15,2026091523,2026-09-15 23:29:26
4060491700,20260915232500,0,53,0,2,2026091523,2026-09-15 23:29:26
4060360500,20260915232500,0,24,0,10,2026091523,2026-09-15 23:29:26
4060497000,20260915232500,0,28,0,6,2026091523,2026-09-15 23:29:26
4050616101,20260915232500,0,18,0,24,2026091523,2026-09-15 23:29:26
4060414700,20260915232500,0,44,0,74,2026091523,2026-09-15 23:29:26
4050480500,20260915232500,0,39,0,17,2026091523,2026-09-15 23:29:26
4050396800,20260915232500,0,30,0,3,2026091523,2026-09-15 23:29:26
4050265600,20260915232500,0,17,0,52,2026091523,2026-09-15 23:29:26
4060069500,20260915232500,0,12,0,33,2026091523,2026-09-15 23:29:26
4050319800,20260915232500,0,56,0,15,2026091523,2026-09-15 23:29:26
4060422300,20260915232500,0,28,0,109,2026091523,2026-09-15 23:29:26
4060338600,20260915232500,0,36,0,36,2026091523,2026-09-15 23:29:26
4060207400,20260915232500,0,40,0,6,2026091523,2026-09-15 23:29:26
4050058304,20260915232500,0,22,0,38,2026091523,2026-09-15 23:29:26
4050058303,20260915232500,0,33,0,70,2026091523,2026-09-15 23:29:26
4050273200,20260915232500,0,62,0,10,2026091523,2026-09-15 23:29:26
4050058302,20260915232500,0,22,0,16,2026091523,2026-09-15 23:29:26
4050189500,20260915232500,0,36,0,7,2026091523,2026-09-15 23:29:26
4050142000,20260915232500,0,40,0,3,2026091523,2026-09-15 23:29:26
4060077100,20260915232500,0,31,0,6,2026091523,2026-09-15 23:29:26
4050589800,20260915232500,0,29,0,130,2026091523,2026-09-15 23:29:26
4050542300,20260915232500,0,33,0,469,2026091523,2026-09-15 23:29:26
4050411100,20260915232500,0,50,0,46,2026091523,2026-09-15 23:29:26
4050327400,20260915232500,0,25,0,23,2026091523,2026-09-15 23:29:26
4060340900,20260915232500,0,49,0,112,2026091523,2026-09-15 23:29:26
4060215000,20260915232500,0,51,0,12,2026091523,2026-09-15 23:29:26
4050197100,20260915232500,0,38,0,12,2026091523,2026-09-15 23:29:26
4050460900,20260915232500,0,41,0,158,2026091523,2026-09-15 23:29:26
4050114802,20260915232500,0,18,0,23,2026091523,2026-09-15 23:29:26
4050114801,20260915232500,0,18,0,25,2026091523,2026-09-15 23:29:26
4050597400,20260915232500,0,16,0,12,2026091523,2026-09-15 23:29:26
4050466200,20260915232500,0,49,0,44,2026091523,2026-09-15 23:29:26
4050335000,20260915232500,0,40,0,14,2026091523,2026-09-15 23:29:26
4060264800,20260915232500,0,48,0,5,2026091523,2026-09-15 23:29:26
4060049902,20260915232500,0,33,0,52,2026091523,2026-09-15 23:29:26
4060049901,20260915232500,0,34,0,33,2026091523,2026-09-15 23:29:26
4060133600,20260915232500,0,33,0,24,2026091523,2026-09-15 23:29:26
4050604100,20260915232500,0,26,0,16,2026091523,2026-09-15 23:29:26
4060533901,20260915232500,0,43,0,21,2026091523,2026-09-15 23:29:26
4060402700,20260915232500,0,11,0,56,2026091523,2026-09-15 23:29:26
4050384800,20260915232500,0,51,0,106,2026091523,2026-09-15 23:29:26
4050253600,20260915232500,0,36,0,77,2026091523,2026-09-15 23:29:26
4050038702,20260915232500,0,48,0,24,2026091523,2026-09-15 23:29:26
4050169900,20260915232500,0,7,0,41,2026091523,2026-09-15 23:29:26
4050038701,20260915232500,0,30,0,50,2026091523,2026-09-15 23:29:26
4050122400,20260915232500,0,21,0,37,2026091523,2026-09-15 23:29:26
4060272400,20260915232500,0,32,0,161,2026091523,2026-09-15 23:29:26
4060188700,20260915232500,0,32,0,7,2026091523,2026-09-15 23:29:26
4060141200,20260915232500,0,30,0,73,2026091523,2026-09-15 23:29:26
4050522700,20260915232500,0,22,0,16,2026091523,2026-09-15 23:29:26
4050307800,20260915232500,0,56,0,9,2026091523,2026-09-15 23:29:26
4060410300,20260915232500,0,34,0,4,2026091523,2026-09-15 23:29:26
4060326600,20260915232500,0,25,0,27,2026091523,2026-09-15 23:29:26
4050392400,20260915232500,0,33,0,33,2026091523,2026-09-15 23:29:26
4050261200,20260915232500,0,64,0,4,2026091523,2026-09-15 23:29:26
4050177500,20260915232500,0,15,0,91,2026091523,2026-09-15 23:29:26
4050130000,20260915232500,0,7,0,45,2026091523,2026-09-15 23:29:26
4060196300,20260915232500,0,27,0,25,2026091523,2026-09-15 23:29:26
4060065100,20260915232500,0,6,0,62,2026091523,2026-09-15 23:29:26
4050577800,20260915232500,0,25,0,30,2026091523,2026-09-15 23:29:26
4050530300,20260915232500,0,70,0,8,2026091523,2026-09-15 23:29:26
4050315400,20260915232500,0,29,0,16,2026091523,2026-09-15 23:29:26
4060465400,20260915232500,0,38,0,43,2026091523,2026-09-15 23:29:26
4060203000,20260915232500,0,41,0,3,2026091523,2026-09-15 23:29:26
4050185100,20260915232500,0,27,0,27,2026091523,2026-09-15 23:29:26
4060519600,20260915232500,0,14,0,19,2026091523,2026-09-15 23:29:26
4050585400,20260915232500,0,39,0,51,2026091523,2026-09-15 23:29:26
4050102800,20260915232500,0,20,0,20,2026091523,2026-09-15 23:29:26
4050323000,20260915232500,0,35,0,19,2026091523,2026-09-15 23:29:26
4050239300,20260915232500,0,60,0,2,2026091523,2026-09-15 23:29:26
4050108100,20260915232500,0,19,0,16,2026091523,2026-09-15 23:29:26
4060252800,20260915232500,0,44,0,4,2026091523,2026-09-15 23:29:26
4060121600,20260915232500,0,38,0,8,2026091523,2026-09-15 23:29:26
4060473000,20260915232500,0,67,0,4,2026091523,2026-09-15 23:29:26
4060037900,20260915232500,0,25,0,20,2026091523,2026-09-15 23:29:26
4060258100,20260915232500,0,55,0,13,2026091523,2026-09-15 23:29:26
4050508400,20260915232500,0,39,0,31,2026091523,2026-09-15 23:29:26
4050372800,20260915232500,0,27,0,27,2026091523,2026-09-15 23:29:26
4050157900,20260915232500,0,10,0,629,2026091523,2026-09-15 23:29:26
4050593000,20260915232500,0,35,0,36,2026091523,2026-09-15 23:29:26
4050110400,20260915232500,0,29,0,45,2026091523,2026-09-15 23:29:26
4060391600,20260915232500,0,45,0,91,2026091523,2026-09-15 23:29:26
4060176702,20260915232500,0,55,0,21,2026091523,2026-09-15 23:29:26
4060260400,20260915232500,0,44,0,15,2026091523,2026-09-15 23:29:26
4060176701,20260915232500,0,45,0,68,2026091523,2026-09-15 23:29:26
4060045500,20260915232500,0,14,0,9,2026091523,2026-09-15 23:29:26
4050510700,20260915232500,0,30,0,1,2026091523,2026-09-15 23:29:26
4060445800,20260915232500,0,30,0,54,2026091523,2026-09-15 23:29:26
4060314600,20260915232500,0,50,0,29,2026091523,2026-09-15 23:29:26
4050296700,20260915232500,0,42,0,3,2026091523,2026-09-15 23:29:26
4050165500,20260915232500,0,29,0,13,2026091523,2026-09-15 23:29:26
4050034300,20260915232500,0,71,0,30,2026091523,2026-09-15 23:29:26
4060184300,20260915232500,0,35,0,33,2026091523,2026-09-15 23:29:26
4060053100,20260915232500,0,24,0,21,2026091523,2026-09-15 23:29:26
4050565800,20260915232500,0,31,0,7,2026091523,2026-09-15 23:29:26
4050303400,20260915232500,0,44,0,9,2026091523,2026-09-15 23:29:26
4060322200,20260915232500,0,34,0,4,2026091523,2026-09-15 23:29:26
4060238500,20260915232500,0,40,0,55,2026091523,2026-09-15 23:29:26
4060107300,20260915232500,0,8,0,20,2026091523,2026-09-15 23:29:26
4050173100,20260915232500,0,29,0,32,2026091523,2026-09-15 23:29:26
4050089400,20260915232500,0,20,0,23,2026091523,2026-09-15 23:29:26
4050573400,20260915232500,0,43,0,53,2026091523,2026-09-15 23:29:26
4050489700,20260915232500,0,44,0,115,2026091523,2026-09-15 23:29:26
4050358500,20260915232500,0,46,0,8,2026091523,2026-09-15 23:29:26
4050311000,20260915232500,0,42,0,13,2026091523,2026-09-15 23:29:26
4060240800,20260915232500,0,38,0,13,2026091523,2026-09-15 23:29:26
4060025900,20260915232500,0,32,0,30,2026091523,2026-09-15 23:29:26
4050091700,20260915232500,0,12,0,14,2026091523,2026-09-15 23:29:26
4060246100,20260915232500,0,40,0,46,2026091523,2026-09-15 23:29:26
4050097000,20260915232500,0,21,0,66,2026091523,2026-09-15 23:29:26
4050360800,20260915232500,0,42,0,269,2026091523,2026-09-15 23:29:26
4050145900,20260915232500,0,22,0,15,2026091523,2026-09-15 23:29:26
4050581000,20260915232500,0,11,0,122,2026091523,2026-09-15 23:29:26
4060295900,20260915232500,0,47,0,39,2026091523,2026-09-15 23:29:26
4060433800,20260915232500,0,34,0,33,2026091523,2026-09-15 23:29:26
4060302600,20260915232500,0,60,0,5,2026091523,2026-09-15 23:29:26
4060218900,20260915232500,0,36,0,29,2026091523,2026-09-15 23:29:26
4050284700,20260915232500,0,25,0,25,2026091523,2026-09-15 23:29:26
4050069800,20260915232500,0,16,0,14,2026091523,2026-09-15 23:29:26
4060088600,20260915232500,0,30,0,59,2026091523,2026-09-15 23:29:26
4050553800,20260915232500,0,39,0,3,2026091523,2026-09-15 23:29:26
4050422600,20260915232500,0,43,0,72,2026091523,2026-09-15 23:29:26
4050338900,20260915232500,0,41,0,9,2026091523,2026-09-15 23:29:26
4050207700,20260915232500,0,28,0,14,2026091523,2026-09-15 23:29:26
4050559100,20260915232500,0,40,0,77,2026091523,2026-09-15 23:29:26
4060441400,20260915232500,0,25,0,38,2026091523,2026-09-15 23:29:26
4060357700,20260915232500,0,25,0,5,2026091523,2026-09-15 23:29:26
4060310200,20260915232500,0,39,0,47,2026091523,2026-09-15 23:29:26
4060226500,20260915232500,0,48,0,10,2026091523,2026-09-15 23:29:26
4050292300,20260915232500,0,51,0,5,2026091523,2026-09-15 23:29:26
4050161100,20260915232500,0,27,0,36,2026091523,2026-09-15 23:29:26
4060090902,20260915232500,0,19,0,144,2026091523,2026-09-15 23:29:26
4060090901,20260915232500,0,35,0,20,2026091523,2026-09-15 23:29:26
4060096200,20260915232500,0,6,0,95,2026091523,2026-09-15 23:29:26
4060496500,20260915232500,0,28,0,9,2026091523,2026-09-15 23:29:26
4060365300,20260915232500,0,44,0,110,2026091523,2026-09-15 23:29:26
4060234100,20260915232500,0,31,0,15,2026091523,2026-09-15 23:29:26
4050615601,20260915232500,0,25,0,26,2026091523,2026-09-15 23:29:26
4060019200,20260915232500,0,37,0,15,2026091523,2026-09-15 23:29:26
4050085000,20260915232500,0,19,0,73,2026091523,2026-09-15 23:29:26
4060503200,20260915232500,0,33,0,18,2026091523,2026-09-15 23:29:26
4050485300,20260915232500,0,11,0,42,2026091523,2026-09-15 23:29:26
4050354100,20260915232500,0,42,0,29,2026091523,2026-09-15 23:29:26
4050408300,20260915232500,0,47,0,131,2026091523,2026-09-15 23:29:26
4060421800,20260915232500,0,31,0,39,2026091523,2026-09-15 23:29:26
4060206900,20260915232500,0,60,0,22,2026091523,2026-09-15 23:29:26
4050272700,20260915232500,0,26,0,14,2026091523,2026-09-15 23:29:26
4060427100,20260915232500,0,33,0,57,2026091523,2026-09-15 23:29:26
4050141500,20260915232500,0,41,0,9,2026091523,2026-09-15 23:29:26
4050057800,20260915232500,0,24,0,13,2026091523,2026-09-15 23:29:26
4050278000,20260915232500,0,33,0,26,2026091523,2026-09-15 23:29:26
4060076600,20260915232500,0,23,0,3,2026091523,2026-09-15 23:29:26
4050541800,20260915232500,0,28,0,63,2026091523,2026-09-15 23:29:26
4050410600,20260915232500,0,47,0,1,2026091523,2026-09-15 23:29:26
4050326900,20260915232500,0,50,0,6,2026091523,2026-09-15 23:29:26
4050547100,20260915232500,0,21,0,97,2026091523,2026-09-15 23:29:26
4060476900,20260915232500,0,41,0,66,2026091523,2026-09-15 23:29:26
4060345700,20260915232500,0,33,0,56,2026091523,2026-09-15 23:29:26
4060214500,20260915232500,0,56,0,21,2026091523,2026-09-15 23:29:26
4050280300,20260915232500,0,32,0,445,2026091523,2026-09-15 23:29:26
4050196600,20260915232500,0,29,0,17,2026091523,2026-09-15 23:29:26
4060084200,20260915232500,0,14,0,24,2026091523,2026-09-15 23:29:26
4050465700,20260915232500,0,32,0,2,2026091523,2026-09-15 23:29:26
4050334500,20260915232500,0,21,0,64,2026091523,2026-09-15 23:29:26
4050203300,20260915232500,0,24,0,52,2026091523,2026-09-15 23:29:26
4050119600,20260915232500,0,24,0,56,2026091523,2026-09-15 23:29:26
4060484500,20260915232500,0,27,0,72,2026091523,2026-09-15 23:29:26
4060353300,20260915232500,0,36,0,23,2026091523,2026-09-15 23:29:26
4060269600,20260915232500,0,35,0,55,2026091523,2026-09-15 23:29:26
4060222100,20260915232500,0,36,0,9,2026091523,2026-09-15 23:29:26
4060138400,20260915232500,0,16,0,38,2026091523,2026-09-15 23:29:26
4050073000,20260915232500,0,21,0,52,2026091523,2026-09-15 23:29:26
4050603600,20260915232500,0,24,0,17,2026091523,2026-09-15 23:29:26
4060407500,20260915232500,0,49,0,19,2026091523,2026-09-15 23:29:26
4050342100,20260915232500,0,46,0,12,2026091523,2026-09-15 23:29:26
4050258400,20260915232500,0,30,0,41,2026091523,2026-09-15 23:29:26
4050127200,20260915232500,0,16,0,44,2026091523,2026-09-15 23:29:26
4060271900,20260915232500,0,4,0,499,2026091523,2026-09-15 23:29:26
4060140700,20260915232500,0,13,0,130,2026091523,2026-09-15 23:29:26
4060492100,20260915232500,0,46,0,3,2026091523,2026-09-15 23:29:26
4050391900,20260915232500,0,46,0,228,2026091523,2026-09-15 23:29:26
4050260700,20260915232500,0,16,0,23,2026091523,2026-09-15 23:29:26
4060415100,20260915232500,0,28,0,82,2026091523,2026-09-15 23:29:26
4050045800,20260915232500,0,18,0,35,2026091523,2026-09-15 23:29:26
4050266000,20260915232500,0,33,0,11,2026091523,2026-09-15 23:29:26
4060195800,20260915232500,0,40,0,27,2026091523,2026-09-15 23:29:26
4050314900,20260915232500,0,25,0,12,2026091523,2026-09-15 23:29:26
4060464900,20260915232500,0,19,0,74,2026091523,2026-09-15 23:29:26
4060118802,20260915232500,0,45,0,5,2026091523,2026-09-15 23:29:26
4060118801,20260915232500,0,38,0,261,2026091523,2026-09-15 23:29:26
4060202500,20260915232500,0,37,0,3,2026091523,2026-09-15 23:29:26
4050184600,20260915232500,0,14,0,47,2026091523,2026-09-15 23:29:26
4060339000,20260915232500,0,41,0,3,2026091523,2026-09-15 23:29:26
4060072202,20260915232500,0,40,0,15,2026091523,2026-09-15 23:29:26
4060072201,20260915232500,0,21,0,20,2026091523,2026-09-15 23:29:26
4050584900,20260915232500,0,62,0,130,2026091523,2026-09-15 23:29:26
4050322500,20260915232500,0,44,0,60,2026091523,2026-09-15 23:29:26
4050238800,20260915232500,0,12,0,19,2026091523,2026-09-15 23:29:26
4050459000,20260915232500,0,40,0,21,2026091523,2026-09-15 23:29:26
4060472500,20260915232500,0,41,0,110,2026091523,2026-09-15 23:29:26
4060388800,20260915232500,0,34,0,11,2026091523,2026-09-15 23:29:26
4060341300,20260915232500,0,60,0,118,2026091523,2026-09-15 23:29:26
4060257600,20260915232500,0,54,0,23,2026091523,2026-09-15 23:29:26
4060210100,20260915232500,0,36,0,108,2026091523,2026-09-15 23:29:26
4060126400,20260915232500,0,39,0,43,2026091523,2026-09-15 23:29:26
4060526700,20260915232500,0,17,0,40,2026091523,2026-09-15 23:29:26
4050592500,20260915232500,0,29,0,9,2026091523,2026-09-15 23:29:26
4050461300,20260915232500,0,34,0,97,2026091523,2026-09-15 23:29:26
4050330100,20260915232500,0,20,0,5,2026091523,2026-09-15 23:29:26
4060480100,20260915232500,0,55,0,50,2026091523,2026-09-15 23:29:26
4060396400,20260915232500,0,36,0,23,2026091523,2026-09-15 23:29:26
4060265200,20260915232500,0,42,0,3,2026091523,2026-09-15 23:29:26
4050515500,20260915232500,0,42,0,23,2026091523,2026-09-15 23:29:26
4060534301,20260915232500,0,10,0,41,2026091523,2026-09-15 23:29:26
4060319400,20260915232500,0,18,0,86,2026091523,2026-09-15 23:29:26
4050033800,20260915232500,0,67,0,119,2026091523,2026-09-15 23:29:26
4050385200,20260915232500,0,49,0,245,2026091523,2026-09-15 23:29:26
4050039103,20260915232500,0,9,0,2129,2026091523,2026-09-15 23:29:26
4050254000,20260915232500,0,38,0,9,2026091523,2026-09-15 23:29:26
4050039102,20260915232500,0,46,0,35,2026091523,2026-09-15 23:29:26
4050039101,20260915232500,0,21,0,127,2026091523,2026-09-15 23:29:26
4060183800,20260915232500,0,44,0,26,2026091523,2026-09-15 23:29:26
4060189100,20260915232500,0,26,0,5,2026091523,2026-09-15 23:29:26
4050302900,20260915232500,0,13,0,19,2026091523,2026-09-15 23:29:26
4050523100,20260915232500,0,52,0,249,2026091523,2026-09-15 23:29:26
4050308200,20260915232500,0,41,0,10,2026091523,2026-09-15 23:29:26
4060452900,20260915232500,0,54,0,145,2026091523,2026-09-15 23:29:26
4060321700,20260915232500,0,32,0,33,2026091523,2026-09-15 23:29:26
4050041406,20260915232500,0,27,0,76,2026091523,2026-09-15 23:29:26
4050041405,20260915232500,0,49,0,15,2026091523,2026-09-15 23:29:26
4060106800,20260915232500,0,24,0,8,2026091523,2026-09-15 23:29:26
4060458200,20260915232500,0,37,0,5,2026091523,2026-09-15 23:29:26
4050172600,20260915232500,0,18,0,8,2026091523,2026-09-15 23:29:26
4060327000,20260915232500,0,21,0,13,2026091523,2026-09-15 23:29:26
4060191400,20260915232500,0,38,0,216,2026091523,2026-09-15 23:29:26
4060060200,20260915232500,0,31,0,10,2026091523,2026-09-15 23:29:26
4050572900,20260915232500,0,29,0,22,2026091523,2026-09-15 23:29:26
4050441700,20260915232500,0,17,0,126,2026091523,2026-09-15 23:29:26
4050578200,20260915232500,0,25,0,19,2026091523,2026-09-15 23:29:26
4050447000,20260915232500,0,72,0,8,2026091523,2026-09-15 23:29:26
4060245600,20260915232500,0,29,0,24,2026091523,2026-09-15 23:29:26
4060114400,20260915232500,0,9,0,72,2026091523,2026-09-15 23:29:26
4050180200,20260915232500,0,16,0,106,2026091523,2026-09-15 23:29:26
4050096500,20260915232500,0,17,0,22,2026091523,2026-09-15 23:29:26
4060514700,20260915232500,0,24,0,10,2026091523,2026-09-15 23:29:26
4050580500,20260915232500,0,62,0,34,2026091523,2026-09-15 23:29:26
4050496800,20260915232500,0,32,0,51,2026091523,2026-09-15 23:29:26
4050234400,20260915232500,0,67,0,25,2026091523,2026-09-15 23:29:26
4050103200,20260915232500,0,12,0,30,2026091523,2026-09-15 23:29:26
4060384400,20260915232500,0,27,0,13,2026091523,2026-09-15 23:29:26
4060253200,20260915232500,0,24,0,24,2026091523,2026-09-15 23:29:26
4060122000,20260915232500,0,31,0,9,2026091523,2026-09-15 23:29:26
4060038300,20260915232500,0,24,0,21,2026091523,2026-09-15 23:29:26
4050419800,20260915232500,0,41,0,22,2026091523,2026-09-15 23:29:26
4060522300,20260915232500,0,22,0,16,2026091523,2026-09-15 23:29:26
4060307400,20260915232500,0,46,0,79,2026091523,2026-09-15 23:29:26
4050373200,20260915232500,0,20,0,4,2026091523,2026-09-15 23:29:26
4050289500,20260915232500,0,27,0,11,2026091523,2026-09-15 23:29:26
4050242000,20260915232500,0,48,0,6,2026091523,2026-09-15 23:29:26
4050158300,20260915232500,0,9,0,124,2026091523,2026-09-15 23:29:26
4060171800,20260915232500,0,49,0,78,2026091523,2026-09-15 23:29:26
4060177106,20260915232500,0,41,0,16,2026091523,2026-09-15 23:29:26
4060177105,20260915232500,0,55,0,27,2026091523,2026-09-15 23:29:26
4060177104,20260915232500,0,50,0,38,2026091523,2026-09-15 23:29:26
4060177103,20260915232500,0,35,0,6,2026091523,2026-09-15 23:29:26
4050558600,20260915232500,0,33,0,20,2026091523,2026-09-15 23:29:26
4050511100,20260915232500,0,29,0,43,2026091523,2026-09-15 23:29:26
4050427400,20260915232500,0,52,0,203,2026091523,2026-09-15 23:29:26
4060440900,20260915232500,0,51,0,15,2026091523,2026-09-15 23:29:26
4050291800,20260915232500,0,24,0,23,2026091523,2026-09-15 23:29:26
4050160600,20260915232500,0,7,0,91,2026091523,2026-09-15 23:29:26
4050076900,20260915232500,0,16,0,12,2026091523,2026-09-15 23:29:26
4060315000,20260915232500,0,30,0,8,2026091523,2026-09-15 23:29:26
4050297100,20260915232500,0,44,0,4,2026091523,2026-09-15 23:29:26
4060095700,20260915232500,0,31,0,24,2026091523,2026-09-15 23:29:26
4050560900,20260915232500,0,39,0,74,2026091523,2026-09-15 23:29:26
4060364800,20260915232500,0,41,0,114,2026091523,2026-09-15 23:29:26
4060233600,20260915232500,0,35,0,33,2026091523,2026-09-15 23:29:26
4060102400,20260915232500,0,24,0,10,2026091523,2026-09-15 23:29:26
4060502700,20260915232500,0,62,0,35,2026091523,2026-09-15 23:29:26
4050484800,20260915232500,0,56,0,88,2026091523,2026-09-15 23:29:26
4050353600,20260915232500,0,43,0,6,2026091523,2026-09-15 23:29:26
4050138702,20260915232500,0,14,0,133,2026091523,2026-09-15 23:29:26
4050269900,20260915232500,0,41,0,2,2026091523,2026-09-15 23:29:26
4050138701,20260915232500,0,16,0,8,2026091523,2026-09-15 23:29:26
4060508000,20260915232500,0,48,0,145,2026091523,2026-09-15 23:29:26
4060372400,20260915232500,0,25,0,25,2026091523,2026-09-15 23:29:26
4060241200,20260915232500,0,11,0,29,2026091523,2026-09-15 23:29:26
4060026302,20260915232500,0,29,0,22,2026091523,2026-09-15 23:29:26
4060026301,20260915232500,0,25,0,14,2026091523,2026-09-15 23:29:26
4060110000,20260915232500,0,8,0,49,2026091523,2026-09-15 23:29:26
4060510300,20260915232500,0,27,0,14,2026091523,2026-09-15 23:29:26
4050230006,20260915232500,0,15,0,21,2026091523,2026-09-15 23:29:26
4060426600,20260915232500,0,61,0,68,2026091523,2026-09-15 23:29:26
4050230005,20260915232500,0,33,0,18,2026091523,2026-09-15 23:29:26
4050492400,20260915232500,0,33,0,9,2026091523,2026-09-15 23:29:26
4050230003,20260915232500,0,27,0,3,2026091523,2026-09-15 23:29:26
4050361200,20260915232500,0,28,0,10,2026091523,2026-09-15 23:29:26
4050230001,20260915232500,0,29,0,12,2026091523,2026-09-15 23:29:26
4050277500,20260915232500,0,11,0,67,2026091523,2026-09-15 23:29:26
4050146300,20260915232500,0,15,0,26,2026091523,2026-09-15 23:29:26
4050546600,20260915232500,0,42,0,157,2026091523,2026-09-15 23:29:26
4060434200,20260915232500,0,50,0,97,2026091523,2026-09-15 23:29:26
4050064900,20260915232500,0,23,0,23,2026091523,2026-09-15 23:29:26
4060303000,20260915232500,0,52,0,247,2026091523,2026-09-15 23:29:26
4060219300,20260915232500,0,32,0,20,2026091523,2026-09-15 23:29:26
4050285100,20260915232500,0,40,0,41,2026091523,2026-09-15 23:29:26
4060083700,20260915232500,0,8,0,45,2026091523,2026-09-15 23:29:26
4060089000,20260915232500,0,41,0,91,2026091523,2026-09-15 23:29:26
4050554200,20260915232500,0,34,0,43,2026091523,2026-09-15 23:29:26
4050423000,20260915232500,0,7,0,57,2026091523,2026-09-15 23:29:26
4050208102,20260915232500,0,25,0,16,2026091523,2026-09-15 23:29:26
4050339300,20260915232500,0,12,0,193,2026091523,2026-09-15 23:29:26
4050208101,20260915232500,0,11,0,90,2026091523,2026-09-15 23:29:26
4060221600,20260915232500,0,29,0,23,2026091523,2026-09-15 23:29:26
4060137900,20260915232500,0,44,0,48,2026091523,2026-09-15 23:29:26
4060358100,20260915232500,0,28,0,37,2026091523,2026-09-15 23:29:26
4050072500,20260915232500,0,23,0,10,2026091523,2026-09-15 23:29:26
4050608400,20260915232500,0,47,0,88,2026091523,2026-09-15 23:29:26
4060091300,20260915232500,0,10,0,7,2026091523,2026-09-15 23:29:26
4050472800,20260915232500,0,44,0,49,2026091523,2026-09-15 23:29:26
4050341600,20260915232500,0,29,0,29,2026091523,2026-09-15 23:29:26
4050257900,20260915232500,0,56,0,4,2026091523,2026-09-15 23:29:26
4050210400,20260915232500,0,22,0,36,2026091523,2026-09-15 23:29:26
4050126700,20260915232500,0,7,0,60,2026091523,2026-09-15 23:29:26
4050478100,20260915232500,0,28,0,38,2026091523,2026-09-15 23:29:26
4060491600,20260915232500,0,42,0,7,2026091523,2026-09-15 23:29:26
4050616001,20260915232500,0,41,0,10,2026091523,2026-09-15 23:29:26
4060414600,20260915232500,0,45,0,72,2026091523,2026-09-15 23:29:26
4050480400,20260915232500,0,74,0,9,2026091523,2026-09-15 23:29:26
4050265500,20260915232500,0,34,0,4,2026091523,2026-09-15 23:29:26
4060069400,20260915232500,0,14,0,22,2026091523,2026-09-15 23:29:26
4050319700,20260915232500,0,37,0,6,2026091523,2026-09-15 23:29:26
4060422200,20260915232500,0,25,0,123,2026091523,2026-09-15 23:29:26
4060207300,20260915232500,0,44,0,6,2026091523,2026-09-15 23:29:26
4050273100,20260915232500,0,65,0,35,2026091523,2026-09-15 23:29:26
4050189400,20260915232500,0,33,0,14,2026091523,2026-09-15 23:29:26
4060071700,20260915232500,0,39,0,1,2026091523,2026-09-15 23:29:26
4060077000,20260915232500,0,22,0,8,2026091523,2026-09-15 23:29:26
4050589700,20260915232500,0,28,0,23,2026091523,2026-09-15 23:29:26
4050542200,20260915232500,0,32,0,483,2026091523,2026-09-15 23:29:26
4050411000,20260915232500,0,57,0,40,2026091523,2026-09-15 23:29:26
4050327300,20260915232500,0,51,0,8,2026091523,2026-09-15 23:29:26
4060340800,20260915232500,0,46,0,120,2026091523,2026-09-15 23:29:26
4060125900,20260915232500,0,20,0,7,2026091523,2026-09-15 23:29:26
4060346100,20260915232500,0,23,0,25,2026091523,2026-09-15 23:29:26
4050460800,20260915232500,0,47,0,139,2026091523,2026-09-15 23:29:26
4050114702,20260915232500,0,14,0,28,2026091523,2026-09-15 23:29:26
4050114701,20260915232500,0,8,0,49,2026091523,2026-09-15 23:29:26
4050597300,20260915232500,0,5,0,268,2026091523,2026-09-15 23:29:26
4050466100,20260915232500,0,38,0,69,2026091523,2026-09-15 23:29:26
4060264700,20260915232500,0,34,0,16,2026091523,2026-09-15 23:29:26
4060049802,20260915232500,0,29,0,39,2026091523,2026-09-15 23:29:26
4060049801,20260915232500,0,33,0,52,2026091523,2026-09-15 23:29:26
4060133500,20260915232500,0,19,0,40,2026091523,2026-09-15 23:29:26
4050604000,20260915232500,0,9,0,43,2026091523,2026-09-15 23:29:26
4060533801,20260915232500,0,30,0,29,2026091523,2026-09-15 23:29:26
4060402600,20260915232500,0,21,0,29,2026091523,2026-09-15 23:29:26
4050384700,20260915232500,0,39,0,105,2026091523,2026-09-15 23:29:26
4050253500,20260915232500,0,30,0,7,2026091523,2026-09-15 23:29:26
4050169800,20260915232500,0,20,0,30,2026091523,2026-09-15 23:29:26
4050122300,20260915232500,0,18,0,41,2026091523,2026-09-15 23:29:26
4050038600,20260915232500,0,34,0,9,2026091523,2026-09-15 23:29:26
4060272300,20260915232500,0,27,0,17,2026091523,2026-09-15 23:29:26
4060188600,20260915232500,0,35,0,6,2026091523,2026-09-15 23:29:26
4060141100,20260915232500,0,26,0,77,2026091523,2026-09-15 23:29:26
4050522600,20260915232500,0,5,0,74,2026091523,2026-09-15 23:29:26
4050307700,20260915232500,0,28,0,19,2026091523,2026-09-15 23:29:26
4060410200,20260915232500,0,18,0,8,2026091523,2026-09-15 23:29:26
4060326500,20260915232500,0,28,0,24,2026091523,2026-09-15 23:29:26
4050040900,20260915232500,0,55,0,117,2026091523,2026-09-15 23:29:26
4050392300,20260915232500,0,24,0,36,2026091523,2026-09-15 23:29:26
4050261100,20260915232500,0,48,0,3,2026091523,2026-09-15 23:29:26
4050177400,20260915232500,0,26,0,73,2026091523,2026-09-15 23:29:26
4060190900,20260915232500,0,36,0,23,2026091523,2026-09-15 23:29:26
4060196200,20260915232500,0,26,0,29,2026091523,2026-09-15 23:29:26
4060065000,20260915232500,0,16,0,23,2026091523,2026-09-15 23:29:26
4050530200,20260915232500,0,60,0,9,2026091523,2026-09-15 23:29:26
4050446500,20260915232500,0,19,0,16,2026091523,2026-09-15 23:29:26
4050315300,20260915232500,0,26,0,29,2026091523,2026-09-15 23:29:26
4060113900,20260915232500,0,59,0,95,2026091523,2026-09-15 23:29:26
4060465300,20260915232500,0,28,0,60,2026091523,2026-09-15 23:29:26
4050185000,20260915232500,0,40,0,11,2026091523,2026-09-15 23:29:26
4060519500,20260915232500,0,45,0,6,2026091523,2026-09-15 23:29:26
4050233900,20260915232500,0,40,0,20,2026091523,2026-09-15 23:29:26
4050585300,20260915232500,0,61,0,34,2026091523,2026-09-15 23:29:26
4050102700,20260915232500,0,6,0,69,2026091523,2026-09-15 23:29:26
4050454100,20260915232500,0,35,0,87,2026091523,2026-09-15 23:29:26
4050239200,20260915232500,0,25,0,6,2026091523,2026-09-15 23:29:26
4060252700,20260915232500,0,43,0,123,2026091523,2026-09-15 23:29:26
4060121500,20260915232500,0,47,0,8,2026091523,2026-09-15 23:29:26
4060037800,20260915232500,0,23,0,22,2026091523,2026-09-15 23:29:26
4060258000,20260915232500,0,46,0,15,2026091523,2026-09-15 23:29:26
4050508300,20260915232500,0,41,0,59,2026091523,2026-09-15 23:29:26
4060521800,20260915232500,0,26,0,13,2026091523,2026-09-15 23:29:26
4060306900,20260915232500,0,24,0,84,2026091523,2026-09-15 23:29:26
4050372700,20260915232500,0,33,0,48,2026091523,2026-09-15 23:29:26
4050241500,20260915232500,0,20,0,21,2026091523,2026-09-15 23:29:26
4050157800,20260915232500,0,40,0,118,2026091523,2026-09-15 23:29:26
4050110300,20260915232500,0,5,0,267,2026091523,2026-09-15 23:29:26
4060176602,20260915232500,0,49,0,62,2026091523,2026-09-15 23:29:26
4060176601,20260915232500,0,59,0,19,2026091523,2026-09-15 23:29:26
4060260300,20260915232500,0,39,0,33,2026091523,2026-09-15 23:29:26
4060045400,20260915232500,0,14,0,9,2026091523,2026-09-15 23:29:26
4050510600,20260915232500,0,58,0,0,2026091523,2026-09-15 23:29:26
4050426900,20260915232500,0,37,0,62,2026091523,2026-09-15 23:29:26
4060445700,20260915232500,0,24,0,66,2026091523,2026-09-15 23:29:26
4060314500,20260915232500,0,48,0,31,2026091523,2026-09-15 23:29:26
4050380300,20260915232500,0,38,0,33,2026091523,2026-09-15 23:29:26
4050296600,20260915232500,0,31,0,4,2026091523,2026-09-15 23:29:26
4050165400,20260915232500,0,20,0,10,2026091523,2026-09-15 23:29:26
4050034200,20260915232500,0,45,0,42,2026091523,2026-09-15 23:29:26
4060184200,20260915232500,0,29,0,40,2026091523,2026-09-15 23:29:26
4050565700,20260915232500,0,49,0,6,2026091523,2026-09-15 23:29:26
4050434500,20260915232500,0,26,0,20,2026091523,2026-09-15 23:29:26
4050303300,20260915232500,0,49,0,3,2026091523,2026-09-15 23:29:26
4060101900,20260915232500,0,18,0,6,2026091523,2026-09-15 23:29:26
4060322100,20260915232500,0,46,0,3,2026091523,2026-09-15 23:29:26
4060238400,20260915232500,0,32,0,70,2026091523,2026-09-15 23:29:26
4060107200,20260915232500,0,7,0,14,2026091523,2026-09-15 23:29:26
4050173000,20260915232500,0,23,0,62,2026091523,2026-09-15 23:29:26
4050089300,20260915232500,0,21,0,22,2026091523,2026-09-15 23:29:26
4050221900,20260915232500,0,14,0,83,2026091523,2026-09-15 23:29:26
4050573300,20260915232500,0,36,0,99,2026091523,2026-09-15 23:29:26
4050489600,20260915232500,0,40,0,128,2026091523,2026-09-15 23:29:26
4050442100,20260915232500,0,21,0,88,2026091523,2026-09-15 23:29:26
4050358400,20260915232500,0,46,0,8,2026091523,2026-09-15 23:29:26
4060240700,20260915232500,0,43,0,76,2026091523,2026-09-15 23:29:26
4060025802,20260915232500,0,31,0,108,2026091523,2026-09-15 23:29:26
4060025801,20260915232500,0,19,0,14,2026091523,2026-09-15 23:29:26
4050091600,20260915232500,0,13,0,83,2026091523,2026-09-15 23:29:26
4060246000,20260915232500,0,51,0,35,2026091523,2026-09-15 23:29:26
4050491900,20260915232500,0,34,0,82,2026091523,2026-09-15 23:29:26
4050360700,20260915232500,0,38,0,345,2026091523,2026-09-15 23:29:26
4050145800,20260915232500,0,18,0,34,2026091523,2026-09-15 23:29:26
4050497200,20260915232500,0,57,0,1,2026091523,2026-09-15 23:29:26
4060295800,20260915232500,0,43,0,43,2026091523,2026-09-15 23:29:26
4060033400,20260915232500,0,15,0,96,2026091523,2026-09-15 23:29:26
4060433700,20260915232500,0,33,0,35,2026091523,2026-09-15 23:29:26
4060302500,20260915232500,0,23,0,48,2026091523,2026-09-15 23:29:26
4060218800,20260915232500,0,45,0,23,2026091523,2026-09-15 23:29:26
4050284600,20260915232500,0,30,0,19,2026091523,2026-09-15 23:29:26
4050153400,20260915232500,0,31,0,34,2026091523,2026-09-15 23:29:26
4050069700,20260915232500,0,31,0,7,2026091523,2026-09-15 23:29:26
4060088500,20260915232500,0,45,0,39,2026091523,2026-09-15 23:29:26
4050338800,20260915232500,0,34,0,11,2026091523,2026-09-15 23:29:26
4050559000,20260915232500,0,39,0,78,2026091523,2026-09-15 23:29:26
4060441300,20260915232500,0,29,0,33,2026091523,2026-09-15 23:29:26
4060357600,20260915232500,0,32,0,3,2026091523,2026-09-15 23:29:26
4060310100,20260915232500,0,42,0,43,2026091523,2026-09-15 23:29:26
4060226400,20260915232500,0,43,0,11,2026091523,2026-09-15 23:29:26
4050292200,20260915232500,0,29,0,9,2026091523,2026-09-15 23:29:26
4050161000,20260915232500,0,16,0,19,2026091523,2026-09-15 23:29:26
4060090800,20260915232500,0,21,0,63,2026091523,2026-09-15 23:29:26
4060096100,20260915232500,0,28,0,20,2026091523,2026-09-15 23:29:26
4050430100,20260915232500,0,52,0,28,2026091523,2026-09-15 23:29:26
4060496400,20260915232500,0,25,0,24,2026091523,2026-09-15 23:29:26
4060365200,20260915232500,0,57,0,168,2026091523,2026-09-15 23:29:26
4060234000,20260915232500,0,30,0,16,2026091523,2026-09-15 23:29:26
4060019100,20260915232500,0,45,0,12,2026091523,2026-09-15 23:29:26
4060503100,20260915232500,0,36,0,17,2026091523,2026-09-15 23:29:26
4050485200,20260915232500,0,15,0,31,2026091523,2026-09-15 23:29:26
4050354000,20260915232500,0,43,0,28,2026091523,2026-09-15 23:29:26
4060068900,20260915232500,0,8,0,40,2026091523,2026-09-15 23:29:26
4050402900,20260915232500,0,38,0,32,2026091523,2026-09-15 23:29:26
4050408200,20260915232500,0,54,0,113,2026091523,2026-09-15 23:29:26
4060421700,20260915232500,0,40,0,19,2026091523,2026-09-15 23:29:26
4060206800,20260915232500,0,59,0,22,2026091523,2026-09-15 23:29:26
4050272600,20260915232500,0,26,0,14,2026091523,2026-09-15 23:29:26
4050188900,20260915232500,0,33,0,9,2026091523,2026-09-15 23:29:26
4060427000,20260915232500,0,30,0,63,2026091523,2026-09-15 23:29:26
4050141400,20260915232500,0,9,0,49,2026091523,2026-09-15 23:29:26
4050057700,20260915232500,0,20,0,16,2026091523,2026-09-15 23:29:26
4050326800,20260915232500,0,48,0,6,2026091523,2026-09-15 23:29:26
4050547000,20260915232500,0,22,0,92,2026091523,2026-09-15 23:29:26
4060476800,20260915232500,0,35,0,31,2026091523,2026-09-15 23:29:26
4060345600,20260915232500,0,12,0,156,2026091523,2026-09-15 23:29:26
4060214400,20260915232500,0,55,0,22,2026091523,2026-09-15 23:29:26
4050280200,20260915232500,0,25,0,569,2026091523,2026-09-15 23:29:26
4050196500,20260915232500,0,35,0,14,2026091523,2026-09-15 23:29:26
4060084100,20260915232500,0,16,0,10,2026091523,2026-09-15 23:29:26
4050596800,20260915232500,0,12,0,98,2026091523,2026-09-15 23:29:26
4050465600,20260915232500,0,40,0,2,2026091523,2026-09-15 23:29:26
4050334400,20260915232500,0,26,0,49,2026091523,2026-09-15 23:29:26
4050203200,20260915232500,0,27,0,21,2026091523,2026-09-15 23:29:26
4050119500,20260915232500,0,19,0,70,2026091523,2026-09-15 23:29:26
4060484400,20260915232500,0,51,0,27,2026091523,2026-09-15 23:29:26
4060353200,20260915232500,0,41,0,20,2026091523,2026-09-15 23:29:26
4060269500,20260915232500,0,41,0,69,2026091523,2026-09-15 23:29:26
4060222000,20260915232500,0,39,0,8,2026091523,2026-09-15 23:29:26
4060138300,20260915232500,0,32,0,18,2026091523,2026-09-15 23:29:26
4050603500,20260915232500,0,17,0,22,2026091523,2026-09-15 23:29:26
4060407400,20260915232500,0,25,0,37,2026091523,2026-09-15 23:29:26
4050121800,20260915232500,0,23,0,19,2026091523,2026-09-15 23:29:26
4050342000,20260915232500,0,41,0,13,2026091523,2026-09-15 23:29:26
4050258300,20260915232500,0,29,0,5,2026091523,2026-09-15 23:29:26
4050127100,20260915232500,0,13,0,55,2026091523,2026-09-15 23:29:26
4060271800,20260915232500,0,41,0,48,2026091523,2026-09-15 23:29:26
4060492000,20260915232500,0,50,0,4,2026091523,2026-09-15 23:29:26
4060056900,20260915232500,0,31,0,104,2026091523,2026-09-15 23:29:26
4050391800,20260915232500,0,41,0,256,2026091523,2026-09-15 23:29:26
4050260600,20260915232500,0,42,0,10,2026091523,2026-09-15 23:29:26
4050176900,20260915232500,0,32,0,48,2026091523,2026-09-15 23:29:26
4060415000,20260915232500,0,34,0,66,2026091523,2026-09-15 23:29:26
4050045700,20260915232500,0,18,0,35,2026091523,2026-09-15 23:29:26
4050397100,20260915232500,0,47,0,93,2026091523,2026-09-15 23:29:26
4060195700,20260915232500,0,32,0,23,2026091523,2026-09-15 23:29:26
4060064500,20260915232500,0,18,0,14,2026091523,2026-09-15 23:29:26
4050314800,20260915232500,0,28,0,11,2026091523,2026-09-15 23:29:26
4060249900,20260915232500,0,13,0,40,2026091523,2026-09-15 23:29:26
4060202400,20260915232500,0,32,0,4,2026091523,2026-09-15 23:29:26
4060118700,20260915232500,0,31,0,46,2026091523,2026-09-15 23:29:26
4050184500,20260915232500,0,19,0,34,2026091523,2026-09-15 23:29:26
4050584800,20260915232500,0,65,0,124,2026091523,2026-09-15 23:29:26
4050369900,20260915232500,0,39,0,232,2026091523,2026-09-15 23:29:26
4050322400,20260915232500,0,30,0,84,2026091523,2026-09-15 23:29:26
4050238700,20260915232500,0,36,0,6,2026091523,2026-09-15 23:29:26
4060341200,20260915232500,0,59,0,120,2026091523,2026-09-15 23:29:26
4060257500,20260915232500,0,59,0,3,2026091523,2026-09-15 23:29:26
4050192102,20260915232500,0,27,0,8,2026091523,2026-09-15 23:29:26
4060210000,20260915232500,0,42,0,93,2026091523,2026-09-15 23:29:26
4060126300,20260915232500,0,22,0,77,2026091523,2026-09-15 23:29:26
4060526600,20260915232500,0,15,0,29,2026091523,2026-09-15 23:29:26
4050592400,20260915232500,0,35,0,7,2026091523,2026-09-15 23:29:26
4050461200,20260915232500,0,33,0,100,2026091523,2026-09-15 23:29:26
4050377500,20260915232500,0,51,0,189,2026091523,2026-09-15 23:29:26
4050330000,20260915232500,0,30,0,3,2026091523,2026-09-15 23:29:26
4060480000,20260915232500,0,51,0,18,2026091523,2026-09-15 23:29:26
4060396300,20260915232500,0,32,0,100,2026091523,2026-09-15 23:29:26
4060265100,20260915232500,0,41,0,4,2026091523,2026-09-15 23:29:26
4050515400,20260915232500,0,40,0,24,2026091523,2026-09-15 23:29:26
4060534201,20260915232500,0,25,0,35,2026091523,2026-09-15 23:29:26
4050164900,20260915232500,0,23,0,41,2026091523,2026-09-15 23:29:26
4050033700,20260915232500,0,54,0,148,2026091523,2026-09-15 23:29:26
4060319300,20260915232500,0,41,0,38,2026091523,2026-09-15 23:29:26
4050385100,20260915232500,0,36,0,110,2026091523,2026-09-15 23:29:26
4050039000,20260915232500,0,29,0,48,2026091523,2026-09-15 23:29:26
4060183700,20260915232500,0,55,0,14,2026091523,2026-09-15 23:29:26
4060189000,20260915232500,0,30,0,4,2026091523,2026-09-15 23:29:26
4050302800,20260915232500,0,3,0,88,2026091523,2026-09-15 23:29:26
4050523000,20260915232500,0,51,0,255,2026091523,2026-09-15 23:29:26
4050308100,20260915232500,0,26,0,24,2026091523,2026-09-15 23:29:26
4060452800,20260915232500,0,29,0,70,2026091523,2026-09-15 23:29:26
4050041306,20260915232500,0,17,0,45,2026091523,2026-09-15 23:29:26
4060321600,20260915232500,0,33,0,121,2026091523,2026-09-15 23:29:26
4050041305,20260915232500,0,28,0,74,2026091523,2026-09-15 23:29:26
4060237900,20260915232500,0,54,0,32,2026091523,2026-09-15 23:29:26
4060106700,20260915232500,0,10,0,18,2026091523,2026-09-15 23:29:26
4060458100,20260915232500,0,42,0,4,2026091523,2026-09-15 23:29:26
4050172500,20260915232500,0,23,0,6,2026091523,2026-09-15 23:29:26
4060191300,20260915232500,0,54,0,32,2026091523,2026-09-15 23:29:26
4060060100,20260915232500,0,20,0,16,2026091523,2026-09-15 23:29:26
4050572800,20260915232500,0,10,0,66,2026091523,2026-09-15 23:29:26
4050441600,20260915232500,0,35,0,61,2026091523,2026-09-15 23:29:26
4050357900,20260915232500,0,28,0,5,2026091523,2026-09-15 23:29:26
4050578100,20260915232500,0,17,0,30,2026091523,2026-09-15 23:29:26
4060376700,20260915232500,0,37,0,22,2026091523,2026-09-15 23:29:26
4060245500,20260915232500,0,30,0,20,2026091523,2026-09-15 23:29:26
4060114300,20260915232500,0,31,0,11,2026091523,2026-09-15 23:29:26
4050180100,20260915232500,0,17,0,99,2026091523,2026-09-15 23:29:26
4050096400,20260915232500,0,16,0,15,2026091523,2026-09-15 23:29:26
4050580400,20260915232500,0,62,0,34,2026091523,2026-09-15 23:29:26
4050496700,20260915232500,0,39,0,42,2026091523,2026-09-15 23:29:26
4050234300,20260915232500,0,26,0,4,2026091523,2026-09-15 23:29:26
4050103100,20260915232500,0,15,0,24,2026091523,2026-09-15 23:29:26
4060384300,20260915232500,0,36,0,60,2026091523,2026-09-15 23:29:26
4060253100,20260915232500,0,34,0,43,2026091523,2026-09-15 23:29:26
4060038200,20260915232500,0,26,0,17,2026091523,2026-09-15 23:29:26
4060522200,20260915232500,0,17,0,27,2026091523,2026-09-15 23:29:26
4050152900,20260915232500,0,21,0,41,2026091523,2026-09-15 23:29:26
4060307300,20260915232500,0,42,0,87,2026091523,2026-09-15 23:29:26
4050373100,20260915232500,0,28,0,29,2026091523,2026-09-15 23:29:26
4050289400,20260915232500,0,57,0,5,2026091523,2026-09-15 23:29:26
4050158200,20260915232500,0,19,0,99,2026091523,2026-09-15 23:29:26
4060171700,20260915232500,0,28,0,18,2026091523,2026-09-15 23:29:26
4060177006,20260915232500,0,52,0,29,2026091523,2026-09-15 23:29:26
4060177005,20260915232500,0,46,0,14,2026091523,2026-09-15 23:29:26
4060177004,20260915232500,0,47,0,4,2026091523,2026-09-15 23:29:26
4060177003,20260915232500,0,49,0,38,2026091523,2026-09-15 23:29:26
4050511000,20260915232500,0,26,0,47,2026091523,2026-09-15 23:29:26
4050427300,20260915232500,0,34,0,46,2026091523,2026-09-15 23:29:26
4060440800,20260915232500,0,53,0,143,2026091523,2026-09-15 23:29:26
4060225900,20260915232500,0,37,0,17,2026091523,2026-09-15 23:29:26
4050291700,20260915232500,0,62,0,4,2026091523,2026-09-15 23:29:26
4050160500,20260915232500,0,26,0,24,2026091523,2026-09-15 23:29:26
4050076800,20260915232500,0,15,0,99,2026091523,2026-09-15 23:29:26
4050297000,20260915232500,0,47,0,3,2026091523,2026-09-15 23:29:26
4060095600,20260915232500,0,40,0,44,2026091523,2026-09-15 23:29:26
4050560800,20260915232500,0,27,0,106,2026091523,2026-09-15 23:29:26
4050345900,20260915232500,0,55,0,3,2026091523,2026-09-15 23:29:26
4060495900,20260915232500,0,28,0,4,2026091523,2026-09-15 23:29:26
4060364700,20260915232500,0,41,0,113,2026091523,2026-09-15 23:29:26
4060233500,20260915232500,0,26,0,22,2026091523,2026-09-15 23:29:26
4060102300,20260915232500,0,20,0,11,2026091523,2026-09-15 23:29:26
4050353500,20260915232500,0,33,0,17,2026091523,2026-09-15 23:29:26
4050269800,20260915232500,0,34,0,4,2026091523,2026-09-15 23:29:26
4050138600,20260915232500,0,18,0,50,2026091523,2026-09-15 23:29:26
4060372300,20260915232500,0,54,0,12,2026091523,2026-09-15 23:29:26
4060241100,20260915232500,0,39,0,63,2026091523,2026-09-15 23:29:26
4060026200,20260915232500,0,32,0,57,2026091523,2026-09-15 23:29:26
4050538900,20260915232500,0,26,0,20,2026091523,2026-09-15 23:29:26
4050140900,20260915232500,0,19,0,31,2026091523,2026-09-15 23:29:26
4050492300,20260915232500,0,34,0,35,2026091523,2026-09-15 23:29:26
4050361100,20260915232500,0,41,0,30,2026091523,2026-09-15 23:29:26
4050277400,20260915232500,0,8,0,92,2026091523,2026-09-15 23:29:26
4050146200,20260915232500,0,12,0,38,2026091523,2026-09-15 23:29:26
4050415300,20260915232500,0,37,0,70,2026091523,2026-09-15 23:29:26
4060213900,20260915232500,0,45,0,22,2026091523,2026-09-15 23:29:26
4060434100,20260915232500,0,48,0,101,2026091523,2026-09-15 23:29:26
4050064800,20260915232500,0,2,0,210,2026091523,2026-09-15 23:29:26
4060219200,20260915232500,0,28,0,23,2026091523,2026-09-15 23:29:26
4050285000,20260915232500,0,42,0,39,2026091523,2026-09-15 23:29:26
4060083600,20260915232500,0,3,0,120,2026091523,2026-09-15 23:29:26
4050333900,20260915232500,0,43,0,6,2026091523,2026-09-15 23:29:26
4050554100,20260915232500,0,29,0,28,2026091523,2026-09-15 23:29:26
4050339200,20260915232500,0,43,0,54,2026091523,2026-09-15 23:29:26
4050208000,20260915232500,0,25,0,16,2026091523,2026-09-15 23:29:26
4060352700,20260915232500,0,47,0,84,2026091523,2026-09-15 23:29:26
4060137802,20260915232500,0,29,0,25,2026091523,2026-09-15 23:29:26
4060137801,20260915232500,0,37,0,126,2026091523,2026-09-15 23:29:26
4060221500,20260915232500,0,31,0,6,2026091523,2026-09-15 23:29:26
4050072400,20260915232500,0,17,0,27,2026091523,2026-09-15 23:29:26
4060358000,20260915232500,0,32,0,47,2026091523,2026-09-15 23:29:26
4060091200,20260915232500,0,13,0,4,2026091523,2026-09-15 23:29:26
4060406900,20260915232500,0,36,0,19,2026091523,2026-09-15 23:29:26
4050472700,20260915232500,0,47,0,36,2026091523,2026-09-15 23:29:26
4050341500,20260915232500,0,39,0,12,2026091523,2026-09-15 23:29:26
4050257800,20260915232500,0,40,0,6,2026091523,2026-09-15 23:29:26
4050210300,20260915232500,0,24,0,32,2026091523,2026-09-15 23:29:26
4050126600,20260915232500,0,18,0,38,2026091523,2026-09-15 23:29:26
4050478000,20260915232500,0,33,0,34,2026091523,2026-09-15 23:29:26
4060491500,20260915232500,0,47,0,8,2026091523,2026-09-15 23:29:26
4050080000,20260915232500,0,20,0,22,2026091523,2026-09-15 23:29:26
4050526900,20260915232500,0,23,0,2,2026091523,2026-09-15 23:29:26
4060414500,20260915232500,0,36,0,100,2026091523,2026-09-15 23:29:26
4050480300,20260915232500,0,42,0,161,2026091523,2026-09-15 23:29:26
4050265400,20260915232500,0,26,0,6,2026091523,2026-09-15 23:29:26
4050003000,20260915232500,0,52,0,39,2026091523,2026-09-15 23:29:26
4060069300,20260915232500,0,11,0,58,2026091523,2026-09-15 23:29:26
4050403300,20260915232500,0,32,0,33,2026091523,2026-09-15 23:29:26
4050319600,20260915232500,0,47,0,4,2026091523,2026-09-15 23:29:26
4060201900,20260915232500,0,22,0,5,2026091523,2026-09-15 23:29:26
4060469600,20260915232500,0,51,0,93,2026091523,2026-09-15 23:29:26
4050052800,20260915232500,0,7,0,120,2026091523,2026-09-15 23:29:26
4060207200,20260915232500,0,28,0,9,2026091523,2026-09-15 23:29:26
4050273000,20260915232500,0,50,0,45,2026091523,2026-09-15 23:29:26
4050189300,20260915232500,0,4,0,116,2026091523,2026-09-15 23:29:26
4060071600,20260915232500,0,30,0,1,2026091523,2026-09-15 23:29:26
4050321900,20260915232500,0,37,0,14,2026091523,2026-09-15 23:29:26
4050589600,20260915232500,0,26,0,24,2026091523,2026-09-15 23:29:26
4050327200,20260915232500,0,25,0,17,2026091523,2026-09-15 23:29:26
4060471900,20260915232500,0,19,0,46,2026091523,2026-09-15 23:29:26
4060340700,20260915232500,0,26,0,8,2026091523,2026-09-15 23:29:26
4060125800,20260915232500,0,34,0,64,2026091523,2026-09-15 23:29:26
4050191600,20260915232500,0,9,0,28,2026091523,2026-09-15 23:29:26
4060346000,20260915232500,0,27,0,20,2026091523,2026-09-15 23:29:26
4050460700,20260915232500,0,35,0,11,2026091523,2026-09-15 23:29:26
4050597200,20260915232500,0,10,0,51,2026091523,2026-09-15 23:29:26
4050466000,20260915232500,0,39,0,66,2026091523,2026-09-15 23:29:26
4060264600,20260915232500,0,32,0,17,2026091523,2026-09-15 23:29:26
4060133400,20260915232500,0,33,0,12,2026091523,2026-09-15 23:29:26
4050514900,20260915232500,0,31,0,40,2026091523,2026-09-15 23:29:26
4060533701,20260915232500,0,53,0,16,2026091523,2026-09-15 23:29:26
4060402500,20260915232500,0,23,0,43,2026091523,2026-09-15 23:29:26
4050384600,20260915232500,0,39,0,104,2026091523,2026-09-15 23:29:26
4050253400,20260915232500,0,36,0,6,2026091523,2026-09-15 23:29:26
4050169700,20260915232500,0,27,0,22,2026091523,2026-09-15 23:29:26
4050122200,20260915232500,0,19,0,21,2026091523,2026-09-15 23:29:26
4050038500,20260915232500,0,37,0,9,2026091523,2026-09-15 23:29:26
4060272200,20260915232500,0,45,0,10,2026091523,2026-09-15 23:29:26
4060188500,20260915232500,0,37,0,5,2026091523,2026-09-15 23:29:26
4050522500,20260915232500,0,14,0,15,2026091523,2026-09-15 23:29:26
4050307600,20260915232500,0,45,0,12,2026091523,2026-09-15 23:29:26
4050392200,20260915232500,0,11,0,77,2026091523,2026-09-15 23:29:26
4050261000,20260915232500,0,29,0,6,2026091523,2026-09-15 23:29:26
4050177300,20260915232500,0,16,0,116,2026091523,2026-09-15 23:29:26
4060190800,20260915232500,0,46,0,18,2026091523,2026-09-15 23:29:26
4060196100,20260915232500,0,29,0,69,2026091523,2026-09-15 23:29:26
4050530100,20260915232500,0,42,0,16,2026091523,2026-09-15 23:29:26
4050446400,20260915232500,0,24,0,13,2026091523,2026-09-15 23:29:26
4050315200,20260915232500,0,10,0,75,2026091523,2026-09-15 23:29:26
4050095902,20260915232500,0,16,0,13,2026091523,2026-09-15 23:29:26
4060113800,20260915232500,0,24,0,29,2026091523,2026-09-15 23:29:26
4050095901,20260915232500,0,15,0,13,2026091523,2026-09-15 23:29:26
4060334000,20260915232500,0,48,0,75,2026091523,2026-09-15 23:29:26
4060119100,20260915232500,0,24,0,69,2026091523,2026-09-15 23:29:26
4060519400,20260915232500,0,22,0,6,2026091523,2026-09-15 23:29:26
4050233800,20260915232500,0,38,0,22,2026091523,2026-09-15 23:29:26
4050585200,20260915232500,0,67,0,31,2026091523,2026-09-15 23:29:26
4050454000,20260915232500,0,39,0,78,2026091523,2026-09-15 23:29:26
4050239100,20260915232500,0,50,0,2,2026091523,2026-09-15 23:29:26
4060252600,20260915232500,0,39,0,137,2026091523,2026-09-15 23:29:26
4060121400,20260915232500,0,42,0,9,2026091523,2026-09-15 23:29:26
4060037700,20260915232500,0,18,0,35,2026091523,2026-09-15 23:29:26
4050502900,20260915232500,0,37,0,19,2026091523,2026-09-15 23:29:26
4050508200,20260915232500,0,45,0,54,2026091523,2026-09-15 23:29:26
4060521700,20260915232500,0,48,0,7,2026091523,2026-09-15 23:29:26
4060306800,20260915232500,0,43,0,44,2026091523,2026-09-15 23:29:26
4050372600,20260915232500,0,40,0,39,2026091523,2026-09-15 23:29:26
4050288900,20260915232500,0,75,0,38,2026091523,2026-09-15 23:29:26
4060527000,20260915232500,0,25,0,63,2026091523,2026-09-15 23:29:26
4050241400,20260915232500,0,50,0,8,2026091523,2026-09-15 23:29:26
4050157700,20260915232500,0,36,0,130,2026091523,2026-09-15 23:29:26
4060260200,20260915232500,0,43,0,30,2026091523,2026-09-15 23:29:26
4060176500,20260915232500,0,40,0,18,2026091523,2026-09-15 23:29:26
4060045300,20260915232500,0,34,0,3,2026091523,2026-09-15 23:29:26
4050426800,20260915232500,0,17,0,135,2026091523,2026-09-15 23:29:26
4060445600,20260915232500,0,31,0,27,2026091523,2026-09-15 23:29:26
4060314400,20260915232500,0,30,0,14,2026091523,2026-09-15 23:29:26
4050380200,20260915232500,0,32,0,40,2026091523,2026-09-15 23:29:26
4050296500,20260915232500,0,27,0,24,2026091523,2026-09-15 23:29:26
4050165300,20260915232500,0,18,0,12,2026091523,2026-09-15 23:29:26
4050034100,20260915232500,0,39,0,47,2026091523,2026-09-15 23:29:26
4060184100,20260915232500,0,49,0,4,2026091523,2026-09-15 23:29:26
4050434400,20260915232500,0,13,0,41,2026091523,2026-09-15 23:29:26
4050303200,20260915232500,0,63,0,2,2026091523,2026-09-15 23:29:26
4060101800,20260915232500,0,20,0,6,2026091523,2026-09-15 23:29:26
4060453200,20260915232500,0,31,0,31,2026091523,2026-09-15 23:29:26
4050083900,20260915232500,0,17,0,12,2026091523,2026-09-15 23:29:26
4060322000,20260915232500,0,39,0,15,2026091523,2026-09-15 23:29:26
4060238300,20260915232500,0,34,0,28,2026091523,2026-09-15 23:29:26
4060107100,20260915232500,0,21,0,4,2026091523,2026-09-15 23:29:26
4050089200,20260915232500,0,14,0,14,2026091523,2026-09-15 23:29:26
4060507400,20260915232500,0,19,0,73,2026091523,2026-09-15 23:29:26
4050221800,20260915232500,0,47,0,25,2026091523,2026-09-15 23:29:26
4050573200,20260915232500,0,35,0,102,2026091523,2026-09-15 23:29:26
4050442000,20260915232500,0,13,0,140,2026091523,2026-09-15 23:29:26
4050358300,20260915232500,0,37,0,18,2026091523,2026-09-15 23:29:26
4060371800,20260915232500,0,24,0,51,2026091523,2026-09-15 23:29:26
4060240600,20260915232500,0,48,0,68,2026091523,2026-09-15 23:29:26
4060025702,20260915232500,0,10,0,26,2026091523,2026-09-15 23:29:26
4060025701,20260915232500,0,26,0,124,2026091523,2026-09-15 23:29:26
4050091500,20260915232500,0,12,0,92,2026091523,2026-09-15 23:29:26
4050491800,20260915232500,0,30,0,92,2026091523,2026-09-15 23:29:26
4050360600,20260915232500,0,40,0,328,2026091523,2026-09-15 23:29:26
4050276900,20260915232500,0,30,0,50,2026091523,2026-09-15 23:29:26
4050145700,20260915232500,0,23,0,26,2026091523,2026-09-15 23:29:26
4050497100,20260915232500,0,40,0,1,2026091523,2026-09-15 23:29:26
4060295700,20260915232500,0,29,0,71,2026091523,2026-09-15 23:29:26
4060033300,20260915232500,0,22,0,65,2026091523,2026-09-15 23:29:26
4060433600,20260915232500,0,45,0,12,2026091523,2026-09-15 23:29:26
4060349900,20260915232500,0,22,0,16,2026091523,2026-09-15 23:29:26
4060302400,20260915232500,0,10,0,116,2026091523,2026-09-15 23:29:26
4060218700,20260915232500,0,44,0,52,2026091523,2026-09-15 23:29:26
4050284500,20260915232500,0,48,0,32,2026091523,2026-09-15 23:29:26
4050153300,20260915232500,0,33,0,32,2026091523,2026-09-15 23:29:26
4050069600,20260915232500,0,20,0,10,2026091523,2026-09-15 23:29:26
4060172100,20260915232500,0,56,0,28,2026091523,2026-09-15 23:29:26
4060088400,20260915232500,0,13,0,11,2026091523,2026-09-15 23:29:26
4050338700,20260915232500,0,49,0,18,2026091523,2026-09-15 23:29:26
4060441200,20260915232500,0,31,0,59,2026091523,2026-09-15 23:29:26
4060226300,20260915232500,0,35,0,40,2026091523,2026-09-15 23:29:26
4050292100,20260915232500,0,47,0,72,2026091523,2026-09-15 23:29:26
4050077200,20260915232500,0,17,0,25,2026091523,2026-09-15 23:29:26
4060090700,20260915232500,0,34,0,39,2026091523,2026-09-15 23:29:26
4060096002,20260915232500,0,83,0,33,2026091523,2026-09-15 23:29:26
4050430000,20260915232500,0,42,0,34,2026091523,2026-09-15 23:29:26
4050346300,20260915232500,0,46,0,27,2026091523,2026-09-15 23:29:26
4060496300,20260915232500,0,32,0,14,2026091523,2026-09-15 23:29:26
4060365100,20260915232500,0,50,0,192,2026091523,2026-09-15 23:29:26
4060019000,20260915232500,0,13,0,8,2026091523,2026-09-15 23:29:26
4050264900,20260915232500,0,17,0,118,2026091523,2026-09-15 23:29:26
4060503000,20260915232500,0,33,0,39,2026091523,2026-09-15 23:29:26
4050139000,20260915232500,0,13,0,19,2026091523,2026-09-15 23:29:26
4060068800,20260915232500,0,19,0,21,2026091523,2026-09-15 23:29:26
4050402800,20260915232500,0,41,0,32,2026091523,2026-09-15 23:29:26
4050408100,20260915232500,0,50,0,157,2026091523,2026-09-15 23:29:26
4060421600,20260915232500,0,44,0,18,2026091523,2026-09-15 23:29:26
4060337900,20260915232500,0,36,0,15,2026091523,2026-09-15 23:29:26
4060206700,20260915232500,0,27,0,7,2026091523,2026-09-15 23:29:26
4050272500,20260915232500,0,45,0,5,2026091523,2026-09-15 23:29:26
4050188800,20260915232500,0,16,0,18,2026091523,2026-09-15 23:29:26
4050141300,20260915232500,0,16,0,27,2026091523,2026-09-15 23:29:26
4050326700,20260915232500,0,70,0,11,2026091523,2026-09-15 23:29:26
4060476700,20260915232500,0,35,0,33,2026091523,2026-09-15 23:29:26
4060345500,20260915232500,0,25,0,4,2026091523,2026-09-15 23:29:26
4060214300,20260915232500,0,45,0,17,2026091523,2026-09-15 23:29:26
4050280100,20260915232500,0,55,0,8,2026091523,2026-09-15 23:29:26
4050196400,20260915232500,0,33,0,16,2026091523,2026-09-15 23:29:26
4050065200,20260915232500,0,19,0,40,2026091523,2026-09-15 23:29:26
4060084000,20260915232500,0,29,0,5,2026091523,2026-09-15 23:29:26
4050596700,20260915232500,0,30,0,37,2026091523,2026-09-15 23:29:26
4050465500,20260915232500,0,46,0,213,2026091523,2026-09-15 23:29:26
4050334300,20260915232500,0,49,0,37,2026091523,2026-09-15 23:29:26
4050203100,20260915232500,0,19,0,30,2026091523,2026-09-15 23:29:26
4050119400,20260915232500,0,8,0,67,2026091523,2026-09-15 23:29:26
4060132900,20260915232500,0,12,0,51,2026091523,2026-09-15 23:29:26
4060484300,20260915232500,0,66,0,20,2026091523,2026-09-15 23:29:26
4060269400,20260915232500,0,29,0,98,2026091523,2026-09-15 23:29:26
4060138200,20260915232500,0,45,0,47,2026091523,2026-09-15 23:29:26
4050603400,20260915232500,0,13,0,29,2026091523,2026-09-15 23:29:26
4050121700,20260915232500,0,23,0,19,2026091523,2026-09-15 23:29:26
4050258200,20260915232500,0,46,0,3,2026091523,2026-09-15 23:29:26
4050127000,20260915232500,0,13,0,54,2026091523,2026-09-15 23:29:26
4060271700,20260915232500,0,51,0,23,2026091523,2026-09-15 23:29:26
4060056800,20260915232500,0,25,0,132,2026091523,2026-09-15 23:29:26
4050527300,20260915232500,0,36,0,236,2026091523,2026-09-15 23:29:26
4060325900,20260915232500,0,15,0,41,2026091523,2026-09-15 23:29:26
4050391700,20260915232500,0,32,0,62,2026091523,2026-09-15 23:29:26
4050260500,20260915232500,0,40,0,4,2026091523,2026-09-15 23:29:26
4050045600,20260915232500,0,11,0,49,2026091523,2026-09-15 23:29:26
4050397000,20260915232500,0,50,0,87,2026091523,2026-09-15 23:29:26
4060195600,20260915232500,0,22,0,31,2026091523,2026-09-15 23:29:26
4060064400,20260915232500,0,17,0,15,2026091523,2026-09-15 23:29:26
4050445900,20260915232500,0,29,0,14,2026091523,2026-09-15 23:29:26
4050314700,20260915232500,0,21,0,21,2026091523,2026-09-15 23:29:26
4060249800,20260915232500,0,78,0,6,2026091523,2026-09-15 23:29:26
4060202300,20260915232500,0,37,0,10,2026091523,2026-09-15 23:29:26
4060118600,20260915232500,0,34,0,41,2026091523,2026-09-15 23:29:26
4050053200,20260915232500,0,8,0,48,2026091523,2026-09-15 23:29:26
4060518900,20260915232500,0,46,0,169,2026091523,2026-09-15 23:29:26
4050584700,20260915232500,0,33,0,7,2026091523,2026-09-15 23:29:26
4050453500,20260915232500,0,31,0,259,2026091523,2026-09-15 23:29:26
4050369800,20260915232500,0,39,0,229,2026091523,2026-09-15 23:29:26
4050322300,20260915232500,0,24,0,13,2026091523,2026-09-15 23:29:26
4050107402,20260915232500,0,39,0,37,2026091523,2026-09-15 23:29:26
4050238600,20260915232500,0,33,0,7,2026091523,2026-09-15 23:29:26
4050107401,20260915232500,0,27,0,260,2026091523,2026-09-15 23:29:26
4060120900,20260915232500,0,34,0,12,2026091523,2026-09-15 23:29:26
4060126203,20260915232500,0,16,0,41,2026091523,2026-09-15 23:29:26
4060341100,20260915232500,0,25,0,32,2026091523,2026-09-15 23:29:26
4060257400,20260915232500,0,36,0,6,2026091523,2026-09-15 23:29:26
4060126201,20260915232500,0,54,0,24,2026091523,2026-09-15 23:29:26
4050507700,20260915232500,0,46,0,125,2026091523,2026-09-15 23:29:26
4060526500,20260915232500,0,12,0,36,2026091523,2026-09-15 23:29:26
4050240900,20260915232500,0,47,0,18,2026091523,2026-09-15 23:29:26
4050461100,20260915232500,0,48,0,95,2026091523,2026-09-15 23:29:26
4050377400,20260915232500,0,74,0,129,2026091523,2026-09-15 23:29:26
4060390900,20260915232500,0,53,0,12,2026091523,2026-09-15 23:29:26
4060396200,20260915232500,0,45,0,72,2026091523,2026-09-15 23:29:26
4060265000,20260915232500,0,26,0,7,2026091523,2026-09-15 23:29:26
4050515300,20260915232500,0,23,0,141,2026091523,2026-09-15 23:29:26
4060313900,20260915232500,0,33,0,23,2026091523,2026-09-15 23:29:26
4060534101,20260915232500,0,27,0,32,2026091523,2026-09-15 23:29:26
4050164800,20260915232500,0,19,0,9,2026091523,2026-09-15 23:29:26
4050385000,20260915232500,0,38,0,105,2026091523,2026-09-15 23:29:26
4060183600,20260915232500,0,34,0,25,2026091523,2026-09-15 23:29:26
4060099900,20260915232500,0,23,0,21,2026091523,2026-09-15 23:29:26
4050302700,20260915232500,0,46,0,8,2026091523,2026-09-15 23:29:26
4050308000,20260915232500,0,44,0,14,2026091523,2026-09-15 23:29:26
4060452700,20260915232500,0,45,0,45,2026091523,2026-09-15 23:29:26
4060321500,20260915232500,0,39,0,103,2026091523,2026-09-15 23:29:26
4060237800,20260915232500,0,48,0,37,2026091523,2026-09-15 23:29:26
4060106600,20260915232500,0,14,0,11,2026091523,2026-09-15 23:29:26
4050172400,20260915232500,0,26,0,5,2026091523,2026-09-15 23:29:26
4060191200,20260915232500,0,52,0,33,2026091523,2026-09-15 23:29:26
4060060000,20260915232500,0,20,0,17,2026091523,2026-09-15 23:29:26
4060506900,20260915232500,0,44,0,31,2026091523,2026-09-15 23:29:26
4050572700,20260915232500,0,36,0,107,2026091523,2026-09-15 23:29:26
4050357800,20260915232500,0,31,0,4,2026091523,2026-09-15 23:29:26
4050578000,20260915232500,0,17,0,29,2026091523,2026-09-15 23:29:26
4060376600,20260915232500,0,31,0,27,2026091523,2026-09-15 23:29:26
4060245400,20260915232500,0,31,0,19,2026091523,2026-09-15 23:29:26
4060114200,20260915232500,0,31,0,44,2026091523,2026-09-15 23:29:26
4050096300,20260915232500,0,8,0,27,2026091523,2026-09-15 23:29:26
4050580300,20260915232500,0,29,0,16,2026091523,2026-09-15 23:29:26
4050496600,20260915232500,0,18,0,13,2026091523,2026-09-15 23:29:26
4050234200,20260915232500,0,45,0,2,2026091523,2026-09-15 23:29:26
4050103000,20260915232500,0,17,0,24,2026091523,2026-09-15 23:29:26
4060032800,20260915232500,0,8,0,111,2026091523,2026-09-15 23:29:26
4060384200,20260915232500,0,33,0,65,2026091523,2026-09-15 23:29:26
4060038104,20260915232500,0,38,0,18,2026091523,2026-09-15 23:29:26
4060038103,20260915232500,0,31,0,49,2026091523,2026-09-15 23:29:26
4060253000,20260915232500,0,43,0,34,2026091523,2026-09-15 23:29:26
4060038102,20260915232500,0,30,0,12,2026091523,2026-09-15 23:29:26
4050503300,20260915232500,0,36,0,38,2026091523,2026-09-15 23:29:26
4060301900,20260915232500,0,38,0,54,2026091523,2026-09-15 23:29:26
4060522100,20260915232500,0,13,0,38,2026091523,2026-09-15 23:29:26
4060438400,20260915232500,0,28,0,41,2026091523,2026-09-15 23:29:26
4050152800,20260915232500,0,20,0,20,2026091523,2026-09-15 23:29:26
4060307200,20260915232500,0,43,0,62,2026091523,2026-09-15 23:29:26
4050373000,20260915232500,0,25,0,33,2026091523,2026-09-15 23:29:26
4050158100,20260915232500,0,26,0,73,2026091523,2026-09-15 23:29:26
4060171600,20260915232500,0,28,0,18,2026091523,2026-09-15 23:29:26
4060087900,20260915232500,0,22,0,16,2026091523,2026-09-15 23:29:26
4050427200,20260915232500,0,20,0,79,2026091523,2026-09-15 23:29:26
4060440700,20260915232500,0,42,0,181,2026091523,2026-09-15 23:29:26
4060225800,20260915232500,0,42,0,15,2026091523,2026-09-15 23:29:26
4050291600,20260915232500,0,44,0,6,2026091523,2026-09-15 23:29:26
4050076700,20260915232500,0,32,0,46,2026091523,2026-09-15 23:29:26
4060095500,20260915232500,0,35,0,51,2026091523,2026-09-15 23:29:26
4050560700,20260915232500,0,40,0,36,2026091523,2026-09-15 23:29:26
4050345800,20260915232500,0,53,0,3,2026091523,2026-09-15 23:29:26
4060495800,20260915232500,0,35,0,6,2026091523,2026-09-15 23:29:26
4060364600,20260915232500,0,32,0,26,2026091523,2026-09-15 23:29:26
4060233400,20260915232500,0,46,0,12,2026091523,2026-09-15 23:29:26
4060102200,20260915232500,0,21,0,10,2026091523,2026-09-15 23:29:26
4050614900,20260915232500,0,39,0,27,2026091523,2026-09-15 23:29:26
4050353400,20260915232500,0,39,0,14,2026091523,2026-09-15 23:29:26
4050269700,20260915232500,0,42,0,10,2026091523,2026-09-15 23:29:26
4050222200,20260915232500,0,38,0,54,2026091523,2026-09-15 23:29:26
4050138500,20260915232500,0,25,0,37,2026091523,2026-09-15 23:29:26
4060241000,20260915232500,0,44,0,56,2026091523,2026-09-15 23:29:26
4060026100,20260915232500,0,33,0,55,2026091523,2026-09-15 23:29:26
4050538800,20260915232500,0,29,0,18,2026091523,2026-09-15 23:29:26
4050140800,20260915232500,0,20,0,30,2026091523,2026-09-15 23:29:26
4050492200,20260915232500,0,34,0,35,2026091523,2026-09-15 23:29:26
4050361000,20260915232500,0,35,0,35,2026091523,2026-09-15 23:29:26
4050277300,20260915232500,0,18,0,37,2026091523,2026-09-15 23:29:26
4050146100,20260915232500,0,9,0,50,2026091523,2026-09-15 23:29:26
4060075900,20260915232500,0,30,0,9,2026091523,2026-09-15 23:29:26
4060296100,20260915232500,0,27,0,177,2026091523,2026-09-15 23:29:26
4050415200,20260915232500,0,30,0,86,2026091523,2026-09-15 23:29:26
4060213800,20260915232500,0,44,0,22,2026091523,2026-09-15 23:29:26
4050195900,20260915232500,0,24,0,11,2026091523,2026-09-15 23:29:26
4060434000,20260915232500,0,31,0,1,2026091523,2026-09-15 23:29:26
4050064700,20260915232500,0,5,0,84,2026091523,2026-09-15 23:29:26
4060219100,20260915232500,0,33,0,23,2026091523,2026-09-15 23:29:26
4060083500,20260915232500,0,26,0,14,2026091523,2026-09-15 23:29:26
4050333800,20260915232500,0,39,0,7,2026091523,2026-09-15 23:29:26
4050202600,20260915232500,0,28,0,16,2026091523,2026-09-15 23:29:26
4050554000,20260915232500,0,31,0,27,2026091523,2026-09-15 23:29:26
4050118900,20260915232500,0,23,0,37,2026091523,2026-09-15 23:29:26
4050339100,20260915232500,0,35,0,19,2026091523,2026-09-15 23:29:26
4060483800,20260915232500,0,39,0,356,2026091523,2026-09-15 23:29:26
4060352600,20260915232500,0,40,0,98,2026091523,2026-09-15 23:29:26
4060137702,20260915232500,0,25,0,185,2026091523,2026-09-15 23:29:26
4060268900,20260915232500,0,36,0,27,2026091523,2026-09-15 23:29:26
4060137701,20260915232500,0,31,0,23,2026091523,2026-09-15 23:29:26
4060221400,20260915232500,0,37,0,5,2026091523,2026-09-15 23:29:26
4050072300,20260915232500,0,21,0,22,2026091523,2026-09-15 23:29:26
4050602900,20260915232500,0,13,0,12,2026091523,2026-09-15 23:29:26
4060091100,20260915232500,0,46,0,1,2026091523,2026-09-15 23:29:26
4060406800,20260915232500,0,33,0,20,2026091523,2026-09-15 23:29:26
4050472600,20260915232500,0,33,0,52,2026091523,2026-09-15 23:29:26
4050341400,20260915232500,0,31,0,15,2026091523,2026-09-15 23:29:26
4050257700,20260915232500,0,49,0,4,2026091523,2026-09-15 23:29:26
4050210200,20260915232500,0,16,0,50,2026091523,2026-09-15 23:29:26
4050126500,20260915232500,0,15,0,46,2026091523,2026-09-15 23:29:26
4060491400,20260915232500,0,26,0,40,2026091523,2026-09-15 23:29:26
4060360200,20260915232500,0,37,0,86,2026091523,2026-09-15 23:29:26
4050526800,20260915232500,0,32,0,2,2026091523,2026-09-15 23:29:26
4060414400,20260915232500,0,38,0,96,2026091523,2026-09-15 23:29:26
4050480200,20260915232500,0,46,0,147,2026091523,2026-09-15 23:29:26
4050396500,20260915232500,0,48,0,29,2026091523,2026-09-15 23:29:26
4050265300,20260915232500,0,61,0,6,2026091523,2026-09-15 23:29:26
4060069200,20260915232500,0,7,0,80,2026091523,2026-09-15 23:29:26
4050403200,20260915232500,0,32,0,33,2026091523,2026-09-15 23:29:26
4050319500,20260915232500,0,37,0,14,2026091523,2026-09-15 23:29:26
4060201800,20260915232500,0,29,0,4,2026091523,2026-09-15 23:29:26
4060469500,20260915232500,0,54,0,87,2026091523,2026-09-15 23:29:26
4050052700,20260915232500,0,7,0,111,2026091523,2026-09-15 23:29:26
4060207100,20260915232500,0,40,0,7,2026091523,2026-09-15 23:29:26
4050189200,20260915232500,0,20,0,13,2026091523,2026-09-15 23:29:26
4060071500,20260915232500,0,38,0,29,2026091523,2026-09-15 23:29:26
4050321800,20260915232500,0,39,0,13,2026091523,2026-09-15 23:29:26
4050458300,20260915232500,0,29,0,356,2026091523,2026-09-15 23:29:26
4050327100,20260915232500,0,45,0,4,2026091523,2026-09-15 23:29:26
4060340600,20260915232500,0,33,0,6,2026091523,2026-09-15 23:29:26
4060256900,20260915232500,0,62,0,4,2026091523,2026-09-15 23:29:26
4060125700,20260915232500,0,21,0,105,2026091523,2026-09-15 23:29:26
4050191500,20260915232500,0,32,0,7,2026091523,2026-09-15 23:29:26
4050460600,20260915232500,0,31,0,12,2026091523,2026-09-15 23:29:26
4050245700,20260915232500,0,48,0,13,2026091523,2026-09-15 23:29:26
4050597100,20260915232500,0,11,0,46,2026091523,2026-09-15 23:29:26
4060264500,20260915232500,2,38,0,21,2026091523,2026-09-15 23:29:26
4060133300,20260915232500,0,32,0,13,2026091523,2026-09-15 23:29:26
4060049600,20260915232500,0,19,0,22,2026091523,2026-09-15 23:29:26
4050514800,20260915232500,0,10,0,123,2026091523,2026-09-15 23:29:26
4060533601,20260915232500,0,18,0,26,2026091523,2026-09-15 23:29:26
4060449900,20260915232500,0,32,0,23,2026091523,2026-09-15 23:29:26
4060402400,20260915232500,0,30,0,32,2026091523,2026-09-15 23:29:26
4050384500,20260915232500,0,41,0,115,2026091523,2026-09-15 23:29:26
4050253300,20260915232500,0,33,0,71,2026091523,2026-09-15 23:29:26
4050038402,20260915232500,0,27,0,79,2026091523,2026-09-15 23:29:26
4050169600,20260915232500,0,7,0,64,2026091523,2026-09-15 23:29:26
4050038401,20260915232500,0,28,0,69,2026091523,2026-09-15 23:29:26
4050122100,20260915232500,0,18,0,22,2026091523,2026-09-15 23:29:26
4060051900,20260915232500,0,43,0,19,2026091523,2026-09-15 23:29:26
4060272100,20260915232500,0,43,0,85,2026091523,2026-09-15 23:29:26
4060188400,20260915232500,0,30,0,5,2026091523,2026-09-15 23:29:26
4050522400,20260915232500,0,15,0,14,2026091523,2026-09-15 23:29:26
4050307500,20260915232500,0,49,0,13,2026091523,2026-09-15 23:29:26
4050171900,20260915232500,0,15,0,9,2026091523,2026-09-15 23:29:26
4060457500,20260915232500,0,34,0,83,2026091523,2026-09-15 23:29:26
4050046000,20260915232500,0,18,0,30,2026091523,2026-09-15 23:29:26
4060196000,20260915232500,0,39,0,51,2026091523,2026-09-15 23:29:26
4050577500,20260915232500,0,8,0,34,2026091523,2026-09-15 23:29:26
4050530000,20260915232500,0,22,0,33,2026091523,2026-09-15 23:29:26
4050446300,20260915232500,0,30,0,23,2026091523,2026-09-15 23:29:26
4050315100,20260915232500,0,36,0,18,2026091523,2026-09-15 23:29:26
4060244900,20260915232500,0,29,0,27,2026091523,2026-09-15 23:29:26
4060113700,20260915232500,0,25,0,29,2026091523,2026-09-15 23:29:26
4050095800,20260915232500,0,20,0,20,2026091523,2026-09-15 23:29:26
4060119000,20260915232500,0,19,0,86,2026091523,2026-09-15 23:29:26
4050364900,20260915232500,0,44,0,38,2026091523,2026-09-15 23:29:26
4050233700,20260915232500,0,55,0,69,2026091523,2026-09-15 23:29:26
4060519300,20260915232500,0,7,0,18,2026091523,2026-09-15 23:29:26
4050585100,20260915232500,0,65,0,52,2026091523,2026-09-15 23:29:26
4050239000,20260915232500,0,47,0,2,2026091523,2026-09-15 23:29:26
4060383700,20260915232500,0,40,0,23,2026091523,2026-09-15 23:29:26
4060252500,20260915232500,0,42,0,112,2026091523,2026-09-15 23:29:26
4060121300,20260915232500,0,32,0,13,2026091523,2026-09-15 23:29:26
4060037600,20260915232500,0,14,0,52,2026091523,2026-09-15 23:29:26
4050502800,20260915232500,0,16,0,44,2026091523,2026-09-15 23:29:26
4050508100,20260915232500,0,45,0,292,2026091523,2026-09-15 23:29:26
4060521600,20260915232500,0,27,0,22,2026091523,2026-09-15 23:29:26
4060437900,20260915232500,0,34,0,76,2026091523,2026-09-15 23:29:26
4060306700,20260915232500,0,37,0,52,2026091523,2026-09-15 23:29:26
4050372500,20260915232500,0,46,0,2,2026091523,2026-09-15 23:29:26
4050288800,20260915232500,0,71,0,39,2026091523,2026-09-15 23:29:26
4050241300,20260915232500,0,48,0,24,2026091523,2026-09-15 23:29:26
4050157600,20260915232500,0,13,0,71,2026091523,2026-09-15 23:29:26
4060260100,20260915232500,0,39,0,16,2026091523,2026-09-15 23:29:26
4060176400,20260915232500,0,28,0,27,2026091523,2026-09-15 23:29:26
4060045200,20260915232500,0,23,0,5,2026091523,2026-09-15 23:29:26
4060445500,20260915232500,0,30,0,28,2026091523,2026-09-15 23:29:26
4060314300,20260915232500,0,30,0,13,2026091523,2026-09-15 23:29:26
4050380100,20260915232500,0,40,0,62,2026091523,2026-09-15 23:29:26
4050296400,20260915232500,0,25,0,26,2026091523,2026-09-15 23:29:26
4050165200,20260915232500,0,20,0,11,2026091523,2026-09-15 23:29:26
4050034000,20260915232500,0,50,0,28,2026091523,2026-09-15 23:29:26
4060184000,20260915232500,0,45,0,5,2026091523,2026-09-15 23:29:26
4050434300,20260915232500,0,33,0,193,2026091523,2026-09-15 23:29:26
4050303100,20260915232500,0,45,0,4,2026091523,2026-09-15 23:29:26
4060232900,20260915232500,0,43,0,14,2026091523,2026-09-15 23:29:26
4060101700,20260915232500,0,22,0,18,2026091523,2026-09-15 23:29:26
4060453100,20260915232500,0,55,0,17,2026091523,2026-09-15 23:29:26
4050083800,20260915232500,0,20,0,6,2026091523,2026-09-15 23:29:26
4060369400,20260915232500,0,25,0,13,2026091523,2026-09-15 23:29:26
4060238200,20260915232500,0,47,0,19,2026091523,2026-09-15 23:29:26
4060107000,20260915232500,0,12,0,14,2026091523,2026-09-15 23:29:26
4050089100,20260915232500,0,11,0,18,2026091523,2026-09-15 23:29:26
4050006809,20260915232500,0,30,0,32,2026091523,2026-09-15 23:29:26
4050352900,20260915232500,0,45,0,4,2026091523,2026-09-15 23:29:26
4060507300,20260915232500,0,48,0,29,2026091523,2026-09-15 23:29:26
4050573100,20260915232500,0,36,0,71,2026091523,2026-09-15 23:29:26
4050358200,20260915232500,0,39,0,17,2026091523,2026-09-15 23:29:26
4060371700,20260915232500,0,29,0,42,2026091523,2026-09-15 23:29:26
4060240500,20260915232500,0,29,0,10,2026091523,2026-09-15 23:29:26
4060025600,20260915232500,0,23,0,27,2026091523,2026-09-15 23:29:26
4060425900,20260915232500,0,27,0,25,2026091523,2026-09-15 23:29:26
4050360500,20260915232500,0,43,0,28,2026091523,2026-09-15 23:29:26
4050276800,20260915232500,0,39,0,38,2026091523,2026-09-15 23:29:26
4050145600,20260915232500,0,16,0,47,2026091523,2026-09-15 23:29:26
4060295600,20260915232500,0,29,0,69,2026091523,2026-09-15 23:29:26
4050545900,20260915232500,0,26,0,4,2026091523,2026-09-15 23:29:26
4050414700,20260915232500,0,53,0,71,2026091523,2026-09-15 23:29:26
4060433500,20260915232500,0,52,0,11,2026091523,2026-09-15 23:29:26
4060349800,20260915232500,0,33,0,11,2026091523,2026-09-15 23:29:26
4060302300,20260915232500,0,39,0,54,2026091523,2026-09-15 23:29:26
4060218600,20260915232500,0,32,0,71,2026091523,2026-09-15 23:29:26
4050284400,20260915232500,0,34,0,47,2026091523,2026-09-15 23:29:26
4050069500,20260915232500,0,20,0,10,2026091523,2026-09-15 23:29:26
4060172000,20260915232500,0,33,0,48,2026091523,2026-09-15 23:29:26
4060088300,20260915232500,0,22,0,7,2026091523,2026-09-15 23:29:26
4050553500,20260915232500,0,13,0,55,2026091523,2026-09-15 23:29:26
4050338600,20260915232500,0,45,0,17,2026091523,2026-09-15 23:29:26
4060441100,20260915232500,0,36,0,52,2026091523,2026-09-15 23:29:26
4050071800,20260915232500,0,17,0,50,2026091523,2026-09-15 23:29:26
4060226200,20260915232500,0,34,0,41,2026091523,2026-09-15 23:29:26
4050292000,20260915232500,0,35,0,96,2026091523,2026-09-15 23:29:26
4050077100,20260915232500,0,8,0,54,2026091523,2026-09-15 23:29:26
4060090600,20260915232500,0,16,0,85,2026091523,2026-09-15 23:29:26
4050340900,20260915232500,0,41,0,22,2026091523,2026-09-15 23:29:26
4050561100,20260915232500,0,50,0,139,2026091523,2026-09-15 23:29:26
4050346200,20260915232500,0,55,0,23,2026091523,2026-09-15 23:29:26
4060490900,20260915232500,0,32,0,11,2026091523,2026-09-15 23:29:26
4050615300,20260915232500,0,33,0,12,2026091523,2026-09-15 23:29:26
4060413900,20260915232500,0,54,0,28,2026091523,2026-09-15 23:29:26
4050264800,20260915232500,0,29,0,65,2026091523,2026-09-15 23:29:26
4050049900,20260915232500,0,6,0,75,2026091523,2026-09-15 23:29:26
4050002400,20260915232500,0,42,0,48,2026091523,2026-09-15 23:29:26
4060199900,20260915232500,0,47,0,52,2026091523,2026-09-15 23:29:26
4060068700,20260915232500,0,8,0,41,2026091523,2026-09-15 23:29:26
4050402700,20260915232500,0,26,0,27,2026091523,2026-09-15 23:29:26
4050408000,20260915232500,0,55,0,143,2026091523,2026-09-15 23:29:26
4060421500,20260915232500,0,45,0,36,2026091523,2026-09-15 23:29:26
4060337800,20260915232500,0,34,0,16,2026091523,2026-09-15 23:29:26
4060206600,20260915232500,0,44,0,3,2026091523,2026-09-15 23:29:26
4050272400,20260915232500,0,39,0,6,2026091523,2026-09-15 23:29:26
4050188700,20260915232500,0,18,0,19,2026091523,2026-09-15 23:29:26
4060076300,20260915232500,0,31,0,14,2026091523,2026-09-15 23:29:26
4050326600,20260915232500,0,71,0,10,2026091523,2026-09-15 23:29:26
4060476600,20260915232500,0,46,0,223,2026091523,2026-09-15 23:29:26
4060345400,20260915232500,0,14,0,7,2026091523,2026-09-15 23:29:26
4060214200,20260915232500,0,43,0,20,2026091523,2026-09-15 23:29:26
4050280000,20260915232500,0,32,0,14,2026091523,2026-09-15 23:29:26
4050196300,20260915232500,0,28,0,19,2026091523,2026-09-15 23:29:26
4050065100,20260915232500,0,15,0,51,2026091523,2026-09-15 23:29:26
4050465400,20260915232500,0,33,0,297,2026091523,2026-09-15 23:29:26
4050334200,20260915232500,0,26,0,70,2026091523,2026-09-15 23:29:26
4050119300,20260915232500,0,16,0,33,2026091523,2026-09-15 23:29:26
4060132800,20260915232500,0,46,0,6,2026091523,2026-09-15 23:29:26
4060484200,20260915232500,0,21,0,58,2026091523,2026-09-15 23:29:26
4060269300,20260915232500,0,37,0,26,2026091523,2026-09-15 23:29:26
4060138100,20260915232500,0,36,0,58,2026091523,2026-09-15 23:29:26
4050603300,20260915232500,0,21,0,21,2026091523,2026-09-15 23:29:26
4060401900,20260915232500,0,48,0,41,2026091523,2026-09-15 23:29:26
4050121600,20260915232500,0,12,0,72,2026091523,2026-09-15 23:29:26
4050037900,20260915232500,0,39,0,57,2026091523,2026-09-15 23:29:26
4050389300,20260915232500,0,54,0,3,2026091523,2026-09-15 23:29:26
4050258100,20260915232500,0,36,0,9,2026091523,2026-09-15 23:29:26
4060056704,20260915232500,0,40,0,42,2026091523,2026-09-15 23:29:26
4060056703,20260915232500,0,39,0,33,2026091523,2026-09-15 23:29:26
4060271600,20260915232500,0,47,0,25,2026091523,2026-09-15 23:29:26
4060187900,20260915232500,0,32,0,3,2026091523,2026-09-15 23:29:26
4060056701,20260915232500,0,43,0,16,2026091523,2026-09-15 23:29:26
4050521900,20260915232500,0,35,0,71,2026091523,2026-09-15 23:29:26
4050527200,20260915232500,0,47,0,179,2026091523,2026-09-15 23:29:26
4060325800,20260915232500,0,37,0,19,2026091523,2026-09-15 23:29:26
4050391600,20260915232500,0,19,0,105,2026091523,2026-09-15 23:29:26
4050260400,20260915232500,0,51,0,3,2026091523,2026-09-15 23:29:26
4050045500,20260915232500,0,20,0,27,2026091523,2026-09-15 23:29:26
4060195500,20260915232500,0,31,0,4,2026091523,2026-09-15 23:29:26
4050445800,20260915232500,0,27,0,15,2026091523,2026-09-15 23:29:26
4050314600,20260915232500,0,25,0,17,2026091523,2026-09-15 23:29:26
4060118502,20260915232500,0,49,0,34,2026091523,2026-09-15 23:29:26
4060249700,20260915232500,0,29,0,119,2026091523,2026-09-15 23:29:26
4060202200,20260915232500,0,31,0,11,2026091523,2026-09-15 23:29:26
4050053100,20260915232500,0,21,0,18,2026091523,2026-09-15 23:29:26
4060518800,20260915232500,0,10,0,28,2026091523,2026-09-15 23:29:26
4050584600,20260915232500,0,28,0,9,2026091523,2026-09-15 23:29:26
4050453400,20260915232500,0,35,0,228,2026091523,2026-09-15 23:29:26
4050369700,20260915232500,0,39,0,44,2026091523,2026-09-15 23:29:26
4050322200,20260915232500,0,22,0,15,2026091523,2026-09-15 23:29:26
4050107302,20260915232500,0,27,0,263,2026091523,2026-09-15 23:29:26
4050238500,20260915232500,0,36,0,6,2026091523,2026-09-15 23:29:26
4050107301,20260915232500,0,21,0,72,2026091523,2026-09-15 23:29:26
4060120800,20260915232500,0,30,0,13,2026091523,2026-09-15 23:29:26
4060472200,20260915232500,0,58,0,10,2026091523,2026-09-15 23:29:26
4060126104,20260915232500,0,33,0,18,2026091523,2026-09-15 23:29:26
4060341000,20260915232500,0,24,0,34,2026091523,2026-09-15 23:29:26
4060126102,20260915232500,0,45,0,29,2026091523,2026-09-15 23:29:26
4060257300,20260915232500,0,39,0,9,2026091523,2026-09-15 23:29:26
4050507600,20260915232500,0,44,0,129,2026091523,2026-09-15 23:29:26
4050240800,20260915232500,0,51,0,18,2026091523,2026-09-15 23:29:26
4050461000,20260915232500,0,48,0,96,2026091523,2026-09-15 23:29:26
4050377300,20260915232500,0,49,0,147,2026091523,2026-09-15 23:29:26
4050246100,20260915232500,0,52,0,6,2026091523,2026-09-15 23:29:26
4060390800,20260915232500,0,50,0,12,2026091523,2026-09-15 23:29:26
4060044700,20260915232500,0,20,0,5,2026091523,2026-09-15 23:29:26
4060396100,20260915232500,0,23,0,20,2026091523,2026-09-15 23:29:26
4050515200,20260915232500,0,30,0,107,2026091523,2026-09-15 23:29:26
4060313800,20260915232500,0,12,0,14,2026091523,2026-09-15 23:29:26
4050295900,20260915232500,0,47,0,7,2026091523,2026-09-15 23:29:26
4060534001,20260915232500,0,41,0,22,2026091523,2026-09-15 23:29:26
4050164700,20260915232500,0,22,0,7,2026091523,2026-09-15 23:29:26
4050624908,20260915232500,0,56,0,16,2026091523,2026-09-15 23:29:26
4050624907,20260915232500,0,56,0,19,2026091523,2026-09-15 23:29:26
4050624905,20260915232500,0,38,0,29,2026091523,2026-09-15 23:29:26
4050624904,20260915232500,0,38,0,4,2026091523,2026-09-15 23:29:26
4050624903,20260915232500,0,56,0,16,2026091523,2026-09-15 23:29:26
4050624902,20260915232500,0,38,0,8,2026091523,2026-09-15 23:29:26
4050624900,20260915232500,0,56,0,19,2026091523,2026-09-15 23:29:26
4050624809,20260915232500,0,53,0,17,2026091523,2026-09-15 23:29:26
4050624808,20260915232500,0,53,0,20,2026091523,2026-09-15 23:29:26
4050624806,20260915232500,0,50,0,19,2026091523,2026-09-15 23:29:26
4050624805,20260915232500,0,53,0,17,2026091523,2026-09-15 23:29:26
4050624804,20260915232500,0,53,0,20,2026091523,2026-09-15 23:29:26
4050624803,20260915232500,0,50,0,10,2026091523,2026-09-15 23:29:26
4050624800,20260915232500,0,50,0,4,2026091523,2026-09-15 23:29:26
4050625107,20260915232500,0,54,0,6,2026091523,2026-09-15 23:29:26
4050625105,20260915232500,0,52,0,4,2026091523,2026-09-15 23:29:26
4050625104,20260915232500,0,54,0,16,2026091523,2026-09-15 23:29:26
4050625103,20260915232500,0,49,0,14,2026091523,2026-09-15 23:29:26
4050625100,20260915232500,0,35,0,21,2026091523,2026-09-15 23:29:26
4050624603,20260915232500,0,62,0,25,2026091523,2026-09-15 23:29:26
4050624602,20260915232500,0,62,0,25,2026091523,2026-09-15 23:29:26
4050624600,20260915232500,0,62,0,25,2026091523,2026-09-15 23:29:26
4050625003,20260915232500,0,47,0,25,2026091523,2026-09-15 23:29:26
4050625002,20260915232500,0,26,0,28,2026091523,2026-09-15 23:29:26
4050625000,20260915232500,0,46,0,19,2026091523,2026-09-15 23:29:26
4050624505,20260915232500,0,79,0,19,2026091523,2026-09-15 23:29:26
4050624504,20260915232500,0,76,0,20,2026091523,2026-09-15 23:29:26
4050624503,20260915232500,0,74,0,20,2026091523,2026-09-15 23:29:26
4050624500,20260915232500,0,75,0,20,2026091523,2026-09-15 23:29:26
4050624102,20260915232500,0,23,0,51,2026091523,2026-09-15 23:29:26
4050624100,20260915232500,0,23,0,51,2026091523,2026-09-15 23:29:26
4050052600,20260915232500,0,10,0,43,2026091523,2026-09-15 23:29:26
4060207000,20260915232500,0,34,0,8,2026091523,2026-09-15 23:29:26
4050189100,20260915232500,0,25,0,10,2026091523,2026-09-15 23:29:26
4060071400,20260915232500,0,29,0,38,2026091523,2026-09-15 23:29:26
4050321700,20260915232500,0,34,0,24,2026091523,2026-09-15 23:29:26
4050106800,20260915232500,0,8,0,47,2026091523,2026-09-15 23:29:26
4050458200,20260915232500,0,45,0,230,2026091523,2026-09-15 23:29:26
4050327000,20260915232500,0,35,0,5,2026091523,2026-09-15 23:29:26
4060340500,20260915232500,0,32,0,68,2026091523,2026-09-15 23:29:26
4060125602,20260915232500,0,28,0,9,2026091523,2026-09-15 23:29:26
4060256800,20260915232500,0,37,0,8,2026091523,2026-09-15 23:29:26
4060125601,20260915232500,0,37,0,157,2026091523,2026-09-15 23:29:26
4060477000,20260915232500,0,41,0,66,2026091523,2026-09-15 23:29:26
4050060200,20260915232500,0,15,0,12,2026091523,2026-09-15 23:29:26
4050591700,20260915232500,0,29,0,189,2026091523,2026-09-15 23:29:26
4050460500,20260915232500,0,31,0,21,2026091523,2026-09-15 23:29:26
4050245600,20260915232500,0,48,0,13,2026091523,2026-09-15 23:29:26
4050114400,20260915232500,0,9,0,47,2026091523,2026-09-15 23:29:26
4060264400,20260915232500,0,28,0,30,2026091523,2026-09-15 23:29:26
4060133200,20260915232500,0,27,0,19,2026091523,2026-09-15 23:29:26
4060049500,20260915232500,0,17,0,25,2026091523,2026-09-15 23:29:26
4050514700,20260915232500,0,36,0,38,2026091523,2026-09-15 23:29:26
4060533501,20260915232500,0,55,0,8,2026091523,2026-09-15 23:29:26
4060449800,20260915232500,0,32,0,12,2026091523,2026-09-15 23:29:26
4060402300,20260915232500,0,50,0,189,2026091523,2026-09-15 23:29:26
4050384400,20260915232500,0,41,0,115,2026091523,2026-09-15 23:29:26
4050253200,20260915232500,0,43,0,55,2026091523,2026-09-15 23:29:26
4050169500,20260915232500,0,27,0,16,2026091523,2026-09-15 23:29:26
4050038302,20260915232500,0,29,0,67,2026091523,2026-09-15 23:29:26
4050038301,20260915232500,0,28,0,76,2026091523,2026-09-15 23:29:26
4060051800,20260915232500,0,32,0,26,2026091523,2026-09-15 23:29:26
4060272000,20260915232500,0,42,0,87,2026091523,2026-09-15 23:29:26
4060188300,20260915232500,0,66,0,2,2026091523,2026-09-15 23:29:26
4060057100,20260915232500,0,41,0,21,2026091523,2026-09-15 23:29:26
4050522300,20260915232500,0,17,0,60,2026091523,2026-09-15 23:29:26
4050307400,20260915232500,0,30,0,22,2026091523,2026-09-15 23:29:26
4050171800,20260915232500,0,26,0,7,2026091523,2026-09-15 23:29:26
4060326200,20260915232500,0,63,0,7,2026091523,2026-09-15 23:29:26
4050440900,20260915232500,0,25,0,46,2026091523,2026-09-15 23:29:26
4050577400,20260915232500,0,22,0,12,2026091523,2026-09-15 23:29:26
4050446200,20260915232500,0,34,0,19,2026091523,2026-09-15 23:29:26
4050315000,20260915232500,0,39,0,16,2026091523,2026-09-15 23:29:26
4060244800,20260915232500,0,44,0,18,2026091523,2026-09-15 23:29:26
4060113600,20260915232500,0,56,0,192,2026091523,2026-09-15 23:29:26
4060029900,20260915232500,0,25,0,8,2026091523,2026-09-15 23:29:26
4060465000,20260915232500,0,35,0,39,2026091523,2026-09-15 23:29:26
4050095700,20260915232500,0,19,0,21,2026091523,2026-09-15 23:29:26
4060513900,20260915232500,0,34,0,39,2026091523,2026-09-15 23:29:26
4050364800,20260915232500,0,47,0,36,2026091523,2026-09-15 23:29:26
4050233600,20260915232500,0,72,0,53,2026091523,2026-09-15 23:29:26
4050149900,20260915232500,0,14,0,49,2026091523,2026-09-15 23:29:26
4050585000,20260915232500,0,66,0,51,2026091523,2026-09-15 23:29:26
4060383600,20260915232500,0,21,0,45,2026091523,2026-09-15 23:29:26
4060252400,20260915232500,0,42,0,111,2026091523,2026-09-15 23:29:26
4060121200,20260915232500,0,32,0,13,2026091523,2026-09-15 23:29:26
4060037500,20260915232500,0,26,0,5,2026091523,2026-09-15 23:29:26
4050502700,20260915232500,0,52,0,90,2026091523,2026-09-15 23:29:26
4050508000,20260915232500,0,49,0,269,2026091523,2026-09-15 23:29:26
4060521500,20260915232500,0,20,0,30,2026091523,2026-09-15 23:29:26
4060437800,20260915232500,0,36,0,66,2026091523,2026-09-15 23:29:26
4060306600,20260915232500,0,26,0,60,2026091523,2026-09-15 23:29:26
4050372400,20260915232500,0,51,0,1,2026091523,2026-09-15 23:29:26
4050288700,20260915232500,0,65,0,19,2026091523,2026-09-15 23:29:26
4050241200,20260915232500,0,70,0,17,2026091523,2026-09-15 23:29:26
4050157500,20260915232500,0,29,0,32,2026091523,2026-09-15 23:29:26
4060260000,20260915232500,0,38,0,16,2026091523,2026-09-15 23:29:26
4060176300,20260915232500,0,12,0,79,2026091523,2026-09-15 23:29:26
4060045100,20260915232500,0,21,0,5,2026091523,2026-09-15 23:29:26
4050510300,20260915232500,0,24,0,6,2026091523,2026-09-15 23:29:26
4060445400,20260915232500,0,34,0,71,2026091523,2026-09-15 23:29:26
4060314200,20260915232500,0,36,0,117,2026091523,2026-09-15 23:29:26
4050380000,20260915232500,0,40,0,62,2026091523,2026-09-15 23:29:26
4050296300,20260915232500,0,10,0,212,2026091523,2026-09-15 23:29:26
4050165100,20260915232500,0,23,0,11,2026091523,2026-09-15 23:29:26
4060094900,20260915232500,0,33,0,42,2026091523,2026-09-15 23:29:26
4050434200,20260915232500,0,35,0,182,2026091523,2026-09-15 23:29:26
4050303000,20260915232500,0,40,0,4,2026091523,2026-09-15 23:29:26
4060232800,20260915232500,0,13,0,46,2026091523,2026-09-15 23:29:26
4060101600,20260915232500,0,6,0,69,2026091523,2026-09-15 23:29:26
4060453000,20260915232500,3,46,0,169,2026091523,2026-09-15 23:29:26
4050083700,20260915232500,0,17,0,8,2026091523,2026-09-15 23:29:26
4060369300,20260915232500,0,21,0,16,2026091523,2026-09-15 23:29:26
4060238100,20260915232500,0,33,0,15,2026091523,2026-09-15 23:29:26
4050006709,20260915232500,0,10,0,95,2026091523,2026-09-15 23:29:26
4050352800,20260915232500,0,41,0,5,2026091523,2026-09-15 23:29:26
4060507200,20260915232500,0,54,0,21,2026091523,2026-09-15 23:29:26
4050573000,20260915232500,0,47,0,54,2026091523,2026-09-15 23:29:26
4050489300,20260915232500,0,42,0,96,2026091523,2026-09-15 23:29:26
4050358100,20260915232500,0,28,0,16,2026091523,2026-09-15 23:29:26
4060371600,20260915232500,0,43,0,22,2026091523,2026-09-15 23:29:26
4060240400,20260915232500,0,33,0,9,2026091523,2026-09-15 23:29:26
4060025500,20260915232500,0,19,0,30,2026091523,2026-09-15 23:29:26
4060425800,20260915232500,0,10,0,65,2026091523,2026-09-15 23:29:26
4050360400,20260915232500,0,17,0,73,2026091523,2026-09-15 23:29:26
4050276700,20260915232500,0,36,0,46,2026091523,2026-09-15 23:29:26
4050145500,20260915232500,0,22,0,33,2026091523,2026-09-15 23:29:26
4050545800,20260915232500,0,25,0,4,2026091523,2026-09-15 23:29:26
4050414600,20260915232500,0,54,0,69,2026091523,2026-09-15 23:29:26
4060349700,20260915232500,0,53,0,5,2026091523,2026-09-15 23:29:26
4060302200,20260915232500,0,36,0,59,2026091523,2026-09-15 23:29:26
4060218500,20260915232500,0,28,0,62,2026091523,2026-09-15 23:29:26
4050284300,20260915232500,0,36,0,117,2026091523,2026-09-15 23:29:26
4050069400,20260915232500,0,21,0,45,2026091523,2026-09-15 23:29:26
4060082900,20260915232500,0,20,0,7,2026091523,2026-09-15 23:29:26
4060088200,20260915232500,0,32,0,14,2026091523,2026-09-15 23:29:26
4050553400,20260915232500,0,27,0,26,2026091523,2026-09-15 23:29:26
4050338500,20260915232500,0,10,0,28,2026091523,2026-09-15 23:29:26
4060441000,20260915232500,0,58,0,13,2026091523,2026-09-15 23:29:26
4050071700,20260915232500,0,16,0,53,2026091523,2026-09-15 23:29:26
4060357300,20260915232500,0,33,0,247,2026091523,2026-09-15 23:29:26
4060226100,20260915232500,0,31,0,14,2026091523,2026-09-15 23:29:26
4050077000,20260915232500,0,18,0,11,2026091523,2026-09-15 23:29:26
4060090500,20260915232500,0,44,0,30,2026091523,2026-09-15 23:29:26
4050340800,20260915232500,0,31,0,27,2026091523,2026-09-15 23:29:26
4050125900,20260915232500,0,30,0,5,2026091523,2026-09-15 23:29:26
4050561000,20260915232500,0,48,0,145,2026091523,2026-09-15 23:29:26
4060490800,20260915232500,0,35,0,8,2026091523,2026-09-15 23:29:26
4060275900,20260915232500,0,39,0,27,2026091523,2026-09-15 23:29:26
4050615200,20260915232500,0,27,0,15,2026091523,2026-09-15 23:29:26
4060413800,20260915232500,0,32,0,43,2026091523,2026-09-15 23:29:26
4050395900,20260915232500,0,25,0,9,2026091523,2026-09-15 23:29:26
4050264700,20260915232500,0,17,0,9,2026091523,2026-09-15 23:29:26
4060419100,20260915232500,0,25,0,58,2026091523,2026-09-15 23:29:26
4050049800,20260915232500,0,24,0,37,2026091523,2026-09-15 23:29:26
4050002300,20260915232500,0,43,0,47,2026091523,2026-09-15 23:29:26
4060199800,20260915232500,0,44,0,56,2026091523,2026-09-15 23:29:26
4060068600,20260915232500,0,15,0,27,2026091523,2026-09-15 23:29:26
4050402600,20260915232500,0,35,0,21,2026091523,2026-09-15 23:29:26
4050318900,20260915232500,0,62,0,7,2026091523,2026-09-15 23:29:26
4060421400,20260915232500,0,48,0,34,2026091523,2026-09-15 23:29:26
4060337700,20260915232500,0,25,0,190,2026091523,2026-09-15 23:29:26
4060206500,20260915232500,0,38,0,10,2026091523,2026-09-15 23:29:26
4050272300,20260915232500,0,31,0,73,2026091523,2026-09-15 23:29:26
4050188600,20260915232500,0,27,0,31,2026091523,2026-09-15 23:29:26
4050057400,20260915232500,0,18,0,19,2026091523,2026-09-15 23:29:26
4060076200,20260915232500,0,16,0,28,2026091523,2026-09-15 23:29:26
4050588900,20260915232500,0,27,0,96,2026091523,2026-09-15 23:29:26
4050326500,20260915232500,0,25,0,19,2026091523,2026-09-15 23:29:26
4050190900,20260915232500,0,30,0,8,2026091523,2026-09-15 23:29:26
4060476500,20260915232500,0,32,0,322,2026091523,2026-09-15 23:29:26
4060345300,20260915232500,0,34,0,100,2026091523,2026-09-15 23:29:26
4060214100,20260915232500,0,44,0,52,2026091523,2026-09-15 23:29:26
4050196200,20260915232500,0,24,0,23,2026091523,2026-09-15 23:29:26
4050065000,20260915232500,0,7,0,76,2026091523,2026-09-15 23:29:26
4050113900,20260915232500,0,13,0,32,2026091523,2026-09-15 23:29:26
4050465300,20260915232500,0,47,0,44,2026091523,2026-09-15 23:29:26
4050334100,20260915232500,0,45,0,13,2026091523,2026-09-15 23:29:26
4050119200,20260915232500,0,24,0,45,2026091523,2026-09-15 23:29:26
4060263900,20260915232500,0,46,0,7,2026091523,2026-09-15 23:29:26
4060132700,20260915232500,0,34,0,8,2026091523,2026-09-15 23:29:26
4060484100,20260915232500,0,17,0,69,2026091523,2026-09-15 23:29:26
4060269200,20260915232500,0,38,0,26,2026091523,2026-09-15 23:29:26
4060138000,20260915232500,0,41,0,51,2026091523,2026-09-15 23:29:26
4050603200,20260915232500,0,20,0,22,2026091523,2026-09-15 23:29:26
4060401800,20260915232500,0,47,0,42,2026091523,2026-09-15 23:29:26
4050383900,20260915232500,0,30,0,30,2026091523,2026-09-15 23:29:26
4050252700,20260915232500,0,51,0,2,2026091523,2026-09-15 23:29:26
4050037802,20260915232500,0,40,0,40,2026091523,2026-09-15 23:29:26
4050121500,20260915232500,0,19,0,46,2026091523,2026-09-15 23:29:26
4050037801,20260915232500,0,38,0,25,2026091523,2026-09-15 23:29:26
4060407100,20260915232500,0,57,0,95,2026091523,2026-09-15 23:29:26
4050389200,20260915232500,0,42,0,3,2026091523,2026-09-15 23:29:26
4050258000,20260915232500,0,63,0,5,2026091523,2026-09-15 23:29:26
4060056604,20260915232500,0,35,0,37,2026091523,2026-09-15 23:29:26
4060056603,20260915232500,0,36,0,46,2026091523,2026-09-15 23:29:26
4060271500,20260915232500,0,12,0,122,2026091523,2026-09-15 23:29:26
4060187800,20260915232500,0,42,0,2,2026091523,2026-09-15 23:29:26
4060056602,20260915232500,0,45,0,15,2026091523,2026-09-15 23:29:26
4050521800,20260915232500,0,14,0,175,2026091523,2026-09-15 23:29:26
4050306900,20260915232500,0,37,0,6,2026091523,2026-09-15 23:29:26
4050527100,20260915232500,0,22,0,13,2026091523,2026-09-15 23:29:26
4060325700,20260915232500,0,44,0,16,2026091523,2026-09-15 23:29:26
4050391500,20260915232500,0,47,0,20,2026091523,2026-09-15 23:29:26
4050260300,20260915232500,0,48,0,17,2026091523,2026-09-15 23:29:26
4050045400,20260915232500,0,12,0,37,2026091523,2026-09-15 23:29:26
4060195400,20260915232500,0,28,0,5,2026091523,2026-09-15 23:29:26
4050576900,20260915232500,0,41,0,118,2026091523,2026-09-15 23:29:26
4050445700,20260915232500,0,38,0,2,2026091523,2026-09-15 23:29:26
4050314500,20260915232500,0,29,0,3,2026091523,2026-09-15 23:29:26
4060249600,20260915232500,0,47,0,74,2026091523,2026-09-15 23:29:26
4060202100,20260915232500,0,39,0,13,2026091523,2026-09-15 23:29:26
4060118401,20260915232500,0,48,0,34,2026091523,2026-09-15 23:29:26
4050184200,20260915232500,0,28,0,11,2026091523,2026-09-15 23:29:26
4060518700,20260915232500,0,8,0,36,2026091523,2026-09-15 23:29:26
4050584500,20260915232500,0,62,0,4,2026091523,2026-09-15 23:29:26
4050101900,20260915232500,0,19,0,30,2026091523,2026-09-15 23:29:26
4050453300,20260915232500,0,43,0,56,2026091523,2026-09-15 23:29:26
4050369600,20260915232500,0,39,0,45,2026091523,2026-09-15 23:29:26
4050322100,20260915232500,0,28,0,18,2026091523,2026-09-15 23:29:26
4050238400,20260915232500,0,34,0,6,2026091523,2026-09-15 23:29:26
4050107200,20260915232500,0,21,0,97,2026091523,2026-09-15 23:29:26
4060251900,20260915232500,0,37,0,22,2026091523,2026-09-15 23:29:26
4060120700,20260915232500,0,28,0,14,2026091523,2026-09-15 23:29:26
4060472100,20260915232500,0,26,0,26,2026091523,2026-09-15 23:29:26
4060257200,20260915232500,0,59,0,6,2026091523,2026-09-15 23:29:26
4060126000,20260915232500,0,28,0,5,2026091523,2026-09-15 23:29:26
4050371900,20260915232500,0,38,0,246,2026091523,2026-09-15 23:29:26
4050240700,20260915232500,0,39,0,20,2026091523,2026-09-15 23:29:26
4050592100,20260915232500,0,40,0,3,2026091523,2026-09-15 23:29:26
4050377200,20260915232500,0,49,0,147,2026091523,2026-09-15 23:29:26
4050246000,20260915232500,0,55,0,6,2026091523,2026-09-15 23:29:26
4060390700,20260915232500,0,12,0,67,2026091523,2026-09-15 23:29:26
4060044600,20260915232500,0,21,0,5,2026091523,2026-09-15 23:29:26
4060396000,20260915232500,0,10,0,47,2026091523,2026-09-15 23:29:26
4060313700,20260915232500,0,39,0,4,2026091523,2026-09-15 23:29:26
4050295800,20260915232500,0,37,0,9,2026091523,2026-09-15 23:29:26
4050164600,20260915232500,0,16,0,7,2026091523,2026-09-15 23:29:26
4060183400,20260915232500,0,33,0,27,2026091523,2026-09-15 23:29:26
4060099700,20260915232500,0,5,0,146,2026091523,2026-09-15 23:29:26
4050564900,20260915232500,0,30,0,19,2026091523,2026-09-15 23:29:26
4050302500,20260915232500,0,12,0,29,2026091523,2026-09-15 23:29:26
4050218800,20260915232500,0,35,0,99,2026091523,2026-09-15 23:29:26
4060368800,20260915232500,0,36,0,14,2026091523,2026-09-15 23:29:26
4060237600,20260915232500,0,36,0,151,2026091523,2026-09-15 23:29:26
4060106400,20260915232500,0,26,0,9,2026091523,2026-09-15 23:29:26
4050172200,20260915232500,0,29,0,16,2026091523,2026-09-15 23:29:26
4050088500,20260915232500,0,18,0,45,2026091523,2026-09-15 23:29:26
4050041000,20260915232500,0,34,0,191,2026091523,2026-09-15 23:29:26
4060191000,20260915232500,0,40,0,135,2026091523,2026-09-15 23:29:26
4060506700,20260915232500,0,41,0,197,2026091523,2026-09-15 23:29:26
4050488800,20260915232500,0,16,0,11,2026091523,2026-09-15 23:29:26
4050441300,20260915232500,0,23,0,54,2026091523,2026-09-15 23:29:26
4050357600,20260915232500,0,32,0,7,2026091523,2026-09-15 23:29:26
4050310100,20260915232500,0,27,0,21,2026091523,2026-09-15 23:29:26
4050090800,20260915232500,0,5,0,84,2026091523,2026-09-15 23:29:26
4060245200,20260915232500,0,40,0,43,2026091523,2026-09-15 23:29:26
4060114000,20260915232500,0,56,0,100,2026091523,2026-09-15 23:29:26
4050096100,20260915232500,0,16,0,21,2026091523,2026-09-15 23:29:26
4060514300,20260915232500,0,34,0,78,2026091523,2026-09-15 23:29:26
4050580100,20260915232500,0,65,0,5,2026091523,2026-09-15 23:29:26
4050234000,20260915232500,0,64,0,20,2026091523,2026-09-15 23:29:26
4060032600,20260915232500,0,20,0,20,2026091523,2026-09-15 23:29:26
4060384000,20260915232500,0,26,0,8,2026091523,2026-09-15 23:29:26
4050503100,20260915232500,0,38,0,189,2026091523,2026-09-15 23:29:26
4060432900,20260915232500,0,40,0,2,2026091523,2026-09-15 23:29:26
4060301700,20260915232500,0,45,0,26,2026091523,2026-09-15 23:29:26
4050283800,20260915232500,0,38,0,64,2026091523,2026-09-15 23:29:26
4050068900,20260915232500,0,18,0,21,2026091523,2026-09-15 23:29:26
4060307000,20260915232500,0,23,0,89,2026091523,2026-09-15 23:29:26
4060171406,20260915232500,0,31,0,21,2026091523,2026-09-15 23:29:26
4060171405,20260915232500,0,40,0,14,2026091523,2026-09-15 23:29:26
4050289100,20260915232500,0,30,0,129,2026091523,2026-09-15 23:29:26
4060171404,20260915232500,0,35,0,17,2026091523,2026-09-15 23:29:26
4060171403,20260915232500,0,18,0,79,2026091523,2026-09-15 23:29:26
4060087700,20260915232500,0,36,0,8,2026091523,2026-09-15 23:29:26
4060040200,20260915232500,0,31,0,33,2026091523,2026-09-15 23:29:26
4050421700,20260915232500,0,31,0,17,2026091523,2026-09-15 23:29:26
4060356800,20260915232500,0,77,0,22,2026091523,2026-09-15 23:29:26
4060225600,20260915232500,0,35,0,28,2026091523,2026-09-15 23:29:26
4050291400,20260915232500,0,52,0,14,2026091523,2026-09-15 23:29:26
4050160200,20260915232500,0,25,0,69,2026091523,2026-09-15 23:29:26
4060095302,20260915232500,0,41,0,31,2026091523,2026-09-15 23:29:26
4060095301,20260915232500,0,31,0,30,2026091523,2026-09-15 23:29:26
4050560500,20260915232500,0,50,0,9,2026091523,2026-09-15 23:29:26
4050345600,20260915232500,0,40,0,17,2026091523,2026-09-15 23:29:26
4060495600,20260915232500,0,35,0,7,2026091523,2026-09-15 23:29:26
4060364400,20260915232500,0,74,0,9,2026091523,2026-09-15 23:29:26
4060233200,20260915232500,0,17,0,21,2026091523,2026-09-15 23:29:26
4060102000,20260915232500,0,23,0,18,2026091523,2026-09-15 23:29:26
4060018300,20260915232500,0,29,0,36,2026091523,2026-09-15 23:29:26
4050614700,20260915232500,0,31,0,36,2026091523,2026-09-15 23:29:26
4060418600,20260915232500,0,40,0,511,2026091523,2026-09-15 23:29:26
4050484400,20260915232500,0,8,0,46,2026091523,2026-09-15 23:29:26
4050353200,20260915232500,0,48,0,5,2026091523,2026-09-15 23:29:26
4050269500,20260915232500,0,48,0,7,2026091523,2026-09-15 23:29:26
4050222000,20260915232500,0,53,0,15,2026091523,2026-09-15 23:29:26
4050271800,20260915232500,0,32,0,7,2026091523,2026-09-15 23:29:26
4050140600,20260915232500,0,16,0,62,2026091523,2026-09-15 23:29:26
4060426200,20260915232500,0,44,0,128,2026091523,2026-09-15 23:29:26
4050492000,20260915232500,0,38,0,21,2026091523,2026-09-15 23:29:26
4050277100,20260915232500,0,22,0,10,2026091523,2026-09-15 23:29:26
4060075700,20260915232500,0,5,0,51,2026091523,2026-09-15 23:29:26
4050540900,20260915232500,0,47,0,354,2026091523,2026-09-15 23:29:26
4050546200,20260915232500,0,44,0,2,2026091523,2026-09-15 23:29:26
4050415000,20260915232500,0,47,0,34,2026091523,2026-09-15 23:29:26
4060213600,20260915232500,0,38,0,117,2026091523,2026-09-15 23:29:26
4060129900,20260915232500,0,41,0,8,2026091523,2026-09-15 23:29:26
4050195700,20260915232500,0,10,0,46,2026091523,2026-09-15 23:29:26
4050064500,20260915232500,0,9,0,22,2026091523,2026-09-15 23:29:26
4060083300,20260915232500,0,25,0,8,2026091523,2026-09-15 23:29:26
4050333600,20260915232500,0,16,0,29,2026091523,2026-09-15 23:29:26
4050249900,20260915232500,0,48,0,11,2026091523,2026-09-15 23:29:26
4050202400,20260915232500,0,33,0,14,2026091523,2026-09-15 23:29:26
4050118700,20260915232500,0,21,0,27,2026091523,2026-09-15 23:29:26
4060399900,20260915232500,0,25,0,33,2026091523,2026-09-15 23:29:26
4060352400,20260915232500,0,32,0,12,2026091523,2026-09-15 23:29:26
4060268700,20260915232500,0,44,0,29,2026091523,2026-09-15 23:29:26
4060221200,20260915232500,0,33,0,15,2026091523,2026-09-15 23:29:26
4060137500,20260915232500,0,27,0,86,2026091523,2026-09-15 23:29:26
4050072100,20260915232500,0,38,0,30,2026091523,2026-09-15 23:29:26
4050602700,20260915232500,0,14,0,34,2026091523,2026-09-15 23:29:26
4050608000,20260915232500,0,35,0,142,2026091523,2026-09-15 23:29:26
4060406600,20260915232500,0,25,0,157,2026091523,2026-09-15 23:29:26
4050472400,20260915232500,0,34,0,55,2026091523,2026-09-15 23:29:26
4050388700,20260915232500,0,21,0,44,2026091523,2026-09-15 23:29:26
4050341200,20260915232500,0,30,0,15,2026091523,2026-09-15 23:29:26
4050257500,20260915232500,0,23,0,6,2026091523,2026-09-15 23:29:26
4050210000,20260915232500,0,17,0,56,2026091523,2026-09-15 23:29:26
4050126300,20260915232500,0,20,0,21,2026091523,2026-09-15 23:29:26
4060360000,20260915232500,0,24,0,17,2026091523,2026-09-15 23:29:26
4050526600,20260915232500,0,34,0,384,2026091523,2026-09-15 23:29:26
4050044902,20260915232500,0,13,0,66,2026091523,2026-09-15 23:29:26
4050044901,20260915232500,0,37,0,13,2026091523,2026-09-15 23:29:26
4060414200,20260915232500,0,19,0,42,2026091523,2026-09-15 23:29:26
4050480000,20260915232500,0,44,0,71,2026091523,2026-09-15 23:29:26
4050396300,20260915232500,0,43,0,121,2026091523,2026-09-15 23:29:26
4050265100,20260915232500,0,46,0,3,2026091523,2026-09-15 23:29:26
4060194900,20260915232500,0,74,0,18,2026091523,2026-09-15 23:29:26
4060063700,20260915232500,0,22,0,11,2026091523,2026-09-15 23:29:26
4060069000,20260915232500,0,26,0,17,2026091523,2026-09-15 23:29:26
4050319300,20260915232500,0,26,0,21,2026091523,2026-09-15 23:29:26
4060201600,20260915232500,0,35,0,2,2026091523,2026-09-15 23:29:26
4060469300,20260915232500,0,40,0,17,2026091523,2026-09-15 23:29:26
4050052500,20260915232500,0,12,0,36,2026091523,2026-09-15 23:29:26
4060338100,20260915232500,0,34,0,23,2026091523,2026-09-15 23:29:26
4050189000,20260915232500,0,22,0,13,2026091523,2026-09-15 23:29:26
4060071300,20260915232500,0,26,0,9,2026091523,2026-09-15 23:29:26
4050321600,20260915232500,0,34,0,24,2026091523,2026-09-15 23:29:26
4050237900,20260915232500,0,44,0,9,2026091523,2026-09-15 23:29:26
4050589300,20260915232500,0,66,0,56,2026091523,2026-09-15 23:29:26
4050106700,20260915232500,0,16,0,23,2026091523,2026-09-15 23:29:26
4050458100,20260915232500,0,38,0,35,2026091523,2026-09-15 23:29:26
4060471600,20260915232500,0,44,0,255,2026091523,2026-09-15 23:29:26
4060387900,20260915232500,0,49,0,56,2026091523,2026-09-15 23:29:26
4060340400,20260915232500,0,33,0,64,2026091523,2026-09-15 23:29:26
4060125502,20260915232500,0,40,0,145,2026091523,2026-09-15 23:29:26
4060256700,20260915232500,0,38,0,17,2026091523,2026-09-15 23:29:26
4060125501,20260915232500,0,35,0,7,2026091523,2026-09-15 23:29:26
4050060100,20260915232500,0,19,0,10,2026091523,2026-09-15 23:29:26
4050591600,20260915232500,0,37,0,149,2026091523,2026-09-15 23:29:26
4050460400,20260915232500,0,27,0,25,2026091523,2026-09-15 23:29:26
4050245500,20260915232500,0,50,0,3,2026091523,2026-09-15 23:29:26
4050114300,20260915232500,0,11,0,38,2026091523,2026-09-15 23:29:26
4060264300,20260915232500,0,50,0,5,2026091523,2026-09-15 23:29:26
4060133100,20260915232500,0,28,0,19,2026091523,2026-09-15 23:29:26
4060049400,20260915232500,0,43,0,3,2026091523,2026-09-15 23:29:26
4050514600,20260915232500,0,19,0,74,2026091523,2026-09-15 23:29:26
4060533401,20260915232500,0,37,0,19,2026091523,2026-09-15 23:29:26
4060449700,20260915232500,0,45,0,9,2026091523,2026-09-15 23:29:26
4060402200,20260915232500,0,42,0,224,2026091523,2026-09-15 23:29:26
4050032900,20260915232500,0,36,0,297,2026091523,2026-09-15 23:29:26
4050384300,20260915232500,0,34,0,100,2026091523,2026-09-15 23:29:26
4050253100,20260915232500,0,38,0,9,2026091523,2026-09-15 23:29:26
4050169400,20260915232500,0,24,0,7,2026091523,2026-09-15 23:29:26
4050038200,20260915232500,0,29,0,27,2026091523,2026-09-15 23:29:26
4060182900,20260915232500,0,32,0,7,2026091523,2026-09-15 23:29:26
4060188200,20260915232500,0,52,0,2,2026091523,2026-09-15 23:29:26
4060057000,20260915232500,0,28,0,31,2026091523,2026-09-15 23:29:26
4050569700,20260915232500,0,63,0,60,2026091523,2026-09-15 23:29:26
4050522200,20260915232500,0,29,0,35,2026091523,2026-09-15 23:29:26
4050438500,20260915232500,0,25,0,91,2026091523,2026-09-15 23:29:26
4050307300,20260915232500,0,46,0,11,2026091523,2026-09-15 23:29:26
4060320800,20260915232500,0,36,0,35,2026091523,2026-09-15 23:29:26
4060105900,20260915232500,0,15,0,21,2026091523,2026-09-15 23:29:26
4050171700,20260915232500,0,16,0,15,2026091523,2026-09-15 23:29:26
4060326100,20260915232500,0,41,0,11,2026091523,2026-09-15 23:29:26
4050177000,20260915232500,0,32,0,49,2026091523,2026-09-15 23:29:26
4060190500,20260915232500,0,57,0,20,2026091523,2026-09-15 23:29:26
4050440800,20260915232500,0,26,0,44,2026091523,2026-09-15 23:29:26
4050577300,20260915232500,0,51,0,55,2026091523,2026-09-15 23:29:26
4060244700,20260915232500,0,45,0,14,2026091523,2026-09-15 23:29:26
4060113500,20260915232500,0,51,0,211,2026091523,2026-09-15 23:29:26
4060029800,20260915232500,0,18,0,14,2026091523,2026-09-15 23:29:26
4050095600,20260915232500,0,29,0,100,2026091523,2026-09-15 23:29:26
4050495900,20260915232500,0,28,0,7,2026091523,2026-09-15 23:29:26
4060252300,20260915232500,0,38,0,20,2026091523,2026-09-15 23:29:26
4060121100,20260915232500,0,52,0,6,2026091523,2026-09-15 23:29:26
4060037400,20260915232500,0,40,0,2,2026091523,2026-09-15 23:29:26
4050502600,20260915232500,0,62,0,76,2026091523,2026-09-15 23:29:26
4050418900,20260915232500,0,51,0,75,2026091523,2026-09-15 23:29:26
4060437700,20260915232500,0,44,0,54,2026091523,2026-09-15 23:29:26
4060306500,20260915232500,0,28,0,56,2026091523,2026-09-15 23:29:26
4050372300,20260915232500,0,28,0,47,2026091523,2026-09-15 23:29:26
4050288600,20260915232500,0,34,0,38,2026091523,2026-09-15 23:29:26
4050241100,20260915232500,0,71,0,2,2026091523,2026-09-15 23:29:26
4050157400,20260915232500,0,32,0,12,2026091523,2026-09-15 23:29:26
4060170902,20260915232500,0,12,0,22,2026091523,2026-09-15 23:29:26
4060170901,20260915232500,0,46,0,26,2026091523,2026-09-15 23:29:26
4060176200,20260915232500,0,31,0,9,2026091523,2026-09-15 23:29:26
4060045000,20260915232500,0,25,0,4,2026091523,2026-09-15 23:29:26
4050510200,20260915232500,0,13,0,11,2026091523,2026-09-15 23:29:26
4050290900,20260915232500,0,56,0,28,2026091523,2026-09-15 23:29:26
4060445300,20260915232500,0,33,0,73,2026091523,2026-09-15 23:29:26
4060314100,20260915232500,0,43,0,98,2026091523,2026-09-15 23:29:26
4050296200,20260915232500,0,22,0,97,2026091523,2026-09-15 23:29:26
4050165000,20260915232500,0,19,0,50,2026091523,2026-09-15 23:29:26
4060094800,20260915232500,0,31,0,7,2026091523,2026-09-15 23:29:26
4050213902,20260915232500,0,20,0,34,2026091523,2026-09-15 23:29:26
4050213901,20260915232500,0,13,0,81,2026091523,2026-09-15 23:29:26
4050565300,20260915232500,0,31,0,78,2026091523,2026-09-15 23:29:26
4050434100,20260915232500,0,52,0,97,2026091523,2026-09-15 23:29:26
4060363900,20260915232500,0,35,0,18,2026091523,2026-09-15 23:29:26
4060232700,20260915232500,0,41,0,9,2026091523,2026-09-15 23:29:26
4060101500,20260915232500,0,16,0,13,2026091523,2026-09-15 23:29:26
4060017800,20260915232500,0,47,0,22,2026091523,2026-09-15 23:29:26
4050083600,20260915232500,0,14,0,18,2026091523,2026-09-15 23:29:26
4060238000,20260915232500,0,39,0,12,2026091523,2026-09-15 23:29:26
4050483900,20260915232500,0,83,0,21,2026091523,2026-09-15 23:29:26
4050352700,20260915232500,0,39,0,14,2026091523,2026-09-15 23:29:26
4050221500,20260915232500,0,57,0,24,2026091523,2026-09-15 23:29:26
4060507100,20260915232500,0,48,0,24,2026091523,2026-09-15 23:29:26
4050137800,20260915232500,0,21,0,128,2026091523,2026-09-15 23:29:26
4050489200,20260915232500,0,42,0,95,2026091523,2026-09-15 23:29:26
4050358000,20260915232500,0,33,0,14,2026091523,2026-09-15 23:29:26
4060371500,20260915232500,0,46,0,20,2026091523,2026-09-15 23:29:26
4060240300,20260915232500,0,39,0,5,2026091523,2026-09-15 23:29:26
4050406900,20260915232500,0,47,0,75,2026091523,2026-09-15 23:29:26
4050491500,20260915232500,0,60,0,1,2026091523,2026-09-15 23:29:26
4050360300,20260915232500,0,65,0,25,2026091523,2026-09-15 23:29:26
4050276600,20260915232500,0,42,0,40,2026091523,2026-09-15 23:29:26
4050145400,20260915232500,0,19,0,44,2026091523,2026-09-15 23:29:26
4050414500,20260915232500,0,21,0,258,2026091523,2026-09-15 23:29:26
4060349600,20260915232500,0,29,0,10,2026091523,2026-09-15 23:29:26
4060218400,20260915232500,0,48,0,36,2026091523,2026-09-15 23:29:26
4050284200,20260915232500,0,58,0,73,2026091523,2026-09-15 23:29:26
4050153000,20260915232500,0,19,0,45,2026091523,2026-09-15 23:29:26
4050069300,20260915232500,0,15,0,65,2026091523,2026-09-15 23:29:26
4060082800,20260915232500,0,19,0,7,2026091523,2026-09-15 23:29:26
4060088100,20260915232500,0,30,0,12,2026091523,2026-09-15 23:29:26
4050201900,20260915232500,0,27,0,16,2026091523,2026-09-15 23:29:26
4050553300,20260915232500,0,32,0,31,2026091523,2026-09-15 23:29:26
4050338400,20260915232500,0,31,0,8,2026091523,2026-09-15 23:29:26
4050207200,20260915232500,0,25,0,24,2026091523,2026-09-15 23:29:26
4060351900,20260915232500,0,41,0,14,2026091523,2026-09-15 23:29:26
4060220700,20260915232500,0,36,0,15,2026091523,2026-09-15 23:29:26
4050071600,20260915232500,0,25,0,35,2026091523,2026-09-15 23:29:26
4060357200,20260915232500,0,43,0,190,2026091523,2026-09-15 23:29:26
4060226000,20260915232500,0,65,0,6,2026091523,2026-09-15 23:29:26
4060090400,20260915232500,0,31,0,43,2026091523,2026-09-15 23:29:26
4050471900,20260915232500,0,51,0,1,2026091523,2026-09-15 23:29:26
4050340700,20260915232500,0,42,0,13,2026091523,2026-09-15 23:29:26
4050125800,20260915232500,0,18,0,14,2026091523,2026-09-15 23:29:26
4060490700,20260915232500,0,47,0,6,2026091523,2026-09-15 23:29:26
4060275800,20260915232500,0,40,0,25,2026091523,2026-09-15 23:29:26
4060496000,20260915232500,0,28,0,4,2026091523,2026-09-15 23:29:26
4050615100,20260915232500,0,41,0,212,2026091523,2026-09-15 23:29:26
4060413700,20260915232500,0,45,0,31,2026091523,2026-09-15 23:29:26
4050395800,20260915232500,0,29,0,7,2026091523,2026-09-15 23:29:26
4050264600,20260915232500,0,31,0,4,2026091523,2026-09-15 23:29:26
4050133400,20260915232500,0,22,0,75,2026091523,2026-09-15 23:29:26
4060419000,20260915232500,0,52,0,28,2026091523,2026-09-15 23:29:26
4050049700,20260915232500,0,22,0,40,2026091523,2026-09-15 23:29:26
4060199700,20260915232500,0,32,0,75,2026091523,2026-09-15 23:29:26
4060068500,20260915232500,0,25,0,18,2026091523,2026-09-15 23:29:26
4050318800,20260915232500,0,28,0,16,2026091523,2026-09-15 23:29:26
4060468800,20260915232500,0,34,0,35,2026091523,2026-09-15 23:29:26
4060421300,20260915232500,0,52,0,2,2026091523,2026-09-15 23:29:26
4060337600,20260915232500,0,38,0,124,2026091523,2026-09-15 23:29:26
4060206400,20260915232500,0,38,0,12,2026091523,2026-09-15 23:29:26
4050272200,20260915232500,0,32,0,68,2026091523,2026-09-15 23:29:26
4050188500,20260915232500,0,9,0,94,2026091523,2026-09-15 23:29:26
4050141000,20260915232500,0,8,0,73,2026091523,2026-09-15 23:29:26
4050057300,20260915232500,0,23,0,14,2026091523,2026-09-15 23:29:26
4060070800,20260915232500,0,28,0,15,2026091523,2026-09-15 23:29:26
4060076100,20260915232500,0,9,0,16,2026091523,2026-09-15 23:29:26
4050588800,20260915232500,0,23,0,113,2026091523,2026-09-15 23:29:26
4050326400,20260915232500,0,45,0,10,2026091523,2026-09-15 23:29:26
4050190800,20260915232500,0,24,0,19,2026091523,2026-09-15 23:29:26
4060345200,20260915232500,0,33,0,102,2026091523,2026-09-15 23:29:26
4060214000,20260915232500,0,45,0,51,2026091523,2026-09-15 23:29:26
4050196100,20260915232500,0,27,0,21,2026091523,2026-09-15 23:29:26
4050596400,20260915232500,0,23,0,23,2026091523,2026-09-15 23:29:26
4050465200,20260915232500,0,55,0,37,2026091523,2026-09-15 23:29:26
4050334000,20260915232500,0,28,0,21,2026091523,2026-09-15 23:29:26
4050119100,20260915232500,0,19,0,57,2026091523,2026-09-15 23:29:26
4060263800,20260915232500,0,17,0,21,2026091523,2026-09-15 23:29:26
4060132600,20260915232500,0,44,0,4,2026091523,2026-09-15 23:29:26
4060048900,20260915232500,0,40,0,16,2026091523,2026-09-15 23:29:26
4060269100,20260915232500,0,39,0,54,2026091523,2026-09-15 23:29:26
4050603100,20260915232500,0,11,0,52,2026091523,2026-09-15 23:29:26
4060532901,20260915232500,0,55,0,135,2026091523,2026-09-15 23:29:26
4060401700,20260915232500,0,49,0,119,2026091523,2026-09-15 23:29:26
4050383800,20260915232500,0,32,0,29,2026091523,2026-09-15 23:29:26
4050252600,20260915232500,0,70,0,1,2026091523,2026-09-15 23:29:26
4050168900,20260915232500,0,20,0,9,2026091523,2026-09-15 23:29:26
4050037702,20260915232500,0,39,0,25,2026091523,2026-09-15 23:29:26
4050121400,20260915232500,0,19,0,22,2026091523,2026-09-15 23:29:26
4050037701,20260915232500,0,38,0,42,2026091523,2026-09-15 23:29:26
4060407000,20260915232500,0,48,0,113,2026091523,2026-09-15 23:29:26
4050389100,20260915232500,0,45,0,207,2026091523,2026-09-15 23:29:26
4060140202,20260915232500,0,17,0,26,2026091523,2026-09-15 23:29:26
4060271400,20260915232500,0,50,0,28,2026091523,2026-09-15 23:29:26
4060187700,20260915232500,0,29,0,49,2026091523,2026-09-15 23:29:26
4060140201,20260915232500,0,36,0,47,2026091523,2026-09-15 23:29:26
4050521700,20260915232500,0,24,0,43,2026091523,2026-09-15 23:29:26
4050306800,20260915232500,0,45,0,5,2026091523,2026-09-15 23:29:26
4050527000,20260915232500,0,27,0,13,2026091523,2026-09-15 23:29:26
4060456800,20260915232500,0,41,0,32,2026091523,2026-09-15 23:29:26
4060325600,20260915232500,0,41,0,4,2026091523,2026-09-15 23:29:26
4050391400,20260915232500,0,59,0,16,2026091523,2026-09-15 23:29:26
4050260200,20260915232500,0,31,0,26,2026091523,2026-09-15 23:29:26
4050045300,20260915232500,0,16,0,28,2026091523,2026-09-15 23:29:26
4060195300,20260915232500,0,14,0,67,2026091523,2026-09-15 23:29:26
4060064100,20260915232500,0,27,0,9,2026091523,2026-09-15 23:29:26
4050576800,20260915232500,0,40,0,122,2026091523,2026-09-15 23:29:26
4050445600,20260915232500,0,51,0,1,2026091523,2026-09-15 23:29:26
4050314400,20260915232500,0,37,0,2,2026091523,2026-09-15 23:29:26
4060464400,20260915232500,0,45,0,142,2026091523,2026-09-15 23:29:26
4060249500,20260915232500,0,24,0,129,2026091523,2026-09-15 23:29:26
4060202000,20260915232500,0,38,0,13,2026091523,2026-09-15 23:29:26
4060118300,20260915232500,0,17,0,44,2026091523,2026-09-15 23:29:26
4050184100,20260915232500,0,35,0,10,2026091523,2026-09-15 23:29:26
4050584400,20260915232500,0,56,0,5,2026091523,2026-09-15 23:29:26
4050101800,20260915232500,0,9,0,62,2026091523,2026-09-15 23:29:26
4050453200,20260915232500,0,43,0,57,2026091523,2026-09-15 23:29:26
4050322000,20260915232500,0,33,0,15,2026091523,2026-09-15 23:29:26
4050238300,20260915232500,0,51,0,24,2026091523,2026-09-15 23:29:26
4050107100,20260915232500,0,21,0,97,2026091523,2026-09-15 23:29:26
4060251800,20260915232500,0,53,0,15,2026091523,2026-09-15 23:29:26
4060120600,20260915232500,0,38,0,10,2026091523,2026-09-15 23:29:26
4060472000,20260915232500,0,35,0,25,2026091523,2026-09-15 23:29:26
4060388300,20260915232500,0,33,0,199,2026091523,2026-09-15 23:29:26
4060257100,20260915232500,0,57,0,3,2026091523,2026-09-15 23:29:26
4060520900,20260915232500,0,25,0,8,2026091523,2026-09-15 23:29:26
4050371800,20260915232500,0,29,0,323,2026091523,2026-09-15 23:29:26
4050240600,20260915232500,0,42,0,17,2026091523,2026-09-15 23:29:26
4050156900,20260915232500,0,15,0,75,2026091523,2026-09-15 23:29:26
4050592000,20260915232500,0,27,0,5,2026091523,2026-09-15 23:29:26
4050377100,20260915232500,0,39,0,127,2026091523,2026-09-15 23:29:26
4060390600,20260915232500,0,16,0,51,2026091523,2026-09-15 23:29:26
4060044500,20260915232500,0,31,0,13,2026091523,2026-09-15 23:29:26
4060313600,20260915232500,0,47,0,11,2026091523,2026-09-15 23:29:26
4060229900,20260915232500,0,26,0,17,2026091523,2026-09-15 23:29:26
4050295700,20260915232500,0,15,0,33,2026091523,2026-09-15 23:29:26
4050164500,20260915232500,0,18,0,7,2026091523,2026-09-15 23:29:26
4060183300,20260915232500,0,31,0,14,2026091523,2026-09-15 23:29:26
4060052100,20260915232500,0,49,0,45,2026091523,2026-09-15 23:29:26
4050564800,20260915232500,0,32,0,18,2026091523,2026-09-15 23:29:26
4050349900,20260915232500,0,34,0,12,2026091523,2026-09-15 23:29:26
4050302400,20260915232500,0,7,0,49,2026091523,2026-09-15 23:29:26
4060499900,20260915232500,0,50,0,210,2026091523,2026-09-15 23:29:26
4060452400,20260915232500,0,40,0,37,2026091523,2026-09-15 23:29:26
4060368700,20260915232500,0,33,0,16,2026091523,2026-09-15 23:29:26
4060321200,20260915232500,0,43,0,17,2026091523,2026-09-15 23:29:26
4060237500,20260915232500,0,38,0,184,2026091523,2026-09-15 23:29:26
4060106300,20260915232500,0,15,0,16,2026091523,2026-09-15 23:29:26
4050172100,20260915232500,0,28,0,17,2026091523,2026-09-15 23:29:26
4060506600,20260915232500,0,46,0,37,2026091523,2026-09-15 23:29:26
4050441200,20260915232500,0,40,0,30,2026091523,2026-09-15 23:29:26
4050357500,20260915232500,0,31,0,8,2026091523,2026-09-15 23:29:26
4050310000,20260915232500,0,24,0,24,2026091523,2026-09-15 23:29:26
4060460000,20260915232500,0,62,0,73,2026091523,2026-09-15 23:29:26
4050090700,20260915232500,0,17,0,24,2026091523,2026-09-15 23:29:26
4060245100,20260915232500,0,43,0,33,2026091523,2026-09-15 23:29:26
4050096002,20260915232500,0,23,0,8,2026091523,2026-09-15 23:29:26
4050096001,20260915232500,0,13,0,16,2026091523,2026-09-15 23:29:26
4050144900,20260915232500,0,20,0,11,2026091523,2026-09-15 23:29:26
4050580000,20260915232500,0,16,0,26,2026091523,2026-09-15 23:29:26
4060032500,20260915232500,0,20,0,19,2026091523,2026-09-15 23:29:26
4050503000,20260915232500,0,39,0,184,2026091523,2026-09-15 23:29:26
4060301600,20260915232500,0,31,0,38,2026091523,2026-09-15 23:29:26
4060217900,20260915232500,0,65,0,17,2026091523,2026-09-15 23:29:26
4050283700,20260915232500,0,49,0,30,2026091523,2026-09-15 23:29:26
4050068800,20260915232500,0,20,0,11,2026091523,2026-09-15 23:29:26
4050289000,20260915232500,0,38,0,104,2026091523,2026-09-15 23:29:26
4060171300,20260915232500,0,44,0,18,2026091523,2026-09-15 23:29:26
4060087600,20260915232500,0,31,0,10,2026091523,2026-09-15 23:29:26
4060040100,20260915232500,0,37,0,28,2026091523,2026-09-15 23:29:26
4050421600,20260915232500,0,31,0,17,2026091523,2026-09-15 23:29:26
4050337900,20260915232500,0,35,0,9,2026091523,2026-09-15 23:29:26
4060440400,20260915232500,0,47,0,111,2026091523,2026-09-15 23:29:26
4060225500,20260915232500,0,56,0,6,2026091523,2026-09-15 23:29:26
4050291300,20260915232500,0,55,0,41,2026091523,2026-09-15 23:29:26
4050160100,20260915232500,0,17,0,103,2026091523,2026-09-15 23:29:26
4050076400,20260915232500,0,16,0,26,2026091523,2026-09-15 23:29:26
4060095200,20260915232500,0,32,0,32,2026091523,2026-09-15 23:29:26
4050560400,20260915232500,0,40,0,12,2026091523,2026-09-15 23:29:26
4050345500,20260915232500,0,44,0,12,2026091523,2026-09-15 23:29:26
4060495500,20260915232500,0,48,0,3,2026091523,2026-09-15 23:29:26
4060364300,20260915232500,0,31,0,22,2026091523,2026-09-15 23:29:26
4060233100,20260915232500,0,38,0,22,2026091523,2026-09-15 23:29:26
4050084000,20260915232500,0,24,0,8,2026091523,2026-09-15 23:29:26
4050614600,20260915232500,0,34,0,33,2026091523,2026-09-15 23:29:26
4060502200,20260915232500,0,39,0,28,2026091523,2026-09-15 23:29:26
4050132900,20260915232500,0,26,0,51,2026091523,2026-09-15 23:29:26
4050353100,20260915232500,0,33,0,3,2026091523,2026-09-15 23:29:26
4050269400,20260915232500,0,56,0,6,2026091523,2026-09-15 23:29:26
4050407300,20260915232500,0,46,0,111,2026091523,2026-09-15 23:29:26
4060205900,20260915232500,0,61,0,2,2026091523,2026-09-15 23:29:26
4050271700,20260915232500,0,37,0,8,2026091523,2026-09-15 23:29:26
4050140500,20260915232500,0,40,0,25,2026091523,2026-09-15 23:29:26
4050056800,20260915232500,0,18,0,19,2026091523,2026-09-15 23:29:26
4050277000,20260915232500,0,40,0,5,2026091523,2026-09-15 23:29:26
4060075600,20260915232500,0,25,0,10,2026091523,2026-09-15 23:29:26
4050540800,20260915232500,0,51,0,327,2026091523,2026-09-15 23:29:26
4050325900,20260915232500,0,45,0,6,2026091523,2026-09-15 23:29:26
4050546100,20260915232500,0,36,0,2,2026091523,2026-09-15 23:29:26
4060344700,20260915232500,0,21,0,18,2026091523,2026-09-15 23:29:26
4060213500,20260915232500,0,26,0,35,2026091523,2026-09-15 23:29:26
4060129800,20260915232500,0,18,0,20,2026091523,2026-09-15 23:29:26
4050195600,20260915232500,0,20,0,13,2026091523,2026-09-15 23:29:26
4050064400,20260915232500,0,56,0,88,2026091523,2026-09-15 23:29:26
4060083200,20260915232500,0,23,0,9,2026091523,2026-09-15 23:29:26
4050333500,20260915232500,0,32,0,21,2026091523,2026-09-15 23:29:26
4050249800,20260915232500,0,36,0,15,2026091523,2026-09-15 23:29:26
4050202300,20260915232500,0,18,0,26,2026091523,2026-09-15 23:29:26
4050118600,20260915232500,0,12,0,38,2026091523,2026-09-15 23:29:26
4060399800,20260915232500,0,34,0,24,2026091523,2026-09-15 23:29:26
4060137402,20260915232500,0,40,0,23,2026091523,2026-09-15 23:29:26
4060268600,20260915232500,0,39,0,34,2026091523,2026-09-15 23:29:26
4060137401,20260915232500,0,42,0,70,2026091523,2026-09-15 23:29:26
4060221100,20260915232500,0,33,0,25,2026091523,2026-09-15 23:29:26
4050602600,20260915232500,0,10,0,48,2026091523,2026-09-15 23:29:26
4050518900,20260915232500,0,11,0,85,2026091523,2026-09-15 23:29:26
4050120900,20260915232500,0,17,0,24,2026091523,2026-09-15 23:29:26
4060406500,20260915232500,0,50,0,140,2026091523,2026-09-15 23:29:26
4050472300,20260915232500,0,42,0,156,2026091523,2026-09-15 23:29:26
4050388600,20260915232500,0,23,0,42,2026091523,2026-09-15 23:29:26
4050341100,20260915232500,0,33,0,10,2026091523,2026-09-15 23:29:26
4050257400,20260915232500,0,30,0,4,2026091523,2026-09-15 23:29:26
4050126200,20260915232500,0,32,0,27,2026091523,2026-09-15 23:29:26
4060270900,20260915232500,0,53,0,4,2026091523,2026-09-15 23:29:26
4050526500,20260915232500,0,31,0,113,2026091523,2026-09-15 23:29:26
4050390900,20260915232500,0,47,0,69,2026091523,2026-09-15 23:29:26
4060414100,20260915232500,0,48,0,17,2026091523,2026-09-15 23:29:26
4050396200,20260915232500,0,48,0,108,2026091523,2026-09-15 23:29:26
4050265000,20260915232500,0,31,0,5,2026091523,2026-09-15 23:29:26
4060194800,20260915232500,0,18,0,72,2026091523,2026-09-15 23:29:26
4060063600,20260915232500,0,21,0,12,2026091523,2026-09-15 23:29:26
4050313900,20260915232500,0,45,0,31,2026091523,2026-09-15 23:29:26
4050534100,20260915232500,0,50,0,267,2026091523,2026-09-15 23:29:26
4050319200,20260915232500,0,42,0,13,2026091523,2026-09-15 23:29:26
4060463900,20260915232500,0,43,0,108,2026091523,2026-09-15 23:29:26
4060332700,20260915232500,0,51,0,5,2026091523,2026-09-15 23:29:26
4060201500,20260915232500,0,52,0,2,2026091523,2026-09-15 23:29:26
4050183600,20260915232500,0,26,0,15,2026091523,2026-09-15 23:29:26
4060469200,20260915232500,0,44,0,163,2026091523,2026-09-15 23:29:26
4050099900,20260915232500,0,12,0,34,2026091523,2026-09-15 23:29:26
4050052400,20260915232500,0,16,0,17,2026091523,2026-09-15 23:29:26
4060338000,20260915232500,0,23,0,35,2026091523,2026-09-15 23:29:26
4060071200,20260915232500,0,26,0,9,2026091523,2026-09-15 23:29:26
4050583900,20260915232500,0,52,0,6,2026091523,2026-09-15 23:29:26
4050321500,20260915232500,0,26,0,33,2026091523,2026-09-15 23:29:26
4050237800,20260915232500,0,30,0,13,2026091523,2026-09-15 23:29:26
4050589200,20260915232500,0,65,0,57,2026091523,2026-09-15 23:29:26
4050106600,20260915232500,0,16,0,25,2026091523,2026-09-15 23:29:26
4050458000,20260915232500,0,19,0,71,2026091523,2026-09-15 23:29:26
4060471500,20260915232500,0,53,0,211,2026091523,2026-09-15 23:29:26
4060387800,20260915232500,0,38,0,70,2026091523,2026-09-15 23:29:26
4060340300,20260915232500,0,38,0,29,2026091523,2026-09-15 23:29:26
4060256600,20260915232500,0,42,0,15,2026091523,2026-09-15 23:29:26
4060125400,20260915232500,0,27,0,14,2026091523,2026-09-15 23:29:26
4050591500,20260915232500,0,36,0,119,2026091523,2026-09-15 23:29:26
4050460300,20260915232500,0,42,0,11,2026091523,2026-09-15 23:29:26
4050245400,20260915232500,0,36,0,4,2026091523,2026-09-15 23:29:26
4060264200,20260915232500,0,21,0,16,2026091523,2026-09-15 23:29:26
4060133000,20260915232500,0,16,0,39,2026091523,2026-09-15 23:29:26
4060049300,20260915232500,0,46,0,3,2026091523,2026-09-15 23:29:26
4050514500,20260915232500,0,50,0,46,2026091523,2026-09-15 23:29:26
4060533301,20260915232500,0,36,0,19,2026091523,2026-09-15 23:29:26
4060449600,20260915232500,0,33,0,67,2026091523,2026-09-15 23:29:26
4060402100,20260915232500,0,45,0,36,2026091523,2026-09-15 23:29:26
4050032800,20260915232500,0,13,0,101,2026091523,2026-09-15 23:29:26
4060318400,20260915232500,0,27,0,21,2026091523,2026-09-15 23:29:26
4050384200,20260915232500,0,37,0,92,2026091523,2026-09-15 23:29:26
4050253000,20260915232500,0,61,0,6,2026091523,2026-09-15 23:29:26
4050169300,20260915232500,0,17,0,10,2026091523,2026-09-15 23:29:26
4050038100,20260915232500,0,26,0,30,2026091523,2026-09-15 23:29:26
4060182800,20260915232500,0,35,0,6,2026091523,2026-09-15 23:29:26
4060188100,20260915232500,0,32,0,11,2026091523,2026-09-15 23:29:26
4050301900,20260915232500,0,18,0,10,2026091523,2026-09-15 23:29:26
4050569600,20260915232500,0,43,0,87,2026091523,2026-09-15 23:29:26
4050522100,20260915232500,0,20,0,48,2026091523,2026-09-15 23:29:26
4050438400,20260915232500,0,24,0,95,2026091523,2026-09-15 23:29:26
4050307200,20260915232500,0,31,0,17,2026091523,2026-09-15 23:29:26
4060320700,20260915232500,0,26,0,48,2026091523,2026-09-15 23:29:26
4060105800,20260915232500,0,16,0,28,2026091523,2026-09-15 23:29:26
4050171600,20260915232500,0,8,0,34,2026091523,2026-09-15 23:29:26
4060457200,20260915232500,0,45,0,78,2026091523,2026-09-15 23:29:26
4050087900,20260915232500,0,19,0,41,2026091523,2026-09-15 23:29:26
4060326000,20260915232500,0,32,0,19,2026091523,2026-09-15 23:29:26
4060190400,20260915232500,0,43,0,27,2026091523,2026-09-15 23:29:26
4050440700,20260915232500,0,45,0,73,2026091523,2026-09-15 23:29:26
4050577200,20260915232500,0,49,0,57,2026091523,2026-09-15 23:29:26
4060244600,20260915232500,0,53,0,12,2026091523,2026-09-15 23:29:26
4060113400,20260915232500,0,52,0,40,2026091523,2026-09-15 23:29:26
4060029700,20260915232500,0,26,0,9,2026091523,2026-09-15 23:29:26
4050095500,20260915232500,0,21,0,140,2026091523,2026-09-15 23:29:26
4050495800,20260915232500,0,36,0,5,2026091523,2026-09-15 23:29:26
4060519000,20260915232500,0,49,0,158,2026091523,2026-09-15 23:29:26
4060299700,20260915232500,0,44,0,162,2026091523,2026-09-15 23:29:26
4060252200,20260915232500,0,26,0,30,2026091523,2026-09-15 23:29:26
4060121000,20260915232500,0,31,0,11,2026091523,2026-09-15 23:29:26
4060037300,20260915232500,0,22,0,5,2026091523,2026-09-15 23:29:26
4050418800,20260915232500,0,50,0,77,2026091523,2026-09-15 23:29:26
4060306400,20260915232500,0,39,0,41,2026091523,2026-09-15 23:29:26
4050372200,20260915232500,0,37,0,36,2026091523,2026-09-15 23:29:26
4050288500,20260915232500,0,46,0,59,2026091523,2026-09-15 23:29:26
4050241000,20260915232500,0,24,0,6,2026091523,2026-09-15 23:29:26
4050157300,20260915232500,0,9,0,43,2026091523,2026-09-15 23:29:26
4060170802,20260915232500,0,28,0,10,2026091523,2026-09-15 23:29:26
4060170801,20260915232500,0,39,0,31,2026091523,2026-09-15 23:29:26
4060176100,20260915232500,0,37,0,25,2026091523,2026-09-15 23:29:26
4050510100,20260915232500,0,7,0,9,2026091523,2026-09-15 23:29:26
4050290800,20260915232500,0,56,0,28,2026091523,2026-09-15 23:29:26
4060445200,20260915232500,0,65,0,9,2026091523,2026-09-15 23:29:26
4060314000,20260915232500,0,19,0,41,2026091523,2026-09-15 23:29:26
4050296100,20260915232500,0,55,0,20,2026091523,2026-09-15 23:29:26
4060094700,20260915232500,0,10,0,21,2026091523,2026-09-15 23:29:26
4050213802,20260915232500,0,27,0,33,2026091523,2026-09-15 23:29:26
4050213801,20260915232500,0,29,0,40,2026091523,2026-09-15 23:29:26
4050565200,20260915232500,0,29,0,83,2026091523,2026-09-15 23:29:26
4050434000,20260915232500,0,49,0,102,2026091523,2026-09-15 23:29:26
4050219100,20260915232500,0,19,0,170,2026091523,2026-09-15 23:29:26
4060363800,20260915232500,0,24,0,14,2026091523,2026-09-15 23:29:26
4060232600,20260915232500,0,48,0,8,2026091523,2026-09-15 23:29:26
4060101400,20260915232500,0,14,0,15,2026091523,2026-09-15 23:29:26
4050083500,20260915232500,0,18,0,15,2026091523,2026-09-15 23:29:26
4050483800,20260915232500,0,83,0,20,2026091523,2026-09-15 23:29:26
4050352600,20260915232500,0,48,0,13,2026091523,2026-09-15 23:29:26
4050268900,20260915232500,0,32,0,5,2026091523,2026-09-15 23:29:26
4050221400,20260915232500,0,28,0,50,2026091523,2026-09-15 23:29:26
4060507000,20260915232500,0,38,0,35,2026091523,2026-09-15 23:29:26
4050137700,20260915232500,0,28,0,95,2026091523,2026-09-15 23:29:26
4050489100,20260915232500,0,41,0,80,2026091523,2026-09-15 23:29:26
4060371400,20260915232500,0,30,0,12,2026091523,2026-09-15 23:29:26
4060240200,20260915232500,0,72,0,3,2026091523,2026-09-15 23:29:26
4050406800,20260915232500,0,40,0,89,2026091523,2026-09-15 23:29:26
4050491400,20260915232500,0,50,0,2,2026091523,2026-09-15 23:29:26
4050360200,20260915232500,0,52,0,32,2026091523,2026-09-15 23:29:26
4050276500,20260915232500,0,46,0,14,2026091523,2026-09-15 23:29:26
4050145300,20260915232500,0,21,0,38,2026091523,2026-09-15 23:29:26
4050414400,20260915232500,0,43,0,125,2026091523,2026-09-15 23:29:26
4060433200,20260915232500,0,45,0,2,2026091523,2026-09-15 23:29:26
4060349500,20260915232500,0,52,0,124,2026091523,2026-09-15 23:29:26
4060218300,20260915232500,0,38,0,24,2026091523,2026-09-15 23:29:26
4050284100,20260915232500,0,36,0,18,2026091523,2026-09-15 23:29:26
4060082700,20260915232500,0,12,0,20,2026091523,2026-09-15 23:29:26
4060088000,20260915232500,0,24,0,15,2026091523,2026-09-15 23:29:26
4050201800,20260915232500,0,29,0,38,2026091523,2026-09-15 23:29:26
4050553200,20260915232500,0,35,0,29,2026091523,2026-09-15 23:29:26
4050469500,20260915232500,0,45,0,87,2026091523,2026-09-15 23:29:26
4050422000,20260915232500,0,39,0,36,2026091523,2026-09-15 23:29:26
4050338300,20260915232500,0,49,0,6,2026091523,2026-09-15 23:29:26
4050207100,20260915232500,0,12,0,51,2026091523,2026-09-15 23:29:26
4060351800,20260915232500,0,60,0,10,2026091523,2026-09-15 23:29:26
4060136902,20260915232500,0,28,0,163,2026091523,2026-09-15 23:29:26
4060136901,20260915232500,0,27,0,20,2026091523,2026-09-15 23:29:26
4060220600,20260915232500,0,48,0,9,2026091523,2026-09-15 23:29:26
4050071500,20260915232500,0,21,0,41,2026091523,2026-09-15 23:29:26
4060090300,20260915232500,0,26,0,51,2026091523,2026-09-15 23:29:26
4050471800,20260915232500,0,51,0,1,2026091523,2026-09-15 23:29:26
4050340600,20260915232500,0,53,0,11,2026091523,2026-09-15 23:29:26
4050256900,20260915232500,0,57,0,2,2026091523,2026-09-15 23:29:26
4050125700,20260915232500,0,8,0,31,2026091523,2026-09-15 23:29:26
4060490600,20260915232500,0,42,0,3,2026091523,2026-09-15 23:29:26
4060275700,20260915232500,0,25,0,36,2026091523,2026-09-15 23:29:26
4050615000,20260915232500,0,31,0,279,2026091523,2026-09-15 23:29:26
4060413600,20260915232500,0,34,0,78,2026091523,2026-09-15 23:29:26
4050395700,20260915232500,0,35,0,42,2026091523,2026-09-15 23:29:26
4050264500,20260915232500,0,51,0,7,2026091523,2026-09-15 23:29:26
4050133300,20260915232500,0,19,0,86,2026091523,2026-09-15 23:29:26
4060199600,20260915232500,0,42,0,57,2026091523,2026-09-15 23:29:26
4060068400,20260915232500,0,22,0,21,2026091523,2026-09-15 23:29:26
4050318700,20260915232500,0,62,0,3,2026091523,2026-09-15 23:29:26
4060468700,20260915232500,0,34,0,37,2026091523,2026-09-15 23:29:26
4060421200,20260915232500,0,45,0,2,2026091523,2026-09-15 23:29:26
4060337500,20260915232500,0,39,0,114,2026091523,2026-09-15 23:29:26
4060206300,20260915232500,0,30,0,9,2026091523,2026-09-15 23:29:26
4050272100,20260915232500,0,34,0,8,2026091523,2026-09-15 23:29:26
4050188400,20260915232500,0,26,0,18,2026091523,2026-09-15 23:29:26
4050057200,20260915232500,0,21,0,19,2026091523,2026-09-15 23:29:26
4060070700,20260915232500,0,23,0,12,2026091523,2026-09-15 23:29:26
4060076000,20260915232500,0,13,0,11,2026091523,2026-09-15 23:29:26
4050588700,20260915232500,0,55,0,61,2026091523,2026-09-15 23:29:26
4050457500,20260915232500,0,28,0,54,2026091523,2026-09-15 23:29:26
4050326300,20260915232500,0,51,0,9,2026091523,2026-09-15 23:29:26
4060124900,20260915232500,0,43,0,18,2026091523,2026-09-15 23:29:26
4050190700,20260915232500,0,32,0,14,2026091523,2026-09-15 23:29:26
4060345100,20260915232500,0,63,0,3,2026091523,2026-09-15 23:29:26
4050196000,20260915232500,0,23,0,11,2026091523,2026-09-15 23:29:26
4050244900,20260915232500,0,46,0,34,2026091523,2026-09-15 23:29:26
4050596300,20260915232500,0,23,0,23,2026091523,2026-09-15 23:29:26
4060394900,20260915232500,0,27,0,60,2026091523,2026-09-15 23:29:26
4050119000,20260915232500,0,19,0,45,2026091523,2026-09-15 23:29:26
4060263700,20260915232500,0,8,0,72,2026091523,2026-09-15 23:29:26
4060132500,20260915232500,0,44,0,4,2026091523,2026-09-15 23:29:26
4060048800,20260915232500,0,35,0,3,2026091523,2026-09-15 23:29:26
4060269000,20260915232500,0,32,0,66,2026091523,2026-09-15 23:29:26
4050603000,20260915232500,0,6,0,96,2026091523,2026-09-15 23:29:26
4050519300,20260915232500,0,11,0,40,2026091523,2026-09-15 23:29:26
4060401600,20260915232500,0,49,0,119,2026091523,2026-09-15 23:29:26
4060317900,20260915232500,0,21,0,5,2026091523,2026-09-15 23:29:26
4050383700,20260915232500,0,44,0,164,2026091523,2026-09-15 23:29:26
4050252500,20260915232500,0,30,0,11,2026091523,2026-09-15 23:29:26
4050168800,20260915232500,0,28,0,26,2026091523,2026-09-15 23:29:26
4050037602,20260915232500,0,30,0,227,2026091523,2026-09-15 23:29:26
4050121300,20260915232500,0,12,0,34,2026091523,2026-09-15 23:29:26
4050037601,20260915232500,0,63,0,41,2026091523,2026-09-15 23:29:26
4050389000,20260915232500,0,55,0,169,2026091523,2026-09-15 23:29:26
4060140102,20260915232500,0,58,0,27,2026091523,2026-09-15 23:29:26
4060187600,20260915232500,0,48,0,28,2026091523,2026-09-15 23:29:26
4060140101,20260915232500,0,31,0,13,2026091523,2026-09-15 23:29:26
4050521600,20260915232500,0,20,0,52,2026091523,2026-09-15 23:29:26
4050306700,20260915232500,0,36,0,12,2026091523,2026-09-15 23:29:26
4060325500,20260915232500,0,37,0,6,2026091523,2026-09-15 23:29:26
4050260100,20260915232500,0,49,0,8,2026091523,2026-09-15 23:29:26
4060195200,20260915232500,0,38,0,24,2026091523,2026-09-15 23:29:26
4060064000,20260915232500,0,24,0,10,2026091523,2026-09-15 23:29:26
4050576700,20260915232500,0,23,0,29,2026091523,2026-09-15 23:29:26
4050445500,20260915232500,0,37,0,207,2026091523,2026-09-15 23:29:26
4050314300,20260915232500,0,42,0,30,2026091523,2026-09-15 23:29:26
4060112900,20260915232500,0,36,0,95,2026091523,2026-09-15 23:29:26
4060464300,20260915232500,0,45,0,143,2026091523,2026-09-15 23:29:26
4060249400,20260915232500,0,36,0,87,2026091523,2026-09-15 23:29:26
4060118200,20260915232500,0,32,0,24,2026091523,2026-09-15 23:29:26
4050232900,20260915232500,0,10,0,27,2026091523,2026-09-15 23:29:26
4050584300,20260915232500,0,19,0,22,2026091523,2026-09-15 23:29:26
4050101700,20260915232500,0,17,0,33,2026091523,2026-09-15 23:29:26
4050238200,20260915232500,0,23,0,52,2026091523,2026-09-15 23:29:26
4060251700,20260915232500,0,53,0,9,2026091523,2026-09-15 23:29:26
4060120500,20260915232500,0,34,0,12,2026091523,2026-09-15 23:29:26
4060388200,20260915232500,0,46,0,143,2026091523,2026-09-15 23:29:26
4060257000,20260915232500,0,38,0,5,2026091523,2026-09-15 23:29:26
4050507300,20260915232500,0,35,0,47,2026091523,2026-09-15 23:29:26
4060305900,20260915232500,0,47,0,132,2026091523,2026-09-15 23:29:26
4050240500,20260915232500,0,43,0,9,2026091523,2026-09-15 23:29:26
4050156800,20260915232500,0,24,0,26,2026091523,2026-09-15 23:29:26
4050377000,20260915232500,0,41,0,119,2026091523,2026-09-15 23:29:26
4060044400,20260915232500,0,27,0,15,2026091523,2026-09-15 23:29:26
4060313500,20260915232500,0,42,0,12,2026091523,2026-09-15 23:29:26
4060229800,20260915232500,0,19,0,23,2026091523,2026-09-15 23:29:26
4050295600,20260915232500,0,6,0,69,2026091523,2026-09-15 23:29:26
4050164400,20260915232500,0,22,0,16,2026091523,2026-09-15 23:29:26
4050033200,20260915232500,0,38,0,14,2026091523,2026-09-15 23:29:26
4060183200,20260915232500,0,29,0,15,2026091523,2026-09-15 23:29:26
4060052000,20260915232500,0,38,0,60,2026091523,2026-09-15 23:29:26
4050433500,20260915232500,0,46,0,25,2026091523,2026-09-15 23:29:26
4050349800,20260915232500,0,47,0,9,2026091523,2026-09-15 23:29:26
4050302300,20260915232500,0,19,0,10,2026091523,2026-09-15 23:29:26
4060100900,20260915232500,0,10,0,15,2026091523,2026-09-15 23:29:26
4060452300,20260915232500,0,17,0,88,2026091523,2026-09-15 23:29:26
4060368600,20260915232500,0,33,0,81,2026091523,2026-09-15 23:29:26
4060321100,20260915232500,0,40,0,18,2026091523,2026-09-15 23:29:26
4060237400,20260915232500,0,38,0,185,2026091523,2026-09-15 23:29:26
4060106200,20260915232500,0,51,0,4,2026091523,2026-09-15 23:29:26
4050172000,20260915232500,0,10,0,14,2026091523,2026-09-15 23:29:26
4050220900,20260915232500,0,79,0,36,2026091523,2026-09-15 23:29:26
4060506500,20260915232500,0,47,0,36,2026091523,2026-09-15 23:29:26
4050572300,20260915232500,0,41,0,14,2026091523,2026-09-15 23:29:26
4050357400,20260915232500,0,45,0,5,2026091523,2026-09-15 23:29:26
4060370900,20260915232500,0,22,0,18,2026091523,2026-09-15 23:29:26
4050090600,20260915232500,0,18,0,11,2026091523,2026-09-15 23:29:26
4060245000,20260915232500,0,40,0,35,2026091523,2026-09-15 23:29:26
4050496200,20260915232500,0,41,0,38,2026091523,2026-09-15 23:29:26
4060032402,20260915232500,0,25,0,15,2026091523,2026-09-15 23:29:26
4060079900,20260915232500,0,8,0,49,2026091523,2026-09-15 23:29:26
4060032401,20260915232500,0,21,0,19,2026091523,2026-09-15 23:29:26
4050413900,20260915232500,0,38,0,204,2026091523,2026-09-15 23:29:26
4060301500,20260915232500,0,59,0,37,2026091523,2026-09-15 23:29:26
4060217800,20260915232500,0,49,0,21,2026091523,2026-09-15 23:29:26
4050283600,20260915232500,0,36,0,38,2026091523,2026-09-15 23:29:26
4050199900,20260915232500,0,15,0,33,2026091523,2026-09-15 23:29:26
4050152400,20260915232500,0,21,0,68,2026091523,2026-09-15 23:29:26
4060438000,20260915232500,0,33,0,78,2026091523,2026-09-15 23:29:26
4050068700,20260915232500,0,18,0,12,2026091523,2026-09-15 23:29:26
4060171200,20260915232500,0,34,0,24,2026091523,2026-09-15 23:29:26
4060087500,20260915232500,0,10,0,19,2026091523,2026-09-15 23:29:26
4060040000,20260915232500,0,25,0,10,2026091523,2026-09-15 23:29:26
4050421500,20260915232500,0,30,0,47,2026091523,2026-09-15 23:29:26
4050337800,20260915232500,0,62,0,5,2026091523,2026-09-15 23:29:26
4060440300,20260915232500,0,50,0,104,2026091523,2026-09-15 23:29:26
4060225400,20260915232500,0,46,0,7,2026091523,2026-09-15 23:29:26
4050291200,20260915232500,0,33,0,68,2026091523,2026-09-15 23:29:26
4050160000,20260915232500,0,17,0,77,2026091523,2026-09-15 23:29:26
4050076300,20260915232500,0,12,0,35,2026091523,2026-09-15 23:29:26
4060095100,20260915232500,0,33,0,30,2026091523,2026-09-15 23:29:26
4050560300,20260915232500,0,30,0,21,2026091523,2026-09-15 23:29:26
4050345400,20260915232500,0,54,0,9,2026091523,2026-09-15 23:29:26
4060495400,20260915232500,0,35,0,1,2026091523,2026-09-15 23:29:26
4060364200,20260915232500,0,45,0,2,2026091523,2026-09-15 23:29:26
4060233000,20260915232500,0,43,0,19,2026091523,2026-09-15 23:29:26
4050614500,20260915232500,0,24,0,13,2026091523,2026-09-15 23:29:26
4060502100,20260915232500,0,39,0,28,2026091523,2026-09-15 23:29:26
4050353000,20260915232500,0,23,0,5,2026091523,2026-09-15 23:29:26
4050269300,20260915232500,0,27,0,7,2026091523,2026-09-15 23:29:26
4060067900,20260915232500,0,10,0,49,2026091523,2026-09-15 23:29:26
4050407200,20260915232500,0,42,0,121,2026091523,2026-09-15 23:29:26
4060420700,20260915232500,0,41,0,104,2026091523,2026-09-15 23:29:26
4060205800,20260915232500,0,41,0,4,2026091523,2026-09-15 23:29:26
4050271600,20260915232500,0,46,0,7,2026091523,2026-09-15 23:29:26
4050187900,20260915232500,0,44,0,10,2026091523,2026-09-15 23:29:26
4050056700,20260915232500,0,15,0,23,2026091523,2026-09-15 23:29:26
4050325800,20260915232500,0,40,0,7,2026091523,2026-09-15 23:29:26
4050546000,20260915232500,0,44,0,2,2026091523,2026-09-15 23:29:26
4060344600,20260915232500,0,9,0,42,2026091523,2026-09-15 23:29:26
4060213400,20260915232500,0,31,0,28,2026091523,2026-09-15 23:29:26
4060129700,20260915232500,0,31,0,14,2026091523,2026-09-15 23:29:26
4050195500,20260915232500,0,19,0,14,2026091523,2026-09-15 23:29:26
4050064300,20260915232500,0,33,0,151,2026091523,2026-09-15 23:29:26
4060083100,20260915232500,0,15,0,14,2026091523,2026-09-15 23:29:26
4050333400,20260915232500,0,55,0,12,2026091523,2026-09-15 23:29:26
4050249700,20260915232500,0,40,0,8,2026091523,2026-09-15 23:29:26
4050202200,20260915232500,0,10,0,48,2026091523,2026-09-15 23:29:26
4050118500,20260915232500,0,17,0,26,2026091523,2026-09-15 23:29:26
4060399700,20260915232500,0,37,0,37,2026091523,2026-09-15 23:29:26
4060137302,20260915232500,0,36,0,82,2026091523,2026-09-15 23:29:26
4060268500,20260915232500,0,46,0,37,2026091523,2026-09-15 23:29:26
4060137301,20260915232500,0,20,0,48,2026091523,2026-09-15 23:29:26
4060221000,20260915232500,0,42,0,19,2026091523,2026-09-15 23:29:26
4050602500,20260915232500,0,15,0,46,2026091523,2026-09-15 23:29:26
4050518800,20260915232500,0,31,0,30,2026091523,2026-09-15 23:29:26
4060537601,20260915232500,0,45,0,45,2026091523,2026-09-15 23:29:26
4050120800,20260915232500,0,19,0,22,2026091523,2026-09-15 23:29:26
4060406400,20260915232500,0,49,0,143,2026091523,2026-09-15 23:29:26
4050472200,20260915232500,0,31,0,213,2026091523,2026-09-15 23:29:26
4050341000,20260915232500,0,43,0,7,2026091523,2026-09-15 23:29:26
4050257300,20260915232500,0,55,0,9,2026091523,2026-09-15 23:29:26
4050126100,20260915232500,0,35,0,24,2026091523,2026-09-15 23:29:26
4060270800,20260915232500,0,33,0,6,2026091523,2026-09-15 23:29:26
4060055900,20260915232500,0,40,0,194,2026091523,2026-09-15 23:29:26
4060491000,20260915232500,0,45,0,10,2026091523,2026-09-15 23:29:26
4050526400,20260915232500,0,25,0,141,2026091523,2026-09-15 23:29:26
4050390800,20260915232500,0,44,0,74,2026091523,2026-09-15 23:29:26
4060414000,20260915232500,0,57,0,27,2026091523,2026-09-15 23:29:26
4060194700,20260915232500,0,27,0,84,2026091523,2026-09-15 23:29:26
4050313800,20260915232500,0,55,0,25,2026091523,2026-09-15 23:29:26
4050534000,20260915232500,0,49,0,273,2026091523,2026-09-15 23:29:26
4050319100,20260915232500,0,26,0,11,2026091523,2026-09-15 23:29:26
4060463800,20260915232500,0,31,0,67,2026091523,2026-09-15 23:29:26
4060332600,20260915232500,0,38,0,45,2026091523,2026-09-15 23:29:26
4060248900,20260915232500,0,39,0,111,2026091523,2026-09-15 23:29:26
4060201400,20260915232500,0,41,0,3,2026091523,2026-09-15 23:29:26
4060117700,20260915232500,0,30,0,6,2026091523,2026-09-15 23:29:26
4050183500,20260915232500,0,24,0,17,2026091523,2026-09-15 23:29:26
4060469100,20260915232500,0,46,0,155,2026091523,2026-09-15 23:29:26
4050099800,20260915232500,0,16,0,13,2026091523,2026-09-15 23:29:26
4050052300,20260915232500,0,8,0,35,2026091523,2026-09-15 23:29:26
4050583800,20260915232500,0,69,0,4,2026091523,2026-09-15 23:29:26
4050368900,20260915232500,0,48,0,72,2026091523,2026-09-15 23:29:26
4050321400,20260915232500,0,57,0,15,2026091523,2026-09-15 23:29:26
4050237700,20260915232500,0,53,0,2,2026091523,2026-09-15 23:29:26
4050106500,20260915232500,0,11,0,37,2026091523,2026-09-15 23:29:26
4060471400,20260915232500,0,48,0,127,2026091523,2026-09-15 23:29:26
4060387700,20260915232500,0,12,0,60,2026091523,2026-09-15 23:29:26
4060340200,20260915232500,0,30,0,37,2026091523,2026-09-15 23:29:26
4060125302,20260915232500,0,27,0,33,2026091523,2026-09-15 23:29:26
4060256500,20260915232500,0,32,0,87,2026091523,2026-09-15 23:29:26
4060125301,20260915232500,0,39,0,111,2026091523,2026-09-15 23:29:26
4060525600,20260915232500,0,30,0,60,2026091523,2026-09-15 23:29:26
4050591400,20260915232500,0,38,0,112,2026091523,2026-09-15 23:29:26
4050460200,20260915232500,0,32,0,15,2026091523,2026-09-15 23:29:26
4050376500,20260915232500,0,69,0,72,2026091523,2026-09-15 23:29:26
4050245300,20260915232500,0,28,0,12,2026091523,2026-09-15 23:29:26
4060043900,20260915232500,0,49,0,18,2026091523,2026-09-15 23:29:26
4060395300,20260915232500,0,50,0,43,2026091523,2026-09-15 23:29:26
4060264100,20260915232500,0,18,0,20,2026091523,2026-09-15 23:29:26
4060049200,20260915232500,0,35,0,13,2026091523,2026-09-15 23:29:26
4050514400,20260915232500,0,45,0,52,2026091523,2026-09-15 23:29:26
4060533201,20260915232500,0,35,0,16,2026091523,2026-09-15 23:29:26
4060449500,20260915232500,0,30,0,76,2026091523,2026-09-15 23:29:26
4060402000,20260915232500,0,43,0,38,2026091523,2026-09-15 23:29:26
4060318300,20260915232500,0,14,0,37,2026091523,2026-09-15 23:29:26
4050384100,20260915232500,0,31,0,13,2026091523,2026-09-15 23:29:26
4050169200,20260915232500,0,14,0,14,2026091523,2026-09-15 23:29:26
4050038000,20260915232500,0,41,0,54,2026091523,2026-09-15 23:29:26
4060182700,20260915232500,0,35,0,51,2026091523,2026-09-15 23:29:26
4060051500,20260915232500,0,40,0,27,2026091523,2026-09-15 23:29:26
4060188000,20260915232500,0,31,0,11,2026091523,2026-09-15 23:29:26
4050301800,20260915232500,0,17,0,11,2026091523,2026-09-15 23:29:26
4050569500,20260915232500,0,40,0,10,2026091523,2026-09-15 23:29:26
4050522000,20260915232500,0,23,0,42,2026091523,2026-09-15 23:29:26
4050307100,20260915232500,0,30,0,20,2026091523,2026-09-15 23:29:26
4060320600,20260915232500,0,41,0,199,2026091523,2026-09-15 23:29:26
4060236900,20260915232500,0,38,0,5,2026091523,2026-09-15 23:29:26
4060105700,20260915232500,0,9,0,50,2026091523,2026-09-15 23:29:26
4050171500,20260915232500,0,26,0,9,2026091523,2026-09-15 23:29:26
4060457100,20260915232500,0,46,0,77,2026091523,2026-09-15 23:29:26
4060190300,20260915232500,0,31,0,31,2026091523,2026-09-15 23:29:26
4050440600,20260915232500,0,53,0,63,2026091523,2026-09-15 23:29:26
4050356900,20260915232500,0,36,0,6,2026091523,2026-09-15 23:29:26
4050577100,20260915232500,0,55,0,43,2026091523,2026-09-15 23:29:26
4060375700,20260915232500,0,19,0,124,2026091523,2026-09-15 23:29:26
4060244500,20260915232500,0,25,0,93,2026091523,2026-09-15 23:29:26
4060113300,20260915232500,0,51,0,41,2026091523,2026-09-15 23:29:26
4060029600,20260915232500,0,27,0,7,2026091523,2026-09-15 23:29:26
4050095400,20260915232500,0,27,0,98,2026091523,2026-09-15 23:29:26
4060513600,20260915232500,0,6,0,36,2026091523,2026-09-15 23:29:26
4050495700,20260915232500,0,34,0,54,2026091523,2026-09-15 23:29:26
4050233300,20260915232500,0,38,0,39,2026091523,2026-09-15 23:29:26
4050149600,20260915232500,0,17,0,27,2026091523,2026-09-15 23:29:26
4060031900,20260915232500,0,22,0,21,2026091523,2026-09-15 23:29:26
4060299600,20260915232500,0,43,0,166,2026091523,2026-09-15 23:29:26
4060252100,20260915232500,0,37,0,37,2026091523,2026-09-15 23:29:26
4060037200,20260915232500,0,19,0,7,2026091523,2026-09-15 23:29:26
4050549900,20260915232500,0,7,0,85,2026091523,2026-09-15 23:29:26
4060521200,20260915232500,0,21,0,85,2026091523,2026-09-15 23:29:26
4060306300,20260915232500,0,47,0,35,2026091523,2026-09-15 23:29:26
4050372100,20260915232500,0,29,0,34,2026091523,2026-09-15 23:29:26
4050288400,20260915232500,0,53,0,52,2026091523,2026-09-15 23:29:26
4060176000,20260915232500,0,34,0,8,2026091523,2026-09-15 23:29:26
4050557500,20260915232500,0,43,0,189,2026091523,2026-09-15 23:29:26
4050510000,20260915232500,0,36,0,2,2026091523,2026-09-15 23:29:26
4050426300,20260915232500,0,16,0,161,2026091523,2026-09-15 23:29:26
4060224900,20260915232500,0,48,0,5,2026091523,2026-09-15 23:29:26
4050290700,20260915232500,0,32,0,70,2026091523,2026-09-15 23:29:26
4060445100,20260915232500,0,23,0,26,2026091523,2026-09-15 23:29:26
4050296000,20260915232500,0,74,0,15,2026091523,2026-09-15 23:29:26
4060094600,20260915232500,0,23,0,19,2026091523,2026-09-15 23:29:26
4050344900,20260915232500,0,50,0,10,2026091523,2026-09-15 23:29:26
4050213702,20260915232500,0,31,0,37,2026091523,2026-09-15 23:29:26
4050213701,20260915232500,0,29,0,31,2026091523,2026-09-15 23:29:26
4060494900,20260915232500,0,33,0,7,2026091523,2026-09-15 23:29:26
4050219000,20260915232500,0,65,0,50,2026091523,2026-09-15 23:29:26
4060363700,20260915232500,0,24,0,14,2026091523,2026-09-15 23:29:26
4060232500,20260915232500,0,19,0,134,2026091523,2026-09-15 23:29:26
4060101300,20260915232500,0,30,0,5,2026091523,2026-09-15 23:29:26
4050083400,20260915232500,0,21,0,23,2026091523,2026-09-15 23:29:26
4060369000,20260915232500,0,49,0,36,2026091523,2026-09-15 23:29:26
4060501600,20260915232500,0,9,0,65,2026091523,2026-09-15 23:29:26
4050352500,20260915232500,0,66,0,65,2026091523,2026-09-15 23:29:26
4050268800,20260915232500,0,51,0,3,2026091523,2026-09-15 23:29:26
4050221300,20260915232500,0,52,0,84,2026091523,2026-09-15 23:29:26
4050489000,20260915232500,0,37,0,88,2026091523,2026-09-15 23:29:26
4060371300,20260915232500,0,16,0,24,2026091523,2026-09-15 23:29:26
4060240100,20260915232500,0,28,0,33,2026091523,2026-09-15 23:29:26
4060025200,20260915232500,0,35,0,70,2026091523,2026-09-15 23:29:26
4050537900,20260915232500,0,19,0,98,2026091523,2026-09-15 23:29:26
4050491300,20260915232500,0,41,0,1,2026091523,2026-09-15 23:29:26
4050276400,20260915232500,0,54,0,13,2026091523,2026-09-15 23:29:26
4050145200,20260915232500,0,26,0,52,2026091523,2026-09-15 23:29:26
4050545500,20260915232500,0,43,0,199,2026091523,2026-09-15 23:29:26
4060212900,20260915232500,0,63,0,6,2026091523,2026-09-15 23:29:26
4060433100,20260915232500,0,35,0,3,2026091523,2026-09-15 23:29:26
4050063800,20260915232500,0,29,0,18,2026091523,2026-09-15 23:29:26
4060349400,20260915232500,0,46,0,139,2026091523,2026-09-15 23:29:26
4060218200,20260915232500,0,37,0,26,2026091523,2026-09-15 23:29:26
4050284000,20260915232500,0,46,0,14,2026091523,2026-09-15 23:29:26
4060082600,20260915232500,0,22,0,11,2026091523,2026-09-15 23:29:26
4050332900,20260915232500,0,48,0,11,2026091523,2026-09-15 23:29:26
4050201700,20260915232500,0,31,0,34,2026091523,2026-09-15 23:29:26
4050469400,20260915232500,0,46,0,84,2026091523,2026-09-15 23:29:26
4050338200,20260915232500,0,42,0,7,2026091523,2026-09-15 23:29:26
4060351700,20260915232500,0,31,0,16,2026091523,2026-09-15 23:29:26
4060220500,20260915232500,0,35,0,21,2026091523,2026-09-15 23:29:26
4060136800,20260915232500,0,48,0,11,2026091523,2026-09-15 23:29:26
4050071400,20260915232500,0,21,0,27,2026091523,2026-09-15 23:29:26
4050607300,20260915232500,0,37,0,30,2026091523,2026-09-15 23:29:26
4060090202,20260915232500,0,21,0,11,2026091523,2026-09-15 23:29:26
4060090201,20260915232500,0,35,0,34,2026091523,2026-09-15 23:29:26
4060405900,20260915232500,0,38,0,24,2026091523,2026-09-15 23:29:26
4050471700,20260915232500,0,39,0,27,2026091523,2026-09-15 23:29:26
4050340500,20260915232500,0,13,0,33,2026091523,2026-09-15 23:29:26
4050256800,20260915232500,0,48,0,3,2026091523,2026-09-15 23:29:26
4060490500,20260915232500,0,43,0,3,2026091523,2026-09-15 23:29:26
4060275600,20260915232500,0,32,0,28,2026091523,2026-09-15 23:29:26
4050525900,20260915232500,0,31,0,29,2026091523,2026-09-15 23:29:26
4060413500,20260915232500,0,42,0,63,2026091523,2026-09-15 23:29:26
4060329800,20260915232500,0,46,0,199,2026091523,2026-09-15 23:29:26
4050395600,20260915232500,0,49,0,30,2026091523,2026-09-15 23:29:26
4050264400,20260915232500,0,36,0,10,2026091523,2026-09-15 23:29:26
4050133200,20260915232500,0,19,0,17,2026091523,2026-09-15 23:29:26
4060199500,20260915232500,0,51,0,8,2026091523,2026-09-15 23:29:26
4060068300,20260915232500,0,20,0,36,2026091523,2026-09-15 23:29:26
4050402300,20260915232500,0,39,0,23,2026091523,2026-09-15 23:29:26
4050318600,20260915232500,0,26,0,8,2026091523,2026-09-15 23:29:26
4060200900,20260915232500,0,44,0,63,2026091523,2026-09-15 23:29:26
4060468600,20260915232500,0,42,0,19,2026091523,2026-09-15 23:29:26
4060421100,20260915232500,0,51,0,66,2026091523,2026-09-15 23:29:26
4060337400,20260915232500,0,27,0,164,2026091523,2026-09-15 23:29:26
4060206200,20260915232500,0,28,0,11,2026091523,2026-09-15 23:29:26
4050272000,20260915232500,0,32,0,9,2026091523,2026-09-15 23:29:26
4050188300,20260915232500,0,8,0,58,2026091523,2026-09-15 23:29:26
4050057100,20260915232500,0,28,0,14,2026091523,2026-09-15 23:29:26
4050320900,20260915232500,0,26,0,9,2026091523,2026-09-15 23:29:26
4050588600,20260915232500,0,60,0,56,2026091523,2026-09-15 23:29:26
4050541100,20260915232500,0,55,0,107,2026091523,2026-09-15 23:29:26
4050457400,20260915232500,0,20,0,75,2026091523,2026-09-15 23:29:26
4050326200,20260915232500,0,39,0,12,2026091523,2026-09-15 23:29:26
4060470900,20260915232500,0,37,0,55,2026091523,2026-09-15 23:29:26
4060124800,20260915232500,0,44,0,21,2026091523,2026-09-15 23:29:26
4050190600,20260915232500,0,26,0,49,2026091523,2026-09-15 23:29:26
4060476200,20260915232500,0,9,0,77,2026091523,2026-09-15 23:29:26
4060345000,20260915232500,0,26,0,10,2026091523,2026-09-15 23:29:26
4050590900,20260915232500,0,19,0,40,2026091523,2026-09-15 23:29:26
4050244800,20260915232500,0,31,0,48,2026091523,2026-09-15 23:29:26
4050113600,20260915232500,0,7,0,61,2026091523,2026-09-15 23:29:26
4060394800,20260915232500,0,23,0,70,2026091523,2026-09-15 23:29:26
4060263600,20260915232500,0,27,0,21,2026091523,2026-09-15 23:29:26
4060179900,20260915232500,0,32,0,10,2026091523,2026-09-15 23:29:26
4060132400,20260915232500,0,11,0,49,2026091523,2026-09-15 23:29:26
4060048700,20260915232500,0,34,0,4,2026091523,2026-09-15 23:29:26
4050513900,20260915232500,0,15,0,147,2026091523,2026-09-15 23:29:26
4050519200,20260915232500,0,8,0,56,2026091523,2026-09-15 23:29:26
4060401500,20260915232500,0,38,0,126,2026091523,2026-09-15 23:29:26
4060317800,20260915232500,0,25,0,48,2026091523,2026-09-15 23:29:26
4050383600,20260915232500,0,50,0,145,2026091523,2026-09-15 23:29:26
4050299900,20260915232500,0,81,0,2,2026091523,2026-09-15 23:29:26
4050252400,20260915232500,0,51,0,8,2026091523,2026-09-15 23:29:26
4050168700,20260915232500,0,29,0,25,2026091523,2026-09-15 23:29:26
4050037502,20260915232500,0,76,0,33,2026091523,2026-09-15 23:29:26
4050121200,20260915232500,0,13,0,32,2026091523,2026-09-15 23:29:26
4050037501,20260915232500,0,40,0,170,2026091523,2026-09-15 23:29:26
4060140002,20260915232500,0,5,0,75,2026091523,2026-09-15 23:29:26
4060187500,20260915232500,0,17,0,38,2026091523,2026-09-15 23:29:26
4060140001,20260915232500,0,32,0,43,2026091523,2026-09-15 23:29:26
4060056300,20260915232500,0,28,0,67,2026091523,2026-09-15 23:29:26
4050521500,20260915232500,0,22,0,49,2026091523,2026-09-15 23:29:26
4050306600,20260915232500,0,32,0,13,2026091523,2026-09-15 23:29:26
4050260000,20260915232500,0,49,0,8,2026091523,2026-09-15 23:29:26
4060195100,20260915232500,0,34,0,37,2026091523,2026-09-15 23:29:26
4050576600,20260915232500,0,24,0,29,2026091523,2026-09-15 23:29:26
4050445400,20260915232500,0,41,0,186,2026091523,2026-09-15 23:29:26
4050314200,20260915232500,0,20,0,64,2026091523,2026-09-15 23:29:26
4060249300,20260915232500,0,36,0,16,2026091523,2026-09-15 23:29:26
4060118100,20260915232500,0,28,0,42,2026091523,2026-09-15 23:29:26
4050232800,20260915232500,0,20,0,14,2026091523,2026-09-15 23:29:26
4060518400,20260915232500,0,14,0,17,2026091523,2026-09-15 23:29:26
4050584200,20260915232500,0,28,0,15,2026091523,2026-09-15 23:29:26
4050101600,20260915232500,0,30,0,18,2026091523,2026-09-15 23:29:26
4050369300,20260915232500,0,39,0,100,2026091523,2026-09-15 23:29:26
4050238100,20260915232500,0,23,0,5,2026091523,2026-09-15 23:29:26
4060251600,20260915232500,0,53,0,9,2026091523,2026-09-15 23:29:26
4060120400,20260915232500,0,47,0,8,2026091523,2026-09-15 23:29:26
4050501900,20260915232500,0,26,0,14,2026091523,2026-09-15 23:29:26
4050507200,20260915232500,0,41,0,40,2026091523,2026-09-15 23:29:26
4050287900,20260915232500,0,19,0,18,2026091523,2026-09-15 23:29:26
4050240400,20260915232500,0,42,0,10,2026091523,2026-09-15 23:29:26
4050156700,20260915232500,0,9,0,70,2026091523,2026-09-15 23:29:26
4060044300,20260915232500,0,8,0,31,2026091523,2026-09-15 23:29:26
4060313400,20260915232500,0,47,0,4,2026091523,2026-09-15 23:29:26
4060229700,20260915232500,0,29,0,22,2026091523,2026-09-15 23:29:26
4050295500,20260915232500,0,24,0,23,2026091523,2026-09-15 23:29:26
4050164300,20260915232500,0,29,0,12,2026091523,2026-09-15 23:29:26
4050033100,20260915232500,0,58,0,10,2026091523,2026-09-15 23:29:26
4060183100,20260915232500,0,26,0,11,2026091523,2026-09-15 23:29:26
4060099400,20260915232500,0,27,0,36,2026091523,2026-09-15 23:29:26
4050433400,20260915232500,0,45,0,25,2026091523,2026-09-15 23:29:26
4050349700,20260915232500,0,41,0,16,2026091523,2026-09-15 23:29:26
4050302200,20260915232500,0,24,0,7,2026091523,2026-09-15 23:29:26
4060100800,20260915232500,0,20,0,7,2026091523,2026-09-15 23:29:26
4060452200,20260915232500,0,34,0,7,2026091523,2026-09-15 23:29:26
4050082900,20260915232500,0,15,0,12,2026091523,2026-09-15 23:29:26
4060368500,20260915232500,0,22,0,119,2026091523,2026-09-15 23:29:26
4060237300,20260915232500,0,42,0,17,2026091523,2026-09-15 23:29:26
4060106100,20260915232500,0,19,0,11,2026091523,2026-09-15 23:29:26
4050220800,20260915232500,0,71,0,40,2026091523,2026-09-15 23:29:26
4050572200,20260915232500,0,41,0,14,2026091523,2026-09-15 23:29:26
4050357300,20260915232500,0,46,0,3,2026091523,2026-09-15 23:29:26
4060370800,20260915232500,0,26,0,92,2026091523,2026-09-15 23:29:26
4060155900,20260915232500,0,37,0,51,2026091523,2026-09-15 23:29:26
4050090500,20260915232500,0,16,0,13,2026091523,2026-09-15 23:29:26
4050275900,20260915232500,0,39,0,16,2026091523,2026-09-15 23:29:26
4060294700,20260915232500,0,11,0,86,2026091523,2026-09-15 23:29:26
4060032302,20260915232500,0,20,0,20,2026091523,2026-09-15 23:29:26
4060079800,20260915232500,0,17,0,24,2026091523,2026-09-15 23:29:26
4060032301,20260915232500,0,24,0,15,2026091523,2026-09-15 23:29:26
4050413800,20260915232500,0,41,0,188,2026091523,2026-09-15 23:29:26
4050419100,20260915232500,0,49,0,113,2026091523,2026-09-15 23:29:26
4060432600,20260915232500,0,35,0,18,2026091523,2026-09-15 23:29:26
4060348900,20260915232500,0,44,0,13,2026091523,2026-09-15 23:29:26
4060301400,20260915232500,0,58,0,37,2026091523,2026-09-15 23:29:26
4060217700,20260915232500,0,23,0,83,2026091523,2026-09-15 23:29:26
4050283500,20260915232500,0,30,0,7,2026091523,2026-09-15 23:29:26
4050152300,20260915232500,0,22,0,65,2026091523,2026-09-15 23:29:26
4050068600,20260915232500,0,11,0,25,2026091523,2026-09-15 23:29:26
4060087400,20260915232500,0,13,0,15,2026091523,2026-09-15 23:29:26
4050468900,20260915232500,0,23,0,64,2026091523,2026-09-15 23:29:26
4050337700,20260915232500,0,37,0,6,2026091523,2026-09-15 23:29:26
4060440200,20260915232500,0,34,0,119,2026091523,2026-09-15 23:29:26
4060225300,20260915232500,0,36,0,14,2026091523,2026-09-15 23:29:26
4050291100,20260915232500,0,39,0,123,2026091523,2026-09-15 23:29:26
4050076200,20260915232500,0,18,0,11,2026091523,2026-09-15 23:29:26
4060095000,20260915232500,0,17,0,87,2026091523,2026-09-15 23:29:26
4050560200,20260915232500,0,32,0,19,2026091523,2026-09-15 23:29:26
4050476500,20260915232500,0,41,0,123,2026091523,2026-09-15 23:29:26
4050345300,20260915232500,0,50,0,5,2026091523,2026-09-15 23:29:26
4060495300,20260915232500,0,37,0,1,2026091523,2026-09-15 23:29:26
4060364100,20260915232500,0,42,0,3,2026091523,2026-09-15 23:29:26
4050614400,20260915232500,0,30,0,10,2026091523,2026-09-15 23:29:26
4050263900,20260915232500,0,25,0,52,2026091523,2026-09-15 23:29:26
4050269200,20260915232500,0,25,0,8,2026091523,2026-09-15 23:29:26
4060067800,20260915232500,0,26,0,45,2026091523,2026-09-15 23:29:26
4060420600,20260915232500,0,50,0,86,2026091523,2026-09-15 23:29:26
4060336900,20260915232500,0,26,0,106,2026091523,2026-09-15 23:29:26
4060205700,20260915232500,0,48,0,3,2026091523,2026-09-15 23:29:26
4050271500,20260915232500,0,46,0,5,2026091523,2026-09-15 23:29:26
4050056600,20260915232500,0,15,0,21,2026091523,2026-09-15 23:29:26
4050456900,20260915232500,0,37,0,46,2026091523,2026-09-15 23:29:26
4050325700,20260915232500,0,44,0,18,2026091523,2026-09-15 23:29:26
4060344500,20260915232500,0,51,0,3,2026091523,2026-09-15 23:29:26
4060213300,20260915232500,0,34,0,9,2026091523,2026-09-15 23:29:26
4060129600,20260915232500,0,36,0,14,2026091523,2026-09-15 23:29:26
4050195400,20260915232500,0,27,0,17,2026091523,2026-09-15 23:29:26
4060083000,20260915232500,0,10,0,21,2026091523,2026-09-15 23:29:26
4060529900,20260915232500,0,39,0,43,2026091523,2026-09-15 23:29:26
4050333300,20260915232500,0,42,0,5,2026091523,2026-09-15 23:29:26
4050249600,20260915232500,0,44,0,7,2026091523,2026-09-15 23:29:26
4050202100,20260915232500,0,28,0,17,2026091523,2026-09-15 23:29:26
4050118400,20260915232500,0,24,0,18,2026091523,2026-09-15 23:29:26
4060131902,20260915232500,0,32,0,15,2026091523,2026-09-15 23:29:26
4060131901,20260915232500,0,13,0,74,2026091523,2026-09-15 23:29:26
4060399600,20260915232500,0,34,0,39,2026091523,2026-09-15 23:29:26
4060352100,20260915232500,0,48,0,102,2026091523,2026-09-15 23:29:26
4060268400,20260915232500,0,40,0,43,2026091523,2026-09-15 23:29:26
4060137200,20260915232500,0,23,0,78,2026091523,2026-09-15 23:29:26
4050602400,20260915232500,0,11,0,64,2026091523,2026-09-15 23:29:26
4060537501,20260915232500,0,38,0,54,2026091523,2026-09-15 23:29:26
4050251900,20260915232500,0,39,0,2,2026091523,2026-09-15 23:29:26
4050120700,20260915232500,0,15,0,28,2026091523,2026-09-15 23:29:26
4060406300,20260915232500,0,49,0,218,2026091523,2026-09-15 23:29:26
4050472100,20260915232500,0,47,0,7,2026091523,2026-09-15 23:29:26
4050257200,20260915232500,0,32,0,14,2026091523,2026-09-15 23:29:26
4050126000,20260915232500,0,30,0,6,2026091523,2026-09-15 23:29:26
4060270700,20260915232500,0,51,0,17,2026091523,2026-09-15 23:29:26
4060055800,20260915232500,0,37,0,209,2026091523,2026-09-15 23:29:26
4050526300,20260915232500,0,28,0,27,2026091523,2026-09-15 23:29:26
4060324900,20260915232500,0,46,0,171,2026091523,2026-09-15 23:29:26
4050390700,20260915232500,0,24,0,73,2026091523,2026-09-15 23:29:26
4050175800,20260915232500,0,23,0,98,2026091523,2026-09-15 23:29:26
4060194600,20260915232500,0,40,0,56,2026091523,2026-09-15 23:29:26
4050313700,20260915232500,0,40,0,8,2026091523,2026-09-15 23:29:26
4050319000,20260915232500,0,29,0,10,2026091523,2026-09-15 23:29:26
4060463700,20260915232500,0,28,0,72,2026091523,2026-09-15 23:29:26
4060332500,20260915232500,0,38,0,46,2026091523,2026-09-15 23:29:26
4060248800,20260915232500,0,41,0,104,2026091523,2026-09-15 23:29:26
4060201300,20260915232500,0,31,0,4,2026091523,2026-09-15 23:29:26
4050099700,20260915232500,0,17,0,12,2026091523,2026-09-15 23:29:26
4060071000,20260915232500,0,28,0,3,2026091523,2026-09-15 23:29:26
4050583700,20260915232500,0,20,0,13,2026091523,2026-09-15 23:29:26
4050452500,20260915232500,0,52,0,35,2026091523,2026-09-15 23:29:26
4050368800,20260915232500,0,50,0,70,2026091523,2026-09-15 23:29:26
4050321300,20260915232500,0,28,0,12,2026091523,2026-09-15 23:29:26
4050237600,20260915232500,0,52,0,3,2026091523,2026-09-15 23:29:26
4050106400,20260915232500,0,13,0,28,2026091523,2026-09-15 23:29:26
4060471300,20260915232500,0,41,0,148,2026091523,2026-09-15 23:29:26
4060387600,20260915232500,0,38,0,20,2026091523,2026-09-15 23:29:26
4060340100,20260915232500,0,46,0,80,2026091523,2026-09-15 23:29:26
4060256400,20260915232500,0,26,0,104,2026091523,2026-09-15 23:29:26
4060125200,20260915232500,0,33,0,143,2026091523,2026-09-15 23:29:26
4050191000,20260915232500,0,23,0,10,2026091523,2026-09-15 23:29:26
4060525500,20260915232500,0,17,0,108,2026091523,2026-09-15 23:29:26
4050591300,20260915232500,0,14,0,9,2026091523,2026-09-15 23:29:26
4050376400,20260915232500,0,68,0,73,2026091523,2026-09-15 23:29:26
4050245200,20260915232500,0,42,0,8,2026091523,2026-09-15 23:29:26
4050114000,20260915232500,0,16,0,26,2026091523,2026-09-15 23:29:26
4060043800,20260915232500,0,46,0,19,2026091523,2026-09-15 23:29:26
4060395200,20260915232500,0,53,0,41,2026091523,2026-09-15 23:29:26
4060264000,20260915232500,0,36,0,10,2026091523,2026-09-15 23:29:26
4060049100,20260915232500,0,31,0,14,2026091523,2026-09-15 23:29:26
4050514300,20260915232500,0,35,0,99,2026091523,2026-09-15 23:29:26
4060533101,20260915232500,0,40,0,15,2026091523,2026-09-15 23:29:26
4050163800,20260915232500,0,14,0,80,2026091523,2026-09-15 23:29:26
4050032600,20260915232500,0,36,0,85,2026091523,2026-09-15 23:29:26
4060318200,20260915232500,0,45,0,52,2026091523,2026-09-15 23:29:26
4050384000,20260915232500,0,32,0,13,2026091523,2026-09-15 23:29:26
4050169100,20260915232500,0,20,0,10,2026091523,2026-09-15 23:29:26
4060182600,20260915232500,0,32,0,56,2026091523,2026-09-15 23:29:26
4060051400,20260915232500,0,46,0,25,2026091523,2026-09-15 23:29:26
4050301700,20260915232500,0,38,0,3,2026091523,2026-09-15 23:29:26
4050569400,20260915232500,0,42,0,10,2026091523,2026-09-15 23:29:26
4050307000,20260915232500,0,48,0,12,2026091523,2026-09-15 23:29:26
4060320500,20260915232500,0,42,0,195,2026091523,2026-09-15 23:29:26
4060236800,20260915232500,0,39,0,5,2026091523,2026-09-15 23:29:26
4060105600,20260915232500,0,11,0,13,2026091523,2026-09-15 23:29:26
4050171400,20260915232500,0,24,0,8,2026091523,2026-09-15 23:29:26
4060190200,20260915232500,0,30,0,32,2026091523,2026-09-15 23:29:26
4060505900,20260915232500,0,53,0,17,2026091523,2026-09-15 23:29:26
4050571700,20260915232500,0,38,0,148,2026091523,2026-09-15 23:29:26
4050440500,20260915232500,0,26,0,43,2026091523,2026-09-15 23:29:26
4050356800,20260915232500,0,17,0,13,2026091523,2026-09-15 23:29:26
4050577000,20260915232500,0,56,0,43,2026091523,2026-09-15 23:29:26
4060375600,20260915232500,0,36,0,65,2026091523,2026-09-15 23:29:26
4060244400,20260915232500,0,43,0,55,2026091523,2026-09-15 23:29:26
4060113200,20260915232500,0,52,0,76,2026091523,2026-09-15 23:29:26
4060029500,20260915232500,0,27,0,7,2026091523,2026-09-15 23:29:26
4050095300,20260915232500,0,25,0,109,2026091523,2026-09-15 23:29:26
4060513500,20260915232500,0,28,0,8,2026091523,2026-09-15 23:29:26
4060429800,20260915232500,0,42,0,12,2026091523,2026-09-15 23:29:26
4050495600,20260915232500,0,50,0,37,2026091523,2026-09-15 23:29:26
4050233200,20260915232500,0,35,0,43,2026091523,2026-09-15 23:29:26
4050149500,20260915232500,0,13,0,36,2026091523,2026-09-15 23:29:26
4060282600,20260915232500,0,27,0,15,2026091523,2026-09-15 23:29:26
4060290200,20260915232500,0,30,0,27,2026091523,2026-09-15 23:29:26
4060190100,20260915232500,0,29,0,34,2026091523,2026-09-15 23:29:26
4060279800,20260915232500,0,41,0,225,2026091523,2026-09-15 23:29:26
4060287400,20260915232500,0,26,0,17,2026091523,2026-09-15 23:29:26
4060295000,20260915232500,0,59,0,89,2026091523,2026-09-15 23:29:26
4060283000,20260915232500,0,29,0,5,2026091523,2026-09-15 23:29:26
4060286900,20260915232500,0,30,0,5,2026091523,2026-09-15 23:29:26
4060294500,20260915232500,0,45,0,8,2026091523,2026-09-15 23:29:26
4060282500,20260915232500,0,31,0,14,2026091523,2026-09-15 23:29:26
4060290100,20260915232500,0,24,0,33,2026091523,2026-09-15 23:29:26
4060190000,20260915232500,0,28,0,35,2026091523,2026-09-15 23:29:26
4060279700,20260915232500,0,64,0,76,2026091523,2026-09-15 23:29:26
4060287300,20260915232500,0,34,0,18,2026091523,2026-09-15 23:29:26
4060286800,20260915232500,0,26,0,6,2026091523,2026-09-15 23:29:26
4060294400,20260915232500,0,47,0,8,2026091523,2026-09-15 23:29:26
4060282400,20260915232500,0,34,0,13,2026091523,2026-09-15 23:29:26
4060290000,20260915232500,0,28,0,29,2026091523,2026-09-15 23:29:26
4060279600,20260915232500,0,60,0,81,2026091523,2026-09-15 23:29:26
4060281900,20260915232500,0,37,0,4,2026091523,2026-09-15 23:29:26
4060287200,20260915232500,0,26,0,20,2026091523,2026-09-15 23:29:26
4060286700,20260915232500,0,25,0,4,2026091523,2026-09-15 23:29:26
4060294300,20260915232500,0,35,0,2,2026091523,2026-09-15 23:29:26
4060282300,20260915232500,0,26,0,16,2026091523,2026-09-15 23:29:26
4060279500,20260915232500,0,35,0,8,2026091523,2026-09-15 23:29:26
4060281800,20260915232500,0,28,0,5,2026091523,2026-09-15 23:29:26
4060287100,20260915232500,0,30,0,18,2026091523,2026-09-15 23:29:26
4060286600,20260915232500,0,21,0,5,2026091523,2026-09-15 23:29:26
4060294200,20260915232500,0,56,0,1,2026091523,2026-09-15 23:29:26
4060282200,20260915232500,0,22,0,20,2026091523,2026-09-15 23:29:26
4060293700,20260915232500,0,48,0,18,2026091523,2026-09-15 23:29:26
4060279400,20260915232500,0,27,0,9,2026091523,2026-09-15 23:29:26
4060281700,20260915232500,0,22,0,7,2026091523,2026-09-15 23:29:26
4060287000,20260915232500,0,32,0,17,2026091523,2026-09-15 23:29:26
4060278900,20260915232500,0,28,0,115,2026091523,2026-09-15 23:29:26
4060286500,20260915232500,0,19,0,8,2026091523,2026-09-15 23:29:26
4060282100,20260915232500,0,20,0,13,2026091523,2026-09-15 23:29:26
4060293600,20260915232500,0,34,0,26,2026091523,2026-09-15 23:29:26
4060279300,20260915232500,0,43,0,162,2026091523,2026-09-15 23:29:26
4060281600,20260915232500,0,31,0,5,2026091523,2026-09-15 23:29:26
4060278800,20260915232500,0,38,0,86,2026091523,2026-09-15 23:29:26
4060286400,20260915232500,0,21,0,7,2026091523,2026-09-15 23:29:26
4060282000,20260915232500,0,24,0,11,2026091523,2026-09-15 23:29:26
4060285900,20260915232500,0,37,0,54,2026091523,2026-09-15 23:29:26
4060293500,20260915232500,0,38,0,38,2026091523,2026-09-15 23:29:26
4060279200,20260915232500,0,42,0,165,2026091523,2026-09-15 23:29:26
4060281500,20260915232500,0,26,0,19,2026091523,2026-09-15 23:29:26
4060278700,20260915232500,0,36,0,21,2026091523,2026-09-15 23:29:26
4060286300,20260915232500,0,45,0,4,2026091523,2026-09-15 23:29:26
4060535801,20260915232500,0,24,0,5,2026091523,2026-09-15 23:29:26
4060192900,20260915232500,0,28,0,87,2026091523,2026-09-15 23:29:26
4060285800,20260915232500,0,37,0,55,2026091523,2026-09-15 23:29:26
4060293400,20260915232500,0,49,0,29,2026091523,2026-09-15 23:29:26
4060279100,20260915232500,0,42,0,46,2026091523,2026-09-15 23:29:26
4060281400,20260915232500,0,25,0,16,2026091523,2026-09-15 23:29:26
4060193300,20260915232500,0,36,0,41,2026091523,2026-09-15 23:29:26
4060235500,20260915232500,0,24,0,45,2026091523,2026-09-15 23:29:26
4060292900,20260915232500,0,42,0,23,2026091523,2026-09-15 23:29:26
4060278600,20260915232500,0,30,0,24,2026091523,2026-09-15 23:29:26
4060280900,20260915232500,0,25,0,58,2026091523,2026-09-15 23:29:26
4060286200,20260915232500,0,20,0,9,2026091523,2026-09-15 23:29:26
4060535701,20260915232500,0,27,0,4,2026091523,2026-09-15 23:29:26
4060192800,20260915232500,0,42,0,55,2026091523,2026-09-15 23:29:26
4060285700,20260915232500,0,28,0,8,2026091523,2026-09-15 23:29:26
4060279000,20260915232500,0,40,0,48,2026091523,2026-09-15 23:29:26
4060281300,20260915232500,0,35,0,8,2026091523,2026-09-15 23:29:26
4060193200,20260915232500,0,39,0,39,2026091523,2026-09-15 23:29:26
4060235400,20260915232500,0,24,0,43,2026091523,2026-09-15 23:29:26
4060292800,20260915232500,0,43,0,22,2026091523,2026-09-15 23:29:26
4060278500,20260915232500,0,44,0,70,2026091523,2026-09-15 23:29:26
4060280800,20260915232500,0,29,0,45,2026091523,2026-09-15 23:29:26
4060286100,20260915232500,0,25,0,20,2026091523,2026-09-15 23:29:26
4060535601,20260915232500,0,41,0,57,2026091523,2026-09-15 23:29:26
4060285600,20260915232500,0,25,0,8,2026091523,2026-09-15 23:29:26
4060293200,20260915232500,0,38,0,32,2026091523,2026-09-15 23:29:26
4060189900,20260915232500,0,22,0,26,2026091523,2026-09-15 23:29:26
4060281200,20260915232500,0,28,0,9,2026091523,2026-09-15 23:29:26
4060292700,20260915232500,0,37,0,3,2026091523,2026-09-15 23:29:26
4060278400,20260915232500,0,46,0,66,2026091523,2026-09-15 23:29:26
4060280700,20260915232500,0,16,0,11,2026091523,2026-09-15 23:29:26
4060286000,20260915232500,0,30,0,17,2026091523,2026-09-15 23:29:26
4060535501,20260915232500,0,63,0,37,2026091523,2026-09-15 23:29:26
4060289900,20260915232500,0,25,0,42,2026091523,2026-09-15 23:29:26
4060277900,20260915232500,0,60,0,59,2026091523,2026-09-15 23:29:26
4060285500,20260915232500,0,30,0,34,2026091523,2026-09-15 23:29:26
4060293100,20260915232500,0,29,0,32,2026091523,2026-09-15 23:29:26
4060189800,20260915232500,0,16,0,35,2026091523,2026-09-15 23:29:26
4060281100,20260915232500,0,29,0,9,2026091523,2026-09-15 23:29:26
4060292600,20260915232500,0,36,0,3,2026091523,2026-09-15 23:29:26
4060278300,20260915232500,0,41,0,122,2026091523,2026-09-15 23:29:26
4060280600,20260915232500,0,28,0,6,2026091523,2026-09-15 23:29:26
4060289800,20260915232500,0,25,0,42,2026091523,2026-09-15 23:29:26
4060277800,20260915232500,0,60,0,59,2026091523,2026-09-15 23:29:26
4060285400,20260915232500,0,23,0,46,2026091523,2026-09-15 23:29:26
4060293000,20260915232500,0,41,0,26,2026091523,2026-09-15 23:29:26
4060281000,20260915232500,0,29,0,9,2026091523,2026-09-15 23:29:26
4060284900,20260915232500,0,32,0,14,2026091523,2026-09-15 23:29:26
4060292500,20260915232500,0,27,0,27,2026091523,2026-09-15 23:29:26
4060278200,20260915232500,0,32,0,156,2026091523,2026-09-15 23:29:26
4060280500,20260915232500,0,37,0,2,2026091523,2026-09-15 23:29:26
4060289700,20260915232500,0,35,0,52,2026091523,2026-09-15 23:29:26
4060277700,20260915232500,0,26,0,12,2026091523,2026-09-15 23:29:26
4060285300,20260915232500,0,13,0,30,2026091523,2026-09-15 23:29:26
4060284800,20260915232500,0,15,0,30,2026091523,2026-09-15 23:29:26
4060292400,20260915232500,0,28,0,23,2026091523,2026-09-15 23:29:26
4060278100,20260915232500,0,36,0,63,2026091523,2026-09-15 23:29:26
4060280400,20260915232500,0,32,0,3,2026091523,2026-09-15 23:29:26
4060289600,20260915232500,0,31,0,57,2026091523,2026-09-15 23:29:26
4060291900,20260915232500,0,30,0,31,2026091523,2026-09-15 23:29:26
4060277600,20260915232500,0,27,0,11,2026091523,2026-09-15 23:29:26
4060285200,20260915232500,0,20,0,19,2026091523,2026-09-15 23:29:26
4060284700,20260915232500,0,14,0,13,2026091523,2026-09-15 23:29:26
4060292300,20260915232500,0,37,0,17,2026091523,2026-09-15 23:29:26
4060278000,20260915232500,0,43,0,54,2026091523,2026-09-15 23:29:26
4060280300,20260915232500,0,31,0,5,2026091523,2026-09-15 23:29:26
4060289500,20260915232500,0,68,0,117,2026091523,2026-09-15 23:29:26
4060291800,20260915232500,0,26,0,36,2026091523,2026-09-15 23:29:26
4060277500,20260915232500,0,21,0,46,2026091523,2026-09-15 23:29:26
4060285100,20260915232500,0,34,0,14,2026091523,2026-09-15 23:29:26
4060284600,20260915232500,0,31,0,6,2026091523,2026-09-15 23:29:26
4060292200,20260915232500,0,39,0,16,2026091523,2026-09-15 23:29:26
4060280200,20260915232500,0,29,0,5,2026091523,2026-09-15 23:29:26
4060289400,20260915232500,0,49,0,163,2026091523,2026-09-15 23:29:26
4060291700,20260915232500,0,32,0,31,2026091523,2026-09-15 23:29:26
4060277400,20260915232500,0,27,0,36,2026091523,2026-09-15 23:29:26
4060285000,20260915232500,0,28,0,17,2026091523,2026-09-15 23:29:26
4060288900,20260915232500,0,25,0,9,2026091523,2026-09-15 23:29:26
4060276900,20260915232500,0,30,0,27,2026091523,2026-09-15 23:29:26
4060284500,20260915232500,0,30,0,17,2026091523,2026-09-15 23:29:26
4060292100,20260915232500,0,26,0,34,2026091523,2026-09-15 23:29:26
4060280100,20260915232500,0,23,0,25,2026091523,2026-09-15 23:29:26
4060289300,20260915232500,0,23,0,21,2026091523,2026-09-15 23:29:26
4060291600,20260915232500,0,30,0,32,2026091523,2026-09-15 23:29:26
4060277300,20260915232500,0,23,0,14,2026091523,2026-09-15 23:29:26
4060288800,20260915232500,0,20,0,12,2026091523,2026-09-15 23:29:26
4060276800,20260915232500,0,27,0,30,2026091523,2026-09-15 23:29:26
4060284400,20260915232500,0,18,0,26,2026091523,2026-09-15 23:29:26
4060292000,20260915232500,0,24,0,36,2026091523,2026-09-15 23:29:26
4060280000,20260915232500,0,28,0,23,2026091523,2026-09-15 23:29:26
4060283900,20260915232500,0,8,0,8,2026091523,2026-09-15 23:29:26
4060289200,20260915232500,0,22,0,22,2026091523,2026-09-15 23:29:26
4060291500,20260915232500,0,29,0,52,2026091523,2026-09-15 23:29:26
4060277200,20260915232500,0,22,0,16,2026091523,2026-09-15 23:29:26
4060288700,20260915232500,0,34,0,22,2026091523,2026-09-15 23:29:26
4060296300,20260915232500,0,27,0,60,2026091523,2026-09-15 23:29:26
4060276700,20260915232500,0,21,0,31,2026091523,2026-09-15 23:29:26
4060284300,20260915232500,0,30,0,4,2026091523,2026-09-15 23:29:26
4060283800,20260915232500,0,12,0,5,2026091523,2026-09-15 23:29:26
4060289100,20260915232500,0,25,0,14,2026091523,2026-09-15 23:29:26
4060291400,20260915232500,0,30,0,50,2026091523,2026-09-15 23:29:26
4060277100,20260915232500,0,37,0,68,2026091523,2026-09-15 23:29:26
4060288600,20260915232500,0,30,0,26,2026091523,2026-09-15 23:29:26
4060290900,20260915232500,0,36,0,19,2026091523,2026-09-15 23:29:26
4060296200,20260915232500,0,36,0,46,2026091523,2026-09-15 23:29:26
4060276600,20260915232500,0,19,0,38,2026091523,2026-09-15 23:29:26
4060284200,20260915232500,0,51,0,2,2026091523,2026-09-15 23:29:26
4060283700,20260915232500,0,22,0,12,2026091523,2026-09-15 23:29:26
4060289000,20260915232500,0,21,0,16,2026091523,2026-09-15 23:29:26
4060291300,20260915232500,0,35,0,62,2026091523,2026-09-15 23:29:26
4060277000,20260915232500,0,34,0,75,2026091523,2026-09-15 23:29:26
4060288500,20260915232500,0,24,0,17,2026091523,2026-09-15 23:29:26
4060290800,20260915232500,0,22,0,32,2026091523,2026-09-15 23:29:26
4060276500,20260915232500,0,44,0,61,2026091523,2026-09-15 23:29:26
4060284100,20260915232500,0,17,0,9,2026091523,2026-09-15 23:29:26
4060190700,20260915232500,0,17,0,42,2026091523,2026-09-15 23:29:26
4060283600,20260915232500,0,20,0,14,2026091523,2026-09-15 23:29:26
4060291200,20260915232500,0,34,0,63,2026091523,2026-09-15 23:29:26
4060288400,20260915232500,0,24,0,17,2026091523,2026-09-15 23:29:26
4060290700,20260915232500,0,32,0,60,2026091523,2026-09-15 23:29:26
4060276400,20260915232500,0,45,0,61,2026091523,2026-09-15 23:29:26
4060284000,20260915232500,0,20,0,8,2026091523,2026-09-15 23:29:26
4060190600,20260915232500,0,27,0,26,2026091523,2026-09-15 23:29:26
4060287900,20260915232500,0,55,0,16,2026091523,2026-09-15 23:29:26
4060295500,20260915232500,0,38,0,13,2026091523,2026-09-15 23:29:26
4060283500,20260915232500,0,17,0,9,2026091523,2026-09-15 23:29:26
4060291100,20260915232500,0,36,0,14,2026091523,2026-09-15 23:29:26
4060288300,20260915232500,0,25,0,14,2026091523,2026-09-15 23:29:26
4060290600,20260915232500,0,32,0,59,2026091523,2026-09-15 23:29:26
4060276300,20260915232500,0,54,0,157,2026091523,2026-09-15 23:29:26
4060287800,20260915232500,0,55,0,16,2026091523,2026-09-15 23:29:26
4060295400,20260915232500,0,34,0,16,2026091523,2026-09-15 23:29:26
4060283400,20260915232500,0,17,0,9,2026091523,2026-09-15 23:29:26
4060291000,20260915232500,0,30,0,17,2026091523,2026-09-15 23:29:26
4060294900,20260915232500,0,54,0,16,2026091523,2026-09-15 23:29:26
4060282900,20260915232500,0,18,0,31,2026091523,2026-09-15 23:29:26
4060288200,20260915232500,0,23,0,16,2026091523,2026-09-15 23:29:26
4060290500,20260915232500,0,27,0,9,2026091523,2026-09-15 23:29:26
4060276200,20260915232500,0,57,0,148,2026091523,2026-09-15 23:29:26
4060287700,20260915232500,0,24,0,53,2026091523,2026-09-15 23:29:26
4060295300,20260915232500,0,47,0,11,2026091523,2026-09-15 23:29:26
4060283300,20260915232500,0,28,0,17,2026091523,2026-09-15 23:29:26
4060294800,20260915232500,0,34,0,25,2026091523,2026-09-15 23:29:26
4060282800,20260915232500,0,30,0,16,2026091523,2026-09-15 23:29:26
4060288100,20260915232500,0,31,0,6,2026091523,2026-09-15 23:29:26
4060290400,20260915232500,0,27,0,10,2026091523,2026-09-15 23:29:26
4060276100,20260915232500,0,54,0,45,2026091523,2026-09-15 23:29:26
4060287600,20260915232500,0,21,0,60,2026091523,2026-09-15 23:29:26
4060295200,20260915232500,0,54,0,9,2026091523,2026-09-15 23:29:26
4060283200,20260915232500,0,17,0,23,2026091523,2026-09-15 23:29:26
4060282700,20260915232500,0,31,0,11,2026091523,2026-09-15 23:29:26
4060288000,20260915232500,0,27,0,7,2026091523,2026-09-15 23:29:26
4060290300,20260915232500,0,27,0,31,2026091523,2026-09-15 23:29:26
4060276000,20260915232500,0,56,0,43,2026091523,2026-09-15 23:29:26
4060279900,20260915232500,0,47,0,196,2026091523,2026-09-15 23:29:26
4060287500,20260915232500,0,20,0,21,2026091523,2026-09-15 23:29:26
4060295100,20260915232500,0,51,0,103,2026091523,2026-09-15 23:29:26
4060283100,20260915232500,0,16,0,10,2026091523,2026-09-15 23:29:26
4050102000,20260915232500,0,19,0,30,2026091523,2026-09-15 23:29:26
4060031800,20260915232500,0,18,0,94,2026091523,2026-09-15 23:29:26
4060252000,20260915232500,0,31,0,46,2026091523,2026-09-15 23:29:26
4060037100,20260915232500,0,27,0,5,2026091523,2026-09-15 23:29:26
4050549800,20260915232500,0,48,0,12,2026091523,2026-09-15 23:29:26
4050502300,20260915232500,0,32,0,19,2026091523,2026-09-15 23:29:26
4060300900,20260915232500,0,20,0,7,2026091523,2026-09-15 23:29:26
4060521100,20260915232500,0,29,0,64,2026091523,2026-09-15 23:29:26
4050151800,20260915232500,0,17,0,50,2026091523,2026-09-15 23:29:26
4060437400,20260915232500,0,31,0,39,2026091523,2026-09-15 23:29:26
4050372000,20260915232500,0,41,0,25,2026091523,2026-09-15 23:29:26
4050288300,20260915232500,0,49,0,20,2026091523,2026-09-15 23:29:26
4060086900,20260915232500,0,22,0,11,2026091523,2026-09-15 23:29:26
4050557400,20260915232500,0,42,0,194,2026091523,2026-09-15 23:29:26
4050426200,20260915232500,0,27,0,95,2026091523,2026-09-15 23:29:26
4060224800,20260915232500,0,50,0,4,2026091523,2026-09-15 23:29:26
4050290600,20260915232500,0,29,0,81,2026091523,2026-09-15 23:29:26
4060094500,20260915232500,0,29,0,15,2026091523,2026-09-15 23:29:26
4050344800,20260915232500,0,51,0,9,2026091523,2026-09-15 23:29:26
4050213600,20260915232500,0,16,0,13,2026091523,2026-09-15 23:29:26
4050129900,20260915232500,0,20,0,17,2026091523,2026-09-15 23:29:26
4060494800,20260915232500,0,29,0,5,2026091523,2026-09-15 23:29:26
4060363600,20260915232500,0,17,0,9,2026091523,2026-09-15 23:29:26
4060232400,20260915232500,0,27,0,94,2026091523,2026-09-15 23:29:26
4060101200,20260915232500,0,16,0,10,2026091523,2026-09-15 23:29:26
4060017500,20260915232500,0,43,0,24,2026091523,2026-09-15 23:29:26
4050083300,20260915232500,0,19,0,23,2026091523,2026-09-15 23:29:26
4060501500,20260915232500,0,32,0,18,2026091523,2026-09-15 23:29:26
4050352400,20260915232500,0,36,0,119,2026091523,2026-09-15 23:29:26
4050268700,20260915232500,0,46,0,2,2026091523,2026-09-15 23:29:26
4050221200,20260915232500,0,53,0,83,2026091523,2026-09-15 23:29:26
4050137500,20260915232500,0,30,0,15,2026091523,2026-09-15 23:29:26
4060371200,20260915232500,0,41,0,44,2026091523,2026-09-15 23:29:26
4060240000,20260915232500,0,39,0,23,2026091523,2026-09-15 23:29:26
4060025100,20260915232500,0,31,0,79,2026091523,2026-09-15 23:29:26
4050537800,20260915232500,0,35,0,54,2026091523,2026-09-15 23:29:26
4050491200,20260915232500,0,44,0,1,2026091523,2026-09-15 23:29:26
4050276300,20260915232500,0,56,0,17,2026091523,2026-09-15 23:29:26
4050145100,20260915232500,0,22,0,62,2026091523,2026-09-15 23:29:26
4060074900,20260915232500,0,6,0,71,2026091523,2026-09-15 23:29:26
4050545400,20260915232500,0,47,0,183,2026091523,2026-09-15 23:29:26
4060212800,20260915232500,0,53,0,7,2026091523,2026-09-15 23:29:26
4050194900,20260915232500,0,22,0,12,2026091523,2026-09-15 23:29:26
4060433000,20260915232500,0,47,0,2,2026091523,2026-09-15 23:29:26
4050063700,20260915232500,0,4,0,134,2026091523,2026-09-15 23:29:26
4060349300,20260915232500,0,33,0,14,2026091523,2026-09-15 23:29:26
4060218100,20260915232500,0,29,0,21,2026091523,2026-09-15 23:29:26
4050069000,20260915232500,0,5,0,78,2026091523,2026-09-15 23:29:26
4060082500,20260915232500,0,40,0,6,2026091523,2026-09-15 23:29:26
4050332800,20260915232500,0,51,0,10,2026091523,2026-09-15 23:29:26
4050117900,20260915232500,0,18,0,25,2026091523,2026-09-15 23:29:26
4050469300,20260915232500,0,50,0,83,2026091523,2026-09-15 23:29:26
4050338100,20260915232500,0,35,0,5,2026091523,2026-09-15 23:29:26
4060482800,20260915232500,0,49,0,16,2026091523,2026-09-15 23:29:26
4060351600,20260915232500,0,11,0,48,2026091523,2026-09-15 23:29:26
4060267900,20260915232500,0,22,0,99,2026091523,2026-09-15 23:29:26
4060220400,20260915232500,0,39,0,21,2026091523,2026-09-15 23:29:26
4060136700,20260915232500,0,36,0,15,2026091523,2026-09-15 23:29:26
4050071300,20260915232500,0,24,0,24,2026091523,2026-09-15 23:29:26
4050601900,20260915232500,0,47,0,46,2026091523,2026-09-15 23:29:26
4050607200,20260915232500,0,20,0,56,2026091523,2026-09-15 23:29:26
4060090102,20260915232500,0,29,0,40,2026091523,2026-09-15 23:29:26
4060090101,20260915232500,0,30,0,9,2026091523,2026-09-15 23:29:26
4060405800,20260915232500,0,32,0,26,2026091523,2026-09-15 23:29:26
4050471600,20260915232500,0,44,0,24,2026091523,2026-09-15 23:29:26
4050387900,20260915232500,0,30,0,7,2026091523,2026-09-15 23:29:26
4050340400,20260915232500,0,31,0,13,2026091523,2026-09-15 23:29:26
4050256700,20260915232500,0,60,0,2,2026091523,2026-09-15 23:29:26
4060490400,20260915232500,0,37,0,8,2026091523,2026-09-15 23:29:26
4060275500,20260915232500,0,28,0,8,2026091523,2026-09-15 23:29:26
4050525800,20260915232500,0,31,0,29,2026091523,2026-09-15 23:29:26
4060329700,20260915232500,0,45,0,204,2026091523,2026-09-15 23:29:26
4050264300,20260915232500,0,34,0,4,2026091523,2026-09-15 23:29:26
4050133100,20260915232500,0,12,0,25,2026091523,2026-09-15 23:29:26
4060062900,20260915232500,0,27,0,9,2026091523,2026-09-15 23:29:26
4060199400,20260915232500,0,43,0,9,2026091523,2026-09-15 23:29:26
4060068200,20260915232500,0,19,0,38,2026091523,2026-09-15 23:29:26
4050449700,20260915232500,0,40,0,21,2026091523,2026-09-15 23:29:26
4050402200,20260915232500,0,44,0,20,2026091523,2026-09-15 23:29:26
4050318500,20260915232500,0,79,0,3,2026091523,2026-09-15 23:29:26
4060200800,20260915232500,0,48,0,58,2026091523,2026-09-15 23:29:26
4060468500,20260915232500,0,36,0,23,2026091523,2026-09-15 23:29:26
4060421000,20260915232500,0,51,0,65,2026091523,2026-09-15 23:29:26
4060337300,20260915232500,0,39,0,34,2026091523,2026-09-15 23:29:26
4060206100,20260915232500,0,29,0,4,2026091523,2026-09-15 23:29:26
4050188200,20260915232500,0,26,0,11,2026091523,2026-09-15 23:29:26
4060070500,20260915232500,0,17,0,15,2026091523,2026-09-15 23:29:26
4050320800,20260915232500,0,40,0,6,2026091523,2026-09-15 23:29:26
4050588500,20260915232500,0,66,0,44,2026091523,2026-09-15 23:29:26
4050541000,20260915232500,0,48,0,123,2026091523,2026-09-15 23:29:26
4050105900,20260915232500,0,14,0,30,2026091523,2026-09-15 23:29:26
4050326100,20260915232500,0,35,0,27,2026091523,2026-09-15 23:29:26
4060255900,20260915232500,0,41,0,28,2026091523,2026-09-15 23:29:26
4060124700,20260915232500,0,41,0,22,2026091523,2026-09-15 23:29:26
4050190500,20260915232500,0,25,0,52,2026091523,2026-09-15 23:29:26
4060476100,20260915232500,0,28,0,24,2026091523,2026-09-15 23:29:26
4050590800,20260915232500,0,22,0,34,2026091523,2026-09-15 23:29:26
4050375900,20260915232500,0,51,0,146,2026091523,2026-09-15 23:29:26
4050113500,20260915232500,0,16,0,26,2026091523,2026-09-15 23:29:26
4060394700,20260915232500,0,18,0,53,2026091523,2026-09-15 23:29:26
4060263500,20260915232500,0,39,0,57,2026091523,2026-09-15 23:29:26
4060179800,20260915232500,0,35,0,8,2026091523,2026-09-15 23:29:26
4060251300,20260915232500,0,39,0,21,2026091523,2026-09-15 23:29:26
4060251200,20260915232500,0,43,0,19,2026091523,2026-09-15 23:29:26
4060500400,20260915232500,0,57,0,37,2026091523,2026-09-15 23:29:26
4050618701,20260915232500,0,56,0,19,2026091523,2026-09-15 23:29:26
4050618601,20260915232500,0,50,0,22,2026091523,2026-09-15 23:29:26
4050621301,20260915232500,0,52,0,21,2026091523,2026-09-15 23:29:26
4050621501,20260915232500,0,52,0,56,2026091523,2026-09-15 23:29:26
4050621401,20260915232500,0,52,0,56,2026091523,2026-09-15 23:29:26
4050621201,20260915232500,0,52,0,21,2026091523,2026-09-15 23:29:26
4050094900,20260915232500,0,48,0,32,2026091523,2026-09-15 23:29:26
4050624703,20260915232500,0,68,0,23,2026091523,2026-09-15 23:29:26
4050624702,20260915232500,0,68,0,23,2026091523,2026-09-15 23:29:26
4050624700,20260915232500,0,68,0,22,2026091523,2026-09-15 23:29:26
4050624404,20260915232500,0,67,0,22,2026091523,2026-09-15 23:29:26
4050624403,20260915232500,0,66,0,23,2026091523,2026-09-15 23:29:26
4050624402,20260915232500,0,66,0,23,2026091523,2026-09-15 23:29:26
4050624400,20260915232500,0,67,0,22,2026091523,2026-09-15 23:29:26
4050624002,20260915232500,0,67,0,18,2026091523,2026-09-15 23:29:26
4050624000,20260915232500,0,67,0,17,2026091523,2026-09-15 23:29:26
